<?xml version="1.0" encoding="utf-8"?>
<COLLADA xmlns="http://www.collada.org/2005/11/COLLADASchema" version="1.4.1" xmlns:xsi="http://www.w3.org/2001/XMLSchema-instance">
  <asset>
    <contributor>
      <author>Blender User</author>
      <authoring_tool>Blender 4.2.3 LTS commit date:2024-10-14, commit time:15:20, hash:0e22e4fcea03</authoring_tool>
    </contributor>
    <created>2024-10-17T14:23:29</created>
    <modified>2024-10-17T14:23:29</modified>
    <unit name="meter" meter="1"/>
    <up_axis>Z_UP</up_axis>
  </asset>
  <library_effects>
    <effect id="blank_metal-effect">
      <profile_COMMON>
        <technique sid="common">
          <lambert>
            <emission>
              <color sid="emission">0 0 0 1</color>
            </emission>
            <diffuse>
              <color sid="diffuse">0.8 0.8 0.8 1</color>
            </diffuse>
            <reflectivity>
              <float sid="specular">1</float>
            </reflectivity>
            <index_of_refraction>
              <float sid="ior">1.5</float>
            </index_of_refraction>
          </lambert>
        </technique>
      </profile_COMMON>
    </effect>
    <effect id="green_glass-effect">
      <profile_COMMON>
        <technique sid="common">
          <lambert>
            <emission>
              <color sid="emission">0 0 0 1</color>
            </emission>
            <diffuse>
              <color sid="diffuse">0.02823426 0.0500427 0.03072712 1</color>
            </diffuse>
            <index_of_refraction>
              <float sid="ior">1.5</float>
            </index_of_refraction>
          </lambert>
        </technique>
      </profile_COMMON>
    </effect>
    <effect id="silver_metal-effect">
      <profile_COMMON>
        <technique sid="common">
          <lambert>
            <emission>
              <color sid="emission">0 0 0 1</color>
            </emission>
            <diffuse>
              <color sid="diffuse">0.8 0.8 0.8 1</color>
            </diffuse>
            <reflectivity>
              <float sid="specular">0.6833333</float>
            </reflectivity>
            <index_of_refraction>
              <float sid="ior">1.5</float>
            </index_of_refraction>
          </lambert>
        </technique>
      </profile_COMMON>
    </effect>
  </library_effects>
  <library_images/>
  <library_materials>
    <material id="blank_metal-material" name="blank_metal">
      <instance_effect url="#blank_metal-effect"/>
    </material>
    <material id="green_glass-material" name="green_glass">
      <instance_effect url="#green_glass-effect"/>
    </material>
    <material id="silver_metal-material" name="silver_metal">
      <instance_effect url="#silver_metal-effect"/>
    </material>
  </library_materials>
  <library_geometries>
    <geometry id="shape0_003-mesh" name="shape0.003">
      <mesh>
        <source id="shape0_003-mesh-positions">
          <float_array id="shape0_003-mesh-positions-array" count="9630">-0.00549978 0.03016936 -0.003646433 -0.00549978 0.03536933 -0.004150509 -0.005421698 0.03016936 -0.004948735 -0.005367159 0.03536933 -0.005144715 -0.005044162 0.03536933 -0.006104528 -0.005014836 0.03016936 -0.006170451 -0.004564046 0.03536933 -0.006985127 -0.004517793 0.03016936 -0.007052421 -0.003723144 0.03536933 -0.007967531 -0.003658711 0.03016936 -0.008025527 -0.002543091 0.03536933 -0.00879234 -0.002593576 0.03016936 -0.008759379 -0.001386165 0.03016936 -0.009236395 -0.001051127 0.03536933 -0.009319365 -2.52857e-4 0.03016936 -0.009397447 3.90668e-4 0.03536933 -0.009393692 0.001049399 0.03016936 -0.009319365 0.00180006 0.03536933 -0.009118199 0.002541363 0.03016936 -0.00879234 0.003085732 0.03536933 -0.008461713 0.003721415 0.03016936 -0.007967531 0.004068195 0.03536933 -0.007620751 0.004562437 0.03016936 -0.006985068 0.004893004 0.03536933 -0.006440699 0.005104422 0.03016936 -0.005968928 0.005346357 0.03536933 -0.005224287 0.005479216 0.03016936 -0.004574716 0.005513727 0.03536933 -0.003941833 0.005439043 0.03016936 -0.002992987 0.005390942 0.03536933 -0.002789199 0.005002021 0.03536933 -0.00156188 0.005125224 0.03016936 -0.001892089 0.004524171 0.03016936 -7.3417e-4 0.004214644 0.03536933 -3.51713e-4 0.00354582 0.03016936 3.17105e-4 0.003275632 0.03536933 5.37405e-4 0.002464115 0.03016936 0.001034677 0.002271115 0.03536933 0.0011155 0.001049399 0.03536933 0.001522362 0.001245379 0.03016936 0.001467764 2.51165e-4 0.03016936 0.001600444 -2.52867e-4 0.03536933 0.001600444 -0.001051127 0.03016936 0.001522362 -0.001247107 0.03536933 0.001467764 -0.002335667 0.03536933 0.001091361 -0.002272784 0.03016936 0.0011155 -0.003154814 0.03016936 6.18468e-4 -0.003207147 0.03536933 5.76078e-4 -0.004069924 0.03536933 -1.7624e-4 -0.004127919 0.03016936 -2.40672e-4 -0.004894673 0.03536933 -0.001356244 -0.004934012 0.03016936 -0.001433491 -0.005421698 0.03536933 -0.002848207 -0.005367159 0.03016936 -0.002652227 0.007693052 0.0259183 3.18499e-4 0.008298993 0.02656942 1.44798e-6 0.008292376 0.02591776 3.14961e-4 0.007699012 0.02656942 1.44798e-6 0.007672548 0.02656942 7.63106e-4 0.007671415 0.02591949 7.52678e-4 0.007215559 0.02591687 7.82752e-4 0.006899058 0.02656942 8.01438e-4 0.008325517 0.02656942 7.63106e-4 0.00832659 0.02591943 7.52673e-4 0.008781075 0.02591574 7.60357e-4 0.009099006 0.02656942 8.01438e-4 0.007999002 0.02546942 0.001101434 0.0072124 0.02591621 0.001395225 0.009099006 0.02656942 0.001401424 0.006899058 0.02656942 0.001401424 0.008325278 0.02656942 0.001439988 0.008326351 0.02591913 0.001450479 0.008789479 0.02591639 0.001415073 0.008306324 0.0259183 0.001884102 0.008298993 0.02656942 0.002201378 0.007705688 0.02591782 0.001887977 0.007365822 0.02591937 0.001649677 0.007699012 0.02656942 0.002201378 0.007672548 0.02656942 0.00143975 0.007671415 0.02591943 0.001450181 0.008320152 0.02656942 0.003030061 0.007572472 0.0265696 0.003028512 0.006281077 0.02656948 0.002052903 0.006055235 0.02654874 0.00153464 0.008950531 0.02656948 0.002819359 0.009567022 0.02656948 0.002283811 0.006701111 0.02655458 0.00260812 0.008439958 0.02655071 -8.36729e-4 0.007876813 0.02656948 -8.5465e-4 0.009142041 0.02656954 -5.00094e-4 0.009771406 0.0265696 2.37477e-4 0.006339848 0.02656954 4.37883e-5 0.009962916 0.02655148 0.001445889 0.009959459 0.02656948 0.001085162 0.006060123 0.02656948 8.10737e-4 0.00704348 0.0265696 -6.23298e-4 0.007884383 0.02651965 -9.0536e-4 0.007275462 0.02651953 -7.68886e-4 0.006686568 0.02651965 -4.26552e-4 0.006231844 0.02651959 1.48141e-4 0.006001293 0.02651965 8.44141e-4 0.006260395 0.02651959 0.002111673 0.007186174 0.02651959 0.002940654 0.00784409 0.02651947 0.003102958 0.008576512 0.02651965 0.003031075 0.009353637 0.02651977 0.002597332 0.009813666 0.02651959 0.001960933 0.009989023 0.02651959 8.33939e-4 0.009808957 0.02651959 2.32078e-4 0.009416937 0.02651959 -3.24391e-4 0.008904755 0.02651953 -6.8778e-4 0.008252143 0.0256192 0.003100097 0.008866965 0.02558261 0.002889752 0.0094949 0.02561908 0.002456009 0.009909689 0.02561926 0.001728117 0.01000636 0.02561932 0.001054286 0.009862065 0.0256192 3.35811e-4 0.009424865 0.02561926 -3.16505e-4 0.008918881 0.0255813 -6.60787e-4 0.008421123 0.02561932 -8.59046e-4 0.007846653 0.02561938 -9.00597e-4 0.007321953 0.02558517 -7.69457e-4 0.006781041 0.02561932 -4.94864e-4 0.006379723 0.02561932 -8.15753e-5 0.006069302 0.0256192 5.23957e-4 0.006001293 0.0256192 0.001358687 0.006254792 0.02561926 0.002102017 0.006653189 0.02561932 0.002588152 0.007083892 0.02561932 0.002885818 0.007576942 0.02561932 0.00306189 0.00813806 0.02556943 0.003053903 0.00951761 0.02556937 0.002352535 0.009934663 0.02556931 0.001477241 0.009886622 0.02556937 5.59475e-4 0.009532809 0.02556943 -1.19712e-4 0.008121907 0.02556943 -8.54348e-4 0.00677371 0.02556937 -4.38082e-4 0.00625962 0.02556943 1.96915e-4 0.006042599 0.02556937 9.30955e-4 0.006129443 0.02556943 0.001691758 0.006525695 0.02556937 0.002405524 0.007325053 0.02556931 0.002954423 0.009137153 0.02556115 0.001441776 0.00913155 0.02556055 7.20284e-4 0.008595049 0.02556937 0.002230942 0.008645176 0.02556127 1.02523e-4 0.007788181 0.02556931 -1.68269e-4 0.007065713 0.02556157 3.71243e-4 0.00671786 0.0255692 0.001314461 0.007161557 0.02556055 0.001945257 0.007981956 0.02547657 0.002152085 0.007781267 0.02556312 0.002284884 0.007490217 0.02544623 0.002013862 0.007074415 0.02544713 0.001602172 0.006815493 0.02554744 0.001122057 0.006957411 0.02544575 0.001032769 0.007148981 0.02544587 4.84581e-4 0.007607758 0.02544599 1.33324e-4 0.007764339 0.02554816 -6.22738e-5 0.00807327 0.02544921 6.13544e-5 0.007026553 0.0253117 8.50131e-4 0.007186889 0.02529317 5.08087e-4 0.00750041 0.02527225 2.29184e-4 0.007814288 0.02525079 1.14069e-4 0.007734477 0.02536904 0.002077519 0.007303416 0.025357 0.00184226 0.00701344 0.02533203 0.001344561 0.008589982 0.02544766 2.31042e-4 0.008954226 0.02544498 6.83293e-4 0.00903964 0.02544605 0.00124377 0.008784234 0.025451 0.001797378 0.008655309 0.02554738 0.002085924 0.008369803 0.02544307 0.002073824 0.00824356 0.02522706 1.29001e-4 0.008486509 0.02520692 2.25778e-4 0.008749067 0.02518618 4.37249e-4 0.009007155 0.02531945 9.74881e-4 0.008890926 0.02531594 0.001586198 0.008546352 0.02534061 0.001943767 0.008145391 0.02537566 0.002112209 0.008482098 0.02527886 0.001851558 0.008534967 0.02521306 0.0019477 0.007369875 0.02517253 0.001449644 0.007313251 0.02513897 0.001075506 0.007469058 0.02509617 6.7796e-4 0.00778222 0.02506089 4.77827e-4 0.008075654 0.02503281 4.4522e-4 0.007685899 0.02521306 0.00178349 0.008114814 0.02525156 0.00189644 0.007737815 0.02508258 0.002079606 0.008087933 0.02504146 0.002114534 0.008219242 0.0251432 0.002082765 0.008594036 0.02507805 0.001914978 0.008876383 0.02510637 0.001593828 0.009011387 0.02513688 0.001137316 0.008919358 0.02516496 6.98874e-4 0.007637262 0.02486246 1.5911e-4 0.007293045 0.02489143 3.84018e-4 0.007047474 0.02492123 7.4976e-4 0.006993353 0.02496194 0.00123769 0.007155597 0.02499455 0.001663386 0.007353484 0.02503699 0.001870989 0.007536113 0.02500718 0.00199896 0.008121669 0.0248301 9.15504e-5 0.008107662 0.02383005 0.002110838 0.007598876 0.02379703 0.002033531 0.008078694 0.02362966 0.001752972 0.008652925 0.02386915 0.001892626 0.008382081 0.02366244 0.001638591 0.008574783 0.02369076 0.001416563 0.008966624 0.0239073 0.001384139 0.0090065 0.02393472 9.68529e-4 0.008661806 0.02372801 0.001061379 0.008822917 0.02396601 5.17185e-4 0.008551895 0.0237596 7.42582e-4 0.008533954 0.02399033 2.43645e-4 0.008301079 0.02379447 5.1647e-4 0.008152365 0.02401727 1.05693e-4 0.007740616 0.02404397 1.21417e-4 0.007874488 0.02383512 4.43535e-4 0.007507979 0.02387869 6.60317e-4 0.007323622 0.02407407 3.4588e-4 0.007075786 0.02410131 6.98319e-4 0.00733453 0.02391993 0.0010432 0.006983101 0.02412897 0.001101315 0.007086992 0.0241571 0.001536309 0.007447183 0.02396386 0.001461982 0.007395684 0.02418875 0.0019176 0.007671713 0.0239923 0.001671612 0.00806725 0.02403301 0.001761436 0.0079723 0.02422708 0.002121508 0.008361935 0.02406513 0.001646459 0.008540689 0.02426654 0.001963436 0.008948922 0.02430605 0.001477479 0.008560657 0.02409231 0.001449406 0.008660137 0.02413004 0.001085698 0.008996129 0.02434176 9.25934e-4 0.008566081 0.02416175 7.70175e-4 0.008821606 0.02437114 5.14508e-4 0.008373141 0.02418988 5.58572e-4 0.0083552 0.02440905 1.41203e-4 0.00803399 0.02422565 4.42177e-4 0.00780034 0.02444428 1.11517e-4 0.007625699 0.02426862 5.49503e-4 0.007430016 0.02447044 2.66726e-4 0.007113754 0.02450019 6.07415e-4 0.007369875 0.024311 8.96227e-4 0.006992876 0.02452707 0.001007854 0.007350742 0.0243411 0.001208901 0.007050395 0.02455717 0.001467168 0.007475733 0.024598 0.001984238 0.007544815 0.0243864 0.001593351 0.007958173 0.02442747 0.001758575 0.008147001 0.02464222 0.002114892 0.008322894 0.02446335 0.001679718 0.008754253 0.02468836 0.001794874 0.008553683 0.02449619 0.001455426 0.008656919 0.02452951 0.001143157 0.008557975 0.02456986 7.32994e-4 0.009022116 0.02473545 0.00111258 0.008856892 0.02477127 5.68501e-4 0.008567094 0.02479869 2.64165e-4 0.008152127 0.0246188 4.5124e-4 0.007735967 0.02465945 4.93463e-4 0.007451355 0.02469748 7.32007e-4 0.007332146 0.02473944 0.001148998 0.007533729 0.02478814 0.001579582 0.007921636 0.02482849 0.0017609 0.00864464 0.02495169 9.59954e-4 0.008451163 0.02499121 6.13238e-4 0.008603096 0.0249083 0.001391589 0.008297622 0.02486664 0.001691579 0.007741808 0.02359628 0.001712799 0.007810771 0.02350747 0.001907289 0.008886694 0.02348828 0.001576721 0.007255315 0.02377122 0.001782 0.007044374 0.02374488 0.001434028 0.006996452 0.02371007 9.09516e-4 0.007314741 0.02367115 3.42968e-4 0.007892668 0.02362823 8.9494e-5 0.008399665 0.02359557 1.70591e-4 0.0088678 0.02355635 5.58045e-4 0.009014844 0.02351629 0.001161932 0.008594334 0.02345997 0.001926183 0.008081436 0.02342528 0.002110064 0.007692933 0.02242588 1.27123e-4 0.008182644 0.0221861 4.64202e-4 0.00780642 0.02222323 4.73544e-4 0.007496714 0.02225875 6.63911e-4 0.007252097 0.02246052 4.17042e-4 0.006994783 0.0224955 9.17951e-4 0.007334053 0.02230459 0.001087427 0.007029175 0.02252656 0.001376152 0.007243931 0.02255576 0.001777589 0.007470607 0.02234631 0.001511514 0.007744789 0.02259415 0.002089917 0.008437156 0.02263981 0.002030789 0.008871316 0.02267789 0.001621425 0.008613765 0.0224846 0.001334846 0.009012877 0.02271389 0.001061797 0.008551061 0.02254408 7.45827e-4 0.008843958 0.02274835 5.48392e-4 0.008425652 0.02278363 1.74587e-4 0.00828588 0.02257966 5.03421e-4 0.007867753 0.02282047 9.4212e-5 0.007826328 0.02262562 4.61256e-4 0.007449507 0.02267175 7.26004e-4 0.007307589 0.02285999 3.46636e-4 0.007007718 0.02289927 8.8021e-4 0.007027804 0.02293264 0.001413285 0.007338464 0.02271008 0.001102149 0.007400214 0.0227378 0.001369357 0.007573544 0.02276664 0.001606225 0.007367551 0.02297043 0.001900732 0.007840991 0.02279597 0.001738309 0.007845282 0.02300459 0.002097547 0.008120834 0.02282458 0.001750111 0.008262217 0.02303081 0.002081871 0.008677124 0.02306205 0.001849293 0.008942365 0.02309179 0.001479625 0.008661687 0.02291148 0.001139938 0.009000241 0.02312839 8.822e-4 0.008684813 0.02316874 3.51516e-4 0.008515954 0.02295863 6.83581e-4 0.008288323 0.02319782 1.35263e-4 0.008092701 0.02300566 4.43777e-4 0.007841408 0.02322596 9.9567e-5 0.007314622 0.02326488 3.44003e-4 0.007427811 0.02308177 7.75715e-4 0.006989717 0.02330851 9.44589e-4 0.007333695 0.02311843 0.001110136 0.007462263 0.02315473 0.001486301 0.00709486 0.02334725 0.001562595 0.007512867 0.02338695 0.002004265 0.007756829 0.02319061 0.001723289 0.008638739 0.02330231 0.001260101 0.008480966 0.02336889 6.39399e-4 0.007595717 0.02345949 5.695e-4 0.007480919 0.02356386 0.001506805 0.007345736 0.02352911 0.001189351 0.007384955 0.02349597 8.67238e-4 0.008080124 0.02341216 4.42046e-4 0.008639872 0.02333331 9.52482e-4 0.008425176 0.02325963 0.001616418 0.008092403 0.02322566 0.00175029 0.007656216 0.0230478 5.27112e-4 0.008472263 0.02286112 0.001576006 0.00864923 0.02252036 9.93493e-4 0.008338391 0.02243977 0.00167793 0.007871627 0.02239418 0.001754701 0.008031666 0.02199959 9.50968e-5 0.008994638 0.02229136 0.001301705 0.008763253 0.0222578 0.001768052 0.008927106 0.02233475 6.66074e-4 0.008410334 0.02238112 1.61987e-4 0.008265376 0.02222096 0.00209093 0.007567763 0.02217495 0.002033412 0.007130801 0.02213793 0.0016281 0.006995201 0.02211046 0.00121051 0.007076323 0.02207565 6.62602e-4 0.007578253 0.02202963 1.7244e-4 0.008024811 0.02079081 0.001761913 0.008284449 0.02100765 0.002071499 0.008660197 0.02103537 0.001869201 0.008414804 0.0208317 0.001620769 0.008988618 0.0210734 0.001365065 0.008615195 0.02091389 8.48776e-4 0.008921921 0.02111899 6.64788e-4 0.008551359 0.02115398 2.50469e-4 0.008387148 0.02094876 5.72923e-4 0.008097767 0.02098065 4.50429e-4 0.008011937 0.02119141 7.88037e-5 0.007737696 0.02101516 4.91846e-4 0.007468998 0.02122813 2.4104e-4 0.007082343 0.02126562 6.57398e-4 0.007341325 0.02109003 0.001097559 0.006990253 0.02129721 0.001160264 0.00745058 0.02112936 0.001488149 0.007169783 0.02133351 0.001705229 0.007694482 0.02137523 0.002073585 0.007987439 0.02119004 0.001771271 0.008265256 0.02141219 0.002081274 0.008397817 0.02123379 0.001627206 0.008669734 0.0214414 0.001857399 0.008637607 0.02127552 0.001288473 0.008942246 0.02147114 0.001478493 0.008977711 0.02151769 7.77233e-4 0.008629679 0.0213117 9.18414e-4 0.008473277 0.02134251 6.4209e-4 0.008443772 0.02156811 1.72147e-4 0.008170306 0.02137684 4.61629e-4 0.007835984 0.02160799 9.81236e-5 0.007382094 0.02163875 2.97982e-4 0.007573962 0.02143949 5.96356e-4 0.007038772 0.02167564 7.52454e-4 0.007369935 0.02147632 9.00759e-4 0.007373154 0.02151864 0.001322388 0.007010936 0.02171355 0.001347601 0.007226943 0.02174359 0.001750528 0.007566452 0.02155089 0.001594364 0.007567882 0.0217719 0.002018213 0.007856965 0.02158337 0.001747786 0.008077621 0.02180516 0.002111852 0.008631467 0.02184069 0.001904368 0.009001255 0.02188545 0.001313924 0.008630692 0.02168041 0.00128895 0.008637726 0.0217148 9.41044e-4 0.008917868 0.02192914 6.43428e-4 0.008254647 0.02177304 4.88701e-4 0.008470356 0.0219711 1.98532e-4 0.007558763 0.02184712 6.09067e-4 0.007364094 0.02188366 9.23497e-4 0.007481992 0.02194386 0.001511812 0.007719635 0.0219736 0.001694798 0.008076369 0.02200955 0.00176382 0.008461654 0.02205258 0.001576364 0.008645117 0.02209019 0.001239478 0.008631765 0.02212047 9.3006e-4 0.008490622 0.02215093 6.6407e-4 0.007354557 0.02191311 0.001233696 0.007840454 0.02181488 4.63626e-4 0.008508503 0.02174168 6.8498e-4 0.008437871 0.02164322 0.001595914 0.008179903 0.02161425 0.001733243 0.00785619 0.0214076 4.59114e-4 0.007437229 0.02105289 7.47881e-4 0.008640885 0.02087211 0.001259982 0.007355868 0.02094346 0.001899659 0.007826864 0.02097988 0.002099275 0.006989657 0.02089995 0.001280486 0.007055759 0.02086478 7.42398e-4 0.007364273 0.02083015 3.00301e-4 0.007994055 0.02078872 8.46492e-5 0.008639633 0.02074456 2.97435e-4 0.008987009 0.02070182 8.64668e-4 0.008970141 0.02066785 0.001387298 0.008775413 0.0206409 0.001745939 0.008425176 0.02061176 0.002024948 0.007205665 0.01956892 0.001288115 0.007079482 0.01970404 0.001570343 0.007527172 0.01956945 0.001664638 0.007885813 0.01956838 0.001763343 0.007582128 0.01974743 0.002029001 0.008074343 0.01977902 0.00210905 0.008506119 0.01980811 0.001980483 0.008837282 0.01983737 0.001667201 0.008651852 0.01966267 0.001210331 0.009021639 0.01987999 0.001054048 0.008563935 0.0197094 7.42686e-4 0.008752226 0.01992398 4.14504e-4 0.008243262 0.01974946 4.90379e-4 0.008333384 0.01995521 1.50071e-4 0.007815957 0.01998996 9.65095e-5 0.007853984 0.01978796 4.52212e-4 0.007328569 0.02002328 3.43234e-4 0.007036626 0.02005648 7.63324e-4 0.007465004 0.01983308 6.9902e-4 0.007343292 0.01987111 0.001055836 0.007016301 0.02009487 0.001356184 0.007414937 0.01990807 0.001419126 0.007239997 0.02012473 0.001770436 0.007594704 0.02015304 0.002032041 0.008253812 0.020195 0.002099573 0.008014082 0.01997745 0.001771152 0.008771777 0.02023541 0.001754879 0.008432447 0.02002185 0.001604318 0.008967995 0.02026247 0.001386582 0.008642673 0.02006292 0.001245796 0.008999824 0.02029204 9.25861e-4 0.008620083 0.02010232 8.57758e-4 0.00873202 0.02033418 3.76847e-4 0.008344709 0.02014493 5.41895e-4 0.008078753 0.02017098 4.48906e-4 0.008010506 0.02038276 7.86029e-5 0.007772743 0.02020245 4.79675e-4 0.007343769 0.02042824 3.20046e-4 0.007499754 0.02023524 6.76344e-4 0.007016539 0.02046686 8.46773e-4 0.007358849 0.02026563 9.43317e-4 0.007382392 0.02030724 0.001347541 0.007041156 0.02050447 0.001466691 0.00761646 0.02034133 0.001637697 0.007384419 0.02054232 0.001906871 0.007875263 0.02057677 0.002113401 0.007909953 0.02037346 0.001754879 0.008271813 0.02040946 0.001703679 0.008546411 0.02044439 0.001471281 0.008647501 0.02047407 0.001196444 0.008633673 0.02050042 9.07885e-4 0.008439838 0.02053701 6.15498e-4 0.008180737 0.02056688 4.67025e-4 0.007748663 0.02061039 4.84656e-4 0.007639288 0.02074861 0.001663267 0.007389485 0.02071142 0.001354515 0.007343411 0.02067989 0.001047074 0.007430791 0.02065175 7.66887e-4 0.007664084 0.01994234 0.001666486 0.008397758 0.01961344 0.001653015 0.00700438 0.01966106 9.04387e-4 0.007236719 0.01956921 6.0495e-4 0.007257342 0.01962476 3.99039e-4 0.00774914 0.01958268 1.21875e-4 0.008141994 0.01956456 9.33624e-5 0.008842408 0.01957011 8.54727e-4 0.008640229 0.01956969 4.31556e-4 0.00872755 0.01956987 0.001420319 0.008386492 0.01956993 0.001726746 -0.008307993 0.02591836 3.18674e-4 -0.007700741 0.02656942 1.44798e-6 -0.007707357 0.02591776 3.14961e-4 -0.008300721 0.02656942 1.44798e-6 -0.008327066 0.02656942 7.63022e-4 -0.008328139 0.02591949 7.52543e-4 -0.008783936 0.02591663 7.83109e-4 -0.009100675 0.02656942 8.01438e-4 -0.007674217 0.02656942 7.63106e-4 -0.007673144 0.02591943 7.52673e-4 -0.007218897 0.02591544 7.60664e-4 -0.006900727 0.02656942 8.01438e-4 -0.008000731 0.02546942 0.001101434 -0.00878787 0.02591675 0.001395285 -0.006900727 0.02656942 0.001401424 -0.009100675 0.02656942 0.001401424 -0.007674336 0.02656942 0.001439929 -0.007673203 0.02591913 0.0014503 -0.007210016 0.02591663 0.001415133 -0.007694721 0.0259183 0.001884341 -0.007700741 0.02656942 0.002201378 -0.008294045 0.02591776 0.001887857 -0.00863403 0.02591937 0.001649498 -0.008300721 0.02656942 0.002201378 -0.008327245 0.02656942 0.00143975 -0.008328318 0.02591943 0.001450181 -0.009946644 0.02656954 8.1011e-4 -0.00812292 0.02656948 -8.5465e-4 -0.008956253 0.0265696 -6.23299e-4 -0.007063567 0.02655529 0.002855122 -0.008923292 0.02656948 0.002835035 -0.009890198 0.02656948 0.001624464 -0.007478415 0.02655249 -8.1839e-4 -0.007982432 0.02656966 0.00307542 -0.009548664 0.02656948 0.002309918 -0.009628415 0.02656948 2.69453e-6 -0.006696581 0.02656954 -3.71851e-4 -0.006432712 0.02656948 0.002283811 -0.006181597 0.02655524 3.05549e-4 -0.006036818 0.02655148 0.001445889 -0.006038069 0.02656948 0.001033544 -0.008115351 0.02651965 -9.0536e-4 -0.00892204 0.02651977 -6.94093e-4 -0.009566962 0.02651959 -1.59674e-4 -0.009874761 0.02651953 3.87652e-4 -0.0100091 0.02651959 0.001001834 -0.009911417 0.02651959 0.001728057 -0.009496629 0.02651977 0.002456009 -0.00881356 0.02651959 0.002940654 -0.008155643 0.02651947 0.003102958 -0.007578611 0.02651953 0.00306189 -0.006574928 0.02651959 0.002519369 -0.006186068 0.02651959 0.001960933 -0.006010711 0.02651959 8.3395e-4 -0.006381392 0.02651953 -8.15713e-5 -0.006864488 0.02651965 -5.61769e-4 -0.00774759 0.0256192 0.003100097 -0.007111787 0.025586 0.002880454 -0.006504833 0.02561908 0.002456009 -0.006090044 0.02561926 0.001728117 -0.005995333 0.02561932 0.001106679 -0.006073951 0.02561932 5.36399e-4 -0.006351888 0.02558767 -1.74276e-5 -0.006855189 0.0256192 -5.55358e-4 -0.007526695 0.02561932 -8.49711e-4 -0.008304297 0.02561908 -8.94436e-4 -0.009045183 0.02561932 -6.13416e-4 -0.009367406 0.02558213 -3.47118e-4 -0.009762644 0.02561932 1.38527e-4 -0.009950935 0.02558189 7.16201e-4 -0.0100091 0.02561926 0.001200973 -0.009801447 0.02561908 0.00201255 -0.009191572 0.02561908 0.002730667 -0.008474767 0.02561932 0.003052532 -0.007763206 0.02556937 0.003051102 -0.006518125 0.02556937 0.002389252 -0.006104528 0.02556937 0.00162667 -0.006079614 0.02556931 6.57479e-4 -0.007045149 0.02556931 -6.2332e-4 -0.007877826 0.02556943 -8.54348e-4 -0.008591115 0.02556943 -7.681e-4 -0.009673058 0.02556931 5.69077e-5 -0.009837687 0.02556914 0.001843929 -0.009247064 0.02556943 0.002614796 -0.008574247 0.02556937 0.002979636 -0.006854534 0.02556091 0.001451671 -0.006898939 0.02556103 6.56416e-4 -0.007354557 0.02556127 1.02515e-4 -0.007988989 0.02556186 -8.26529e-5 -0.007347941 0.02556127 0.002095043 -0.008011698 0.02556192 0.002291858 -0.009145855 0.02556169 7.86169e-4 -0.00879848 0.02556049 0.001993358 -0.009147882 0.02556031 0.001392602 -0.008728861 0.02556943 7.10704e-5 -0.008017778 0.02547657 0.002152085 -0.008509516 0.02544623 0.002013862 -0.008925318 0.02544713 0.001602172 -0.009042322 0.02544575 0.001032769 -0.008850753 0.02544587 4.8458e-4 -0.008910596 0.02554875 3.7968e-4 -0.008391976 0.02544599 1.33323e-4 -0.008455157 0.02554869 3.27923e-5 -0.007926464 0.02544921 6.13544e-5 -0.008973181 0.0253117 8.50091e-4 -0.008812844 0.02529317 5.08027e-4 -0.008499324 0.02527225 2.29186e-4 -0.008185446 0.02525079 1.14069e-4 -0.008265256 0.02536904 0.002077519 -0.008696317 0.025357 0.00184226 -0.008986294 0.02533203 0.001344561 -0.007409751 0.02544766 2.31041e-4 -0.007045507 0.02544498 6.83296e-4 -0.006960093 0.02544605 0.00124377 -0.007215499 0.025451 0.001797378 -0.00762993 0.02544307 0.002073824 -0.007756173 0.02522706 1.29002e-4 -0.007513284 0.02520692 2.25777e-4 -0.007250666 0.02518618 4.37248e-4 -0.006992638 0.02531945 9.74872e-4 -0.007108807 0.02531594 0.001586139 -0.007453382 0.02534061 0.001943767 -0.007854282 0.02537566 0.002112209 -0.007517635 0.02527886 0.001851558 -0.007464766 0.02521306 0.0019477 -0.008414804 0.02520334 0.001731038 -0.00868541 0.02515548 0.001253247 -0.008648216 0.02512085 9.01098e-4 -0.008494734 0.02509313 6.45851e-4 -0.008217453 0.02506089 4.77823e-4 -0.007924079 0.02503281 4.45221e-4 -0.007884919 0.02525156 0.00189644 -0.008261919 0.02508258 0.002079606 -0.007911801 0.02504146 0.002114534 -0.007780492 0.0251432 0.002082765 -0.007405698 0.02507805 0.001914978 -0.007123351 0.02510637 0.001593828 -0.006988346 0.02513688 0.001137316 -0.007080376 0.02516496 6.98872e-4 -0.008362531 0.02486246 1.59111e-4 -0.008758664 0.02489429 4.31936e-4 -0.008978962 0.02493172 8.44839e-4 -0.008998692 0.02496242 0.001272797 -0.008844196 0.02499455 0.001663386 -0.008646249 0.02503699 0.001870989 -0.008463621 0.02500718 0.00199896 -0.007878065 0.0248301 9.15503e-5 -0.007892072 0.02383005 0.002110838 -0.008400857 0.02379703 0.002033531 -0.00792104 0.02362966 0.001752972 -0.007346808 0.02386915 0.001892626 -0.007617592 0.02366244 0.001638591 -0.00742495 0.02369076 0.001416563 -0.007033109 0.0239073 0.001384139 -0.006993234 0.02393472 9.68517e-4 -0.007337927 0.02372801 0.001061379 -0.007176876 0.02396601 5.17112e-4 -0.007447838 0.0237596 7.42584e-4 -0.007465779 0.02399033 2.43641e-4 -0.007698655 0.02379447 5.1647e-4 -0.007847368 0.02401727 1.05693e-4 -0.008259117 0.02404397 1.21416e-4 -0.008125245 0.02383512 4.43535e-4 -0.008491754 0.02387869 6.60317e-4 -0.008676111 0.02407407 3.45896e-4 -0.008923947 0.02410131 6.98329e-4 -0.008665204 0.02391993 0.0010432 -0.009016633 0.02412897 0.001101315 -0.008912742 0.02415716 0.001536428 -0.008552551 0.02396386 0.001461982 -0.008604049 0.02418875 0.0019176 -0.00832796 0.0239923 0.001671612 -0.007932484 0.02403301 0.001761436 -0.008027434 0.02422708 0.002121508 -0.007637798 0.02406513 0.001646459 -0.007459044 0.02426654 0.001963436 -0.007050812 0.02430605 0.001477539 -0.007439076 0.02409231 0.001449406 -0.007339537 0.02413004 0.001085758 -0.007003605 0.02434176 9.25921e-4 -0.007433652 0.02416175 7.70173e-4 -0.007178127 0.02437114 5.14511e-4 -0.007626593 0.02418988 5.5857e-4 -0.007644534 0.02440905 1.41202e-4 -0.007965683 0.02422559 4.4218e-4 -0.008199393 0.02444428 1.11517e-4 -0.008374035 0.02426862 5.49503e-4 -0.008569717 0.02447044 2.66722e-4 -0.008885979 0.02450019 6.07399e-4 -0.008629858 0.024311 8.96226e-4 -0.009006917 0.02452707 0.001007854 -0.008648991 0.0243411 0.001208901 -0.008949279 0.02455717 0.001467168 -0.008524 0.024598 0.001984238 -0.008454918 0.0243864 0.001593351 -0.00804156 0.02442747 0.001758575 -0.007852733 0.02464222 0.002114892 -0.007676839 0.02446335 0.001679718 -0.007245481 0.02468836 0.001794874 -0.00744605 0.02449619 0.001455426 -0.007342815 0.02452951 0.001143157 -0.007441759 0.02456986 7.32995e-4 -0.006977617 0.02473545 0.00111258 -0.007142782 0.02477127 5.68524e-4 -0.007432639 0.02479869 2.64162e-4 -0.007847607 0.0246188 4.5124e-4 -0.008263766 0.02465945 4.93464e-4 -0.008548378 0.02469748 7.32007e-4 -0.008667588 0.02473944 0.001148998 -0.008466005 0.02478814 0.001579582 -0.008078098 0.02482849 0.0017609 -0.007355093 0.02495169 9.59966e-4 -0.00754857 0.02499121 6.13238e-4 -0.007396638 0.0249083 0.001391589 -0.007702112 0.02486664 0.001691579 -0.008257925 0.02359628 0.001712799 -0.008188962 0.02350747 0.001907289 -0.007113337 0.02348822 0.001577258 -0.008744418 0.02377122 0.001782059 -0.008955359 0.02374488 0.001434028 -0.00900352 0.02371019 9.11029e-4 -0.008685052 0.02367115 3.43073e-4 -0.008107125 0.02362823 8.94969e-5 -0.007600307 0.02359557 1.70528e-4 -0.007131814 0.02355629 5.58161e-4 -0.006984889 0.02351629 0.001161932 -0.007405519 0.02345991 0.001926243 -0.007918298 0.02342528 0.002110064 -0.008306801 0.02242588 1.27122e-4 -0.00785619 0.02218949 4.58131e-4 -0.007751226 0.02239054 1.22738e-4 -0.008193314 0.02222323 4.73543e-4 -0.008503019 0.02225875 6.63908e-4 -0.008747637 0.02246052 4.17043e-4 -0.00900495 0.0224955 9.17953e-4 -0.00866568 0.02230459 0.001087427 -0.008970618 0.02252656 0.001376152 -0.008755803 0.02255576 0.001777589 -0.008529126 0.02234631 0.001511514 -0.008254945 0.02259415 0.002089917 -0.007562577 0.02263981 0.002030789 -0.007128417 0.02267789 0.001621425 -0.007385969 0.0224846 0.001334846 -0.006986856 0.02271389 0.001061856 -0.007448673 0.02254408 7.45831e-4 -0.007155776 0.02274835 5.4839e-4 -0.007574081 0.02278363 1.7459e-4 -0.007713854 0.02257966 5.03421e-4 -0.008132338 0.02282047 9.42296e-5 -0.008173346 0.02262556 4.61252e-4 -0.008550226 0.02267175 7.25995e-4 -0.008692145 0.02285999 3.46636e-4 -0.008992016 0.02289927 8.80203e-4 -0.008971869 0.0229327 0.001413643 -0.00866127 0.02271008 0.001102149 -0.008599519 0.0227378 0.001369357 -0.008426189 0.02276664 0.001606225 -0.008632183 0.02297043 0.001900732 -0.008158743 0.02279597 0.001738309 -0.008154451 0.02300459 0.002097547 -0.007878899 0.02282458 0.001750111 -0.007737457 0.02303081 0.002081871 -0.00732243 0.0230621 0.001849174 -0.007057368 0.02309179 0.001479625 -0.006992578 0.02311724 0.001082539 -0.007338047 0.02291148 0.001139879 -0.007127702 0.0231527 5.6958e-4 -0.007482707 0.02295845 6.84501e-4 -0.007607161 0.02319139 1.64052e-4 -0.007893979 0.02300357 4.43975e-4 -0.008158326 0.02322596 9.95671e-5 -0.008697092 0.02326577 3.52945e-4 -0.008571505 0.02308171 7.75032e-4 -0.009010374 0.02330893 9.52823e-4 -0.008666276 0.02311825 0.001107752 -0.008536815 0.02315479 0.001486957 -0.008904874 0.02334725 0.001562654 -0.008486866 0.02338695 0.002004265 -0.008242905 0.02319061 0.001723289 -0.007360816 0.02330243 0.001258969 -0.007518768 0.02336889 6.3909e-4 -0.008404433 0.02345949 5.69941e-4 -0.00851804 0.02356392 0.001507699 -0.008653998 0.02352911 0.001189231 -0.008615016 0.02349609 8.68435e-4 -0.00791949 0.02341216 4.42009e-4 -0.007359623 0.02333319 9.53681e-4 -0.007574319 0.02325963 0.00161612 -0.00790733 0.02322566 0.00175029 -0.008346617 0.02304798 5.28846e-4 -0.00752747 0.02286112 0.001576006 -0.007350504 0.02252036 9.93447e-4 -0.007661342 0.02243977 0.00167793 -0.008128106 0.02239418 0.001754701 -0.007746577 0.02198779 1.03814e-4 -0.007166206 0.02226758 0.001668274 -0.007248938 0.02235215 4.09589e-4 -0.00697261 0.02230507 0.001106202 -0.007493197 0.02223891 0.001980781 -0.007921874 0.02220946 0.002107441 -0.008431971 0.02217495 0.002033412 -0.008868932 0.02213793 0.0016281 -0.009004533 0.02211046 0.00121051 -0.008923411 0.02207565 6.62587e-4 -0.00842148 0.02202963 1.72441e-4 -0.007975041 0.02079081 0.001761913 -0.007715284 0.02100765 0.002071499 -0.007339537 0.02103537 0.001869201 -0.007584929 0.0208317 0.001620769 -0.007011115 0.0210734 0.001365065 -0.007384538 0.02091389 8.48783e-4 -0.007077813 0.02111899 6.64791e-4 -0.007448375 0.02115398 2.50476e-4 -0.007612586 0.02094876 5.72919e-4 -0.007901966 0.02098065 4.50429e-4 -0.007987797 0.02119141 7.88038e-5 -0.008262038 0.02101516 4.91846e-4 -0.008530795 0.02122819 2.41063e-4 -0.008917391 0.02126562 6.57413e-4 -0.008658409 0.02109003 0.001097559 -0.00900948 0.02129721 0.001160264 -0.008549153 0.02112936 0.001488149 -0.00883001 0.02133351 0.001705229 -0.008305251 0.02137523 0.002073585 -0.008012294 0.02119004 0.001771271 -0.007734477 0.02141219 0.002081274 -0.007601916 0.02123379 0.001627206 -0.00733 0.0214414 0.001857399 -0.007362127 0.02127552 0.001288473 -0.007057487 0.02147114 0.001478493 -0.007022023 0.02151769 7.77228e-4 -0.007370054 0.0213117 9.18411e-4 -0.007526457 0.02134251 6.42088e-4 -0.007555961 0.02156811 1.72147e-4 -0.007829427 0.02137684 4.61632e-4 -0.00816375 0.02160799 9.81236e-5 -0.008617639 0.02163875 2.97983e-4 -0.008425772 0.02143949 5.96353e-4 -0.008960962 0.02167564 7.52443e-4 -0.008629798 0.02147632 9.00754e-4 -0.00862658 0.02151864 0.001322388 -0.008988797 0.02171355 0.001347601 -0.00877279 0.02174359 0.001750528 -0.008433282 0.02155089 0.001594364 -0.008431851 0.0217719 0.002018213 -0.008142769 0.02158337 0.001747786 -0.007820427 0.02181005 0.002104163 -0.007291257 0.0218501 0.001824676 -0.006998419 0.02188545 0.001313865 -0.007368981 0.02168047 0.001288831 -0.007362008 0.0217148 9.41062e-4 -0.007038414 0.0219208 7.89428e-4 -0.00726372 0.02194988 4.12473e-4 -0.007745087 0.02177304 4.88701e-4 -0.008440971 0.02184712 6.09067e-4 -0.00863558 0.02188366 9.23481e-4 -0.008478283 0.02194964 0.00156939 -0.008169054 0.02198493 0.001735866 -0.00785464 0.02201694 0.001749396 -0.007569313 0.02204841 0.001595735 -0.00739175 0.02207827 0.001354455 -0.007347404 0.02211314 9.95765e-4 -0.007527232 0.02215301 6.40761e-4 -0.008645176 0.02191311 0.001233696 -0.008159279 0.02181488 4.63626e-4 -0.00749123 0.02174168 6.84975e-4 -0.007561862 0.02164322 0.001595914 -0.007819831 0.02161425 0.001733243 -0.008143603 0.0214076 4.59114e-4 -0.008562505 0.02105289 7.47882e-4 -0.007358849 0.02087211 0.001259982 -0.008643865 0.02094346 0.001899659 -0.008172869 0.02097988 0.002099275 -0.009010076 0.02089995 0.001280486 -0.008943974 0.02086478 7.42401e-4 -0.00863552 0.02083015 3.00326e-4 -0.008005678 0.02078872 8.4649e-5 -0.0073601 0.02074456 2.97435e-4 -0.007017135 0.0207026 8.53546e-4 -0.007016122 0.02066892 0.001352608 -0.007224321 0.0206409 0.001745939 -0.007574558 0.02061176 0.002024948 -0.008794069 0.01956892 0.001288115 -0.008920252 0.01970404 0.001570343 -0.008472561 0.01956945 0.001664638 -0.00811392 0.01956838 0.001763343 -0.008417606 0.01974743 0.002029001 -0.007925391 0.01977902 0.00210905 -0.007493615 0.01980811 0.001980483 -0.007162451 0.01983737 0.001667201 -0.007347881 0.01966267 0.001210272 -0.006978094 0.01987999 0.001054048 -0.007435858 0.0197094 7.42682e-4 -0.007298827 0.01992917 3.47877e-4 -0.007756471 0.01974946 4.90379e-4 -0.007837057 0.0199666 1.03925e-4 -0.008283734 0.01999592 1.28145e-4 -0.008145749 0.01978796 4.52212e-4 -0.008671104 0.02002328 3.43175e-4 -0.008967816 0.02005618 7.72289e-4 -0.008534729 0.01983308 6.99015e-4 -0.008656978 0.0198698 0.001048147 -0.008983433 0.02009487 0.001356184 -0.008581817 0.01990872 0.001426577 -0.008329749 0.01994287 0.001669406 -0.008627653 0.02013558 0.001915276 -0.007952272 0.02018368 0.002118349 -0.007985651 0.01997745 0.001771152 -0.007318258 0.02022659 0.001867115 -0.007567286 0.02002185 0.001604318 -0.007031738 0.02026247 0.001386582 -0.00735706 0.02006292 0.001245856 -0.006999909 0.02029204 9.25863e-4 -0.007379651 0.02010232 8.57759e-4 -0.007267713 0.02033418 3.76848e-4 -0.007655024 0.02014493 5.41901e-4 -0.00792098 0.02017098 4.48906e-4 -0.007989287 0.02038276 7.86017e-5 -0.00822699 0.02020245 4.79676e-4 -0.008655965 0.02042824 3.20046e-4 -0.008499979 0.02023524 6.7634e-4 -0.008983194 0.02046686 8.46776e-4 -0.008640885 0.02026563 9.4331e-4 -0.008617222 0.0203073 0.001347661 -0.008958578 0.02050447 0.001466691 -0.0083431 0.02034699 0.001670956 -0.008615314 0.02054232 0.001906871 -0.00812447 0.02057677 0.002113401 -0.007727921 0.02040946 0.001703679 -0.007453322 0.02044439 0.001471281 -0.007351338 0.02047276 0.001201391 -0.007369756 0.02050197 8.99229e-4 -0.007559895 0.02053701 6.155e-4 -0.007818996 0.02056688 4.67025e-4 -0.00825107 0.02061039 4.84656e-4 -0.008360445 0.02074861 0.001663267 -0.008610248 0.02071142 0.001354515 -0.008656322 0.02067989 0.001047074 -0.008568942 0.02065175 7.66884e-4 -0.008037209 0.02037823 0.001756727 -0.007601976 0.01961344 0.001653015 -0.008995354 0.019661 9.04297e-4 -0.008763015 0.01956921 6.04945e-4 -0.008742392 0.01962476 3.99011e-4 -0.008250594 0.01958268 1.21875e-4 -0.007857739 0.01956456 9.33607e-5 -0.007157325 0.01957011 8.54728e-4 -0.007359504 0.01956969 4.3155e-4 -0.007272183 0.01956987 0.001420319 -0.007613241 0.01956993 0.001726746 0.00769174 0.02591836 -0.009681165 0.008298993 0.02656942 -0.009998381 0.008292376 0.02591776 -0.00968486 0.007699012 0.02656942 -0.009998381 0.007672667 0.02656942 -0.009236812 0.007671594 0.02591949 -0.009247303 0.007215797 0.02591663 -0.009216725 0.006899058 0.02656942 -0.009198427 0.008325517 0.02656942 -0.009236752 0.00832659 0.02591943 -0.009247183 0.008780837 0.02591544 -0.009239196 0.009099006 0.02656942 -0.009198427 0.007999002 0.02546942 -0.008898437 0.007211863 0.02591675 -0.008604526 0.009099006 0.02656942 -0.008598387 0.006899058 0.02656942 -0.008598387 0.008325278 0.02656942 -0.008559823 0.008326351 0.02591913 -0.008549332 0.008789777 0.02591663 -0.008584618 0.008306324 0.0259183 -0.008115708 0.008298993 0.02656942 -0.007798433 0.007704138 0.02591794 -0.008112072 0.007365763 0.02591937 -0.008350253 0.007699012 0.02656942 -0.007798433 0.007672667 0.02656942 -0.008560001 0.007671594 0.02591943 -0.008549511 0.008017301 0.02656966 -0.00692439 0.008950531 0.02656948 -0.007180452 0.009567022 0.02656948 -0.007716 0.00645107 0.02656948 -0.007689893 0.007076442 0.02656948 -0.007164776 0.008440434 0.02655071 -0.01083642 0.009407877 0.02655208 -0.01030427 0.007047355 0.02656948 -0.01061624 0.007826447 0.02656948 -0.01085412 0.008940637 0.02655041 -0.01065492 0.009884715 0.0265696 -0.009474456 0.009957969 0.02655625 -0.008553087 0.006142377 0.02656948 -0.009538352 0.006500244 0.02656948 -0.01015788 0.006049752 0.02656966 -0.008572578 0.007884919 0.02651965 -0.01090526 0.007275879 0.02651953 -0.01076889 0.006686508 0.02651971 -0.01042628 0.006231844 0.02651959 -0.009851634 0.006001293 0.02651965 -0.00915569 0.006038546 0.02651953 -0.008476316 0.006260395 0.02651959 -0.007888138 0.006661057 0.02651953 -0.007404565 0.007233381 0.02651965 -0.007035315 0.00785166 0.02651953 -0.00690025 0.008526861 0.02651977 -0.006950557 0.009353637 0.02651977 -0.007402479 0.009813666 0.02651959 -0.008038878 0.009989023 0.02651959 -0.009165883 0.009788155 0.02651965 -0.009816229 0.008307516 0.02561932 -0.00691688 0.008858561 0.02561932 -0.007083773 0.0094949 0.02561908 -0.007543802 0.009827494 0.02558428 -0.008120298 0.009989023 0.02561932 -0.008630931 0.009980559 0.02561932 -0.009206891 0.009847283 0.02558249 -0.009622097 0.009586751 0.02558845 -0.01010298 0.009181618 0.02561932 -0.01051801 0.008722186 0.02561932 -0.01076889 0.008203566 0.02561938 -0.010894 0.007482051 0.02561908 -0.01084911 0.006695091 0.0256192 -0.01043361 0.00623703 0.02561926 -0.00986123 0.006038546 0.02561932 -0.009320497 0.006001293 0.0256192 -0.008641123 0.006254792 0.02561926 -0.007897794 0.006642758 0.02558672 -0.00744009 0.007129669 0.02561932 -0.007088482 0.007745802 0.0256195 -0.006905496 0.008829593 0.02556937 -0.00711888 0.00951761 0.02556937 -0.007647275 0.009959518 0.02556943 -0.008882164 0.008818507 0.02556926 -0.01069688 0.007909238 0.02556943 -0.01085597 0.007264852 0.02556943 -0.01071321 0.006659209 0.02556937 -0.01033425 0.006191015 0.02556937 -0.009665191 0.00604248 0.02556943 -0.008965492 0.006156206 0.02556937 -0.00820887 0.007047474 0.02556937 -0.007180452 0.007928371 0.02556931 -0.006929814 0.009133875 0.02556103 -0.009277105 0.008595049 0.02556937 -0.007768869 0.008645236 0.02556127 -0.009897291 0.009126067 0.02556145 -0.008527338 0.008010983 0.02556186 -0.01008254 0.007149457 0.02556127 -0.008062958 0.006838381 0.02556115 -0.008669734 0.007270872 0.02556943 -0.009928762 0.006874263 0.0255621 -0.009280323 0.007982015 0.02547657 -0.007847726 0.007781267 0.02556312 -0.007714927 0.007490217 0.02544623 -0.007985949 0.007074415 0.02544713 -0.008397638 0.006957411 0.02544575 -0.008967041 0.007148981 0.02544587 -0.009515285 0.007089138 0.02554875 -0.009620189 0.007607758 0.02544599 -0.009866535 0.007544636 0.02554869 -0.009967088 0.008073329 0.02544921 -0.009938478 0.007026553 0.0253117 -0.00914973 0.007186889 0.02529317 -0.009491741 0.00750041 0.02527225 -0.009770631 0.007814288 0.02525079 -0.009885787 0.007734477 0.02536904 -0.007922291 0.007303416 0.025357 -0.008157551 0.00701344 0.02533203 -0.00865525 0.008590042 0.02544766 -0.009768784 0.008954226 0.02544498 -0.009316563 0.00903964 0.02544605 -0.008756041 0.008784174 0.025451 -0.008202254 0.008655309 0.02554738 -0.007913887 0.008369863 0.02544313 -0.007925987 0.00824356 0.02522706 -0.009870827 0.008486509 0.02520686 -0.009774088 0.008749067 0.02518618 -0.009562611 0.009007155 0.02531945 -0.009024977 0.008890926 0.02531594 -0.008413672 0.008546352 0.02534061 -0.008056044 0.008145511 0.02537506 -0.007888376 0.008482098 0.02527886 -0.008148252 0.008534967 0.02521306 -0.00805211 0.007369875 0.02517253 -0.008550167 0.007313251 0.02513897 -0.008924305 0.007468998 0.02509617 -0.009321868 0.00778222 0.02506089 -0.00952202 0.008075654 0.02503281 -0.009554624 0.007685899 0.02521306 -0.008216321 0.008114814 0.02525156 -0.00810337 0.007737755 0.02508258 -0.007920205 0.008087933 0.02504146 -0.007885277 0.008219242 0.0251432 -0.007917046 0.008594095 0.02507805 -0.008084833 0.008876383 0.02510637 -0.008405983 0.009011387 0.02513688 -0.008862495 0.008919358 0.02516496 -0.009300947 0.007884263 0.02484357 -0.0098989 0.007546782 0.02486962 -0.009794592 0.007293045 0.02489143 -0.009615838 0.007047474 0.02492123 -0.009250104 0.006993353 0.02496194 -0.008762121 0.007155597 0.02499455 -0.008336424 0.007353484 0.02503699 -0.008128821 0.007536113 0.02500718 -0.00800091 0.008107602 0.02383005 -0.007888972 0.007598936 0.02379703 -0.007966279 0.008078694 0.02362966 -0.008246839 0.008652925 0.02386915 -0.008107185 0.008382141 0.02366244 -0.00836122 0.008574783 0.02369076 -0.008583247 0.008966624 0.0239073 -0.008615672 0.0090065 0.02393472 -0.009031355 0.008661806 0.02372801 -0.008938431 0.008822917 0.02396601 -0.009482681 0.008551895 0.0237596 -0.009257256 0.008533954 0.02399033 -0.009756207 0.008301079 0.02379447 -0.009483397 0.008152425 0.02401727 -0.009894132 0.007740557 0.02404397 -0.009878396 0.007874429 0.02383512 -0.009556293 0.007507979 0.02387869 -0.009339511 0.007323622 0.02407407 -0.009653985 0.007075846 0.02410131 -0.009301543 0.00733453 0.02391993 -0.008956611 0.006983101 0.02412897 -0.008898496 0.007086992 0.0241571 -0.008463501 0.007447183 0.02396386 -0.008537828 0.007395684 0.02418875 -0.008082211 0.007671773 0.0239923 -0.008328199 0.00806725 0.02403301 -0.008238434 0.0079723 0.02422708 -0.007878303 0.008361935 0.02406513 -0.008353352 0.008540689 0.02426654 -0.008036375 0.008948922 0.02430605 -0.008522331 0.008560657 0.02409231 -0.008550405 0.008660137 0.02413004 -0.008914113 0.008996129 0.02434176 -0.009073913 0.008566081 0.02416175 -0.00922966 0.008821606 0.02437114 -0.009485304 0.008373081 0.02418994 -0.009441256 0.0083552 0.02440905 -0.009858667 0.00803399 0.02422559 -0.009557723 0.007800221 0.02444428 -0.009888291 0.007625699 0.02426862 -0.009450376 0.007430016 0.02447044 -0.00973314 0.007113754 0.02450019 -0.00939244 0.007369875 0.024311 -0.009103655 0.006992876 0.02452707 -0.008991956 0.007350742 0.0243411 -0.00879091 0.007050395 0.02455711 -0.008532643 0.007475733 0.024598 -0.008015573 0.007544815 0.0243864 -0.00840646 0.007958173 0.02442747 -0.008241236 0.008147001 0.02464222 -0.007884919 0.008322894 0.02446335 -0.008320093 0.008639276 0.02467846 -0.008116245 0.008553683 0.02449619 -0.008544385 0.008965492 0.02471452 -0.008557438 0.008656919 0.02452951 -0.008856654 0.008557975 0.02456986 -0.009266853 0.008979558 0.02475154 -0.009140253 0.008774936 0.02478188 -0.00955069 0.008378088 0.02481257 -0.009835779 0.008152127 0.0246188 -0.009548604 0.007736027 0.02465945 -0.009506404 0.007451355 0.02469748 -0.009267807 0.007332146 0.02473944 -0.008850812 0.007533729 0.02478814 -0.008420228 0.007921636 0.02482849 -0.008238911 0.00864464 0.02495169 -0.009039878 0.008451163 0.02499121 -0.009386599 0.008603096 0.0249083 -0.008608222 0.008297622 0.02486664 -0.008308231 0.007741808 0.02359628 -0.008287012 0.007810771 0.02350747 -0.008092522 0.008886814 0.02348834 -0.008423447 0.007255315 0.02377122 -0.008217811 0.007044374 0.02374488 -0.008565783 0.006996154 0.02371025 -0.009088277 0.007313072 0.02367132 -0.009655237 0.007892668 0.02362823 -0.009910345 0.008394896 0.0235961 -0.009831011 0.008868038 0.02355629 -0.009441614 0.009014844 0.02351629 -0.008837878 0.008594393 0.02345997 -0.008073687 0.008081078 0.02342528 -0.007889747 0.007891118 0.02221518 -0.009553492 0.00751692 0.02244031 -0.009807884 0.007496774 0.02225875 -0.009335994 0.007094383 0.02247774 -0.0093562 0.007334053 0.02230459 -0.008912384 0.006985425 0.02251762 -0.008773446 0.007243931 0.02255576 -0.008222222 0.007470607 0.02234631 -0.008488297 0.007744789 0.02259415 -0.007909893 0.008437156 0.02263981 -0.007969021 0.008871316 0.02267789 -0.008378386 0.008613705 0.0224846 -0.008664965 0.009012877 0.02271389 -0.008938014 0.00855112 0.02254408 -0.009253978 0.008844017 0.02274835 -0.009451448 0.008425652 0.02278363 -0.009825289 0.00828588 0.02257966 -0.00949645 0.007861614 0.02282088 -0.009905159 0.007756114 0.02263468 -0.009522318 0.007430732 0.02267575 -0.009235978 0.007314503 0.02285844 -0.009657323 0.007007718 0.02289927 -0.009119629 0.007027864 0.02293264 -0.008586347 0.007338464 0.02271008 -0.008897662 0.007400214 0.0227378 -0.008630454 0.007573544 0.02276664 -0.008393585 0.007367551 0.02297043 -0.008099079 0.007840991 0.02279597 -0.008261501 0.007845282 0.02300459 -0.007902264 0.008120834 0.02282458 -0.0082497 0.008262217 0.02303081 -0.00791794 0.008677005 0.02306205 -0.008150458 0.008942365 0.02309179 -0.008520185 0.008629143 0.02293282 -0.009105086 0.009000241 0.02312839 -0.009117424 0.008685529 0.0231688 -0.009647965 0.00837326 0.02297604 -0.009448528 0.008291959 0.02319747 -0.009863376 0.008006691 0.02301341 -0.009554207 0.007840752 0.02322602 -0.009900212 0.007644891 0.02305006 -0.009463429 0.007301867 0.02326494 -0.009648203 0.006989359 0.02330893 -0.009046912 0.007354199 0.02312767 -0.008773148 0.00746262 0.02315473 -0.008513152 0.0070948 0.02334725 -0.008437335 0.007512927 0.02338695 -0.007995545 0.007759869 0.02319085 -0.008275687 0.008638679 0.02330225 -0.008739054 0.008482456 0.02336871 -0.009360015 0.007591426 0.02345985 -0.009426295 0.007481336 0.02356386 -0.008492529 0.007345736 0.02352911 -0.00881046 0.007384717 0.02349615 -0.009131193 0.008087396 0.02341145 -0.009557008 0.008640229 0.02333313 -0.009045362 0.008425414 0.02325963 -0.00838381 0.008094131 0.02322578 -0.008249878 0.007377266 0.02309077 -0.009140968 0.008647024 0.02290111 -0.008780241 0.008472263 0.02286112 -0.008423805 0.00864923 0.02252036 -0.009006381 0.008338391 0.02243977 -0.008321881 0.007871627 0.02239418 -0.00824511 0.008994638 0.02229136 -0.008698105 0.008763253 0.0222578 -0.008231759 0.008926987 0.02233403 -0.009337544 0.008209228 0.0223931 -0.009888947 0.008582472 0.02236717 -0.009720087 0.008265376 0.02222096 -0.00790888 0.007567763 0.02217495 -0.007966399 0.007130801 0.02213793 -0.00837171 0.006995201 0.02211046 -0.0087893 0.007076323 0.02207565 -0.009337246 0.007495105 0.02203541 -0.009775221 0.007868587 0.02201044 -0.009898722 0.008164346 0.02080297 -0.008261442 0.007879436 0.02098369 -0.007881641 0.008483409 0.0210222 -0.008011877 0.008450627 0.02083611 -0.008419334 0.008859813 0.02105557 -0.008355438 0.00901997 0.0210945 -0.008961319 0.008614778 0.02091389 -0.009151875 0.008780598 0.02113568 -0.009548425 0.00838679 0.02094888 -0.009427309 0.008405745 0.02116584 -0.009821414 0.008100032 0.02098041 -0.009549081 0.007984817 0.02119272 -0.009917616 0.007737457 0.02101516 -0.009507894 0.007468998 0.02122813 -0.00975883 0.007082343 0.02126562 -0.009342432 0.006990253 0.02129721 -0.008839547 0.007369101 0.02111041 -0.008684575 0.007169723 0.02133351 -0.008294582 0.007694482 0.02137523 -0.007926225 0.007667481 0.02115696 -0.008315622 0.008078992 0.02119982 -0.008242666 0.008265256 0.02141219 -0.007918536 0.008397817 0.02123379 -0.008372604 0.008669734 0.0214414 -0.008142411 0.008637607 0.02127552 -0.008711338 0.008942246 0.02147114 -0.008521318 0.008977711 0.02151769 -0.009222626 0.008629679 0.0213117 -0.009081423 0.008473277 0.02134251 -0.00935775 0.008443772 0.02156811 -0.009827673 0.008170247 0.02137684 -0.009538233 0.007835984 0.02160799 -0.009901702 0.007382094 0.02163875 -0.009701848 0.007573962 0.02143949 -0.009403467 0.007038772 0.02167564 -0.009247422 0.007369935 0.02147632 -0.009099066 0.007373154 0.02151864 -0.008677423 0.007010936 0.02171355 -0.00865221 0.007226943 0.02174359 -0.008249282 0.007566452 0.02155089 -0.008405447 0.007567882 0.0217719 -0.007981598 0.007856965 0.02158337 -0.008252024 0.008077621 0.02180516 -0.007887959 0.008573651 0.02183771 -0.008059859 0.008957028 0.02187693 -0.008532106 0.008630692 0.02168041 -0.008710861 0.008637726 0.0217148 -0.009058833 0.008990705 0.021914 -0.009104192 0.008743524 0.02194982 -0.009589076 0.008252322 0.02177244 -0.009513676 0.008279323 0.02198344 -0.009870886 0.007558763 0.02184712 -0.009390771 0.007364094 0.02188366 -0.009076356 0.007481992 0.02194386 -0.008487999 0.007719635 0.0219736 -0.008305013 0.008076369 0.02200955 -0.008235991 0.008461654 0.02205258 -0.008423447 0.008624017 0.02208375 -0.008700549 0.00864768 0.02211815 -0.009052336 0.008376061 0.02216345 -0.009455263 0.007354557 0.02191311 -0.008766114 0.007840454 0.02181488 -0.009536206 0.008508503 0.02174168 -0.009314894 0.008437871 0.02164322 -0.008403897 0.008179903 0.02161425 -0.008266568 0.00785613 0.0214076 -0.009540736 0.007401585 0.02105873 -0.009203255 0.008640766 0.02087205 -0.008739352 0.008707284 0.02063447 -0.008176267 0.00724709 0.02093636 -0.008207321 0.007013559 0.02090346 -0.008672893 0.007013916 0.02087211 -0.009156703 0.007309794 0.02083516 -0.009638309 0.007745623 0.02080219 -0.009883999 0.00826478 0.02077049 -0.009875118 0.008793115 0.02072995 -0.009546041 0.009015679 0.02068901 -0.008949518 0.00892806 0.02065992 -0.008504092 0.008279919 0.0206027 -0.007924556 0.007174611 0.01956915 -0.008825659 0.007442712 0.01956909 -0.008386909 0.007224678 0.01971834 -0.008250713 0.007560789 0.01974642 -0.007986366 0.007929384 0.01956921 -0.008235037 0.008001208 0.01977455 -0.007886946 0.008249461 0.01959317 -0.008282661 0.008572399 0.01981151 -0.008048474 0.008640646 0.01965492 -0.00869584 0.008954644 0.01985371 -0.008562266 0.008613467 0.01969736 -0.009139001 0.009001433 0.0198875 -0.009100854 0.008769273 0.01992118 -0.009551405 0.008330702 0.01995623 -0.009865283 0.008349955 0.01973831 -0.009465932 0.007991135 0.01977401 -0.009557783 0.00766468 0.01999819 -0.00986731 0.007622122 0.01981228 -0.009450495 0.007196247 0.02003532 -0.009519338 0.007011532 0.02006494 -0.009105682 0.007352173 0.0198608 -0.009056031 0.007385075 0.01990109 -0.008646845 0.007023513 0.02009731 -0.008579969 0.007586836 0.01993322 -0.008388042 0.007422447 0.02013951 -0.00805521 0.00785458 0.01996314 -0.008255064 0.007926166 0.02017533 -0.007891058 0.00821954 0.01999711 -0.008270621 0.008379757 0.02020484 -0.007959544 0.008820533 0.02024126 -0.008299231 0.009003818 0.02027386 -0.008789062 0.008620977 0.02005249 -0.008646547 0.008594572 0.02010858 -0.009207665 0.008921444 0.02030831 -0.009333491 0.008605897 0.0203405 -0.009704351 0.008312642 0.0201475 -0.009474635 0.008124649 0.02037429 -0.00990951 0.007646024 0.02040541 -0.009845137 0.007188558 0.02043914 -0.009527266 0.007474005 0.02023923 -0.009299457 0.006984829 0.02047866 -0.008967399 0.007333397 0.02028203 -0.008891224 0.007055222 0.02050644 -0.008545875 0.007264256 0.02053171 -0.008197367 0.007517457 0.02033054 -0.008434653 0.007707178 0.0205661 -0.007924675 0.007918059 0.02037429 -0.008243441 0.00832504 0.02041447 -0.008314669 0.008636772 0.02046424 -0.008705019 0.00862205 0.02050513 -0.009115934 0.008381128 0.0205456 -0.009444415 0.007467687 0.02064466 -0.009299933 0.007808506 0.0207681 -0.008260071 0.007449924 0.02072399 -0.008530497 0.007337152 0.02068638 -0.008887946 0.00790137 0.02059066 -0.00956583 0.007724046 0.02020663 -0.009495913 0.008017897 0.02017706 -0.00955975 0.006980538 0.01968228 -0.008758068 0.007204532 0.01956951 -0.009272456 0.007166028 0.01963359 -0.009494364 0.007448613 0.01956939 -0.009669303 0.007969141 0.01957124 -0.009907603 0.007661879 0.01959419 -0.009852707 0.008842706 0.01957005 -0.009143114 0.008548557 0.01957011 -0.009686827 0.008698344 0.01956987 -0.008521497 -0.008306622 0.02591824 -0.009681284 -0.007700741 0.02656942 -0.009998381 -0.007707357 0.02591782 -0.009684979 -0.008300721 0.02656942 -0.009998381 -0.008327245 0.02656942 -0.009236752 -0.008328318 0.02591949 -0.009247183 -0.008784174 0.02591687 -0.009217083 -0.009100675 0.02656942 -0.009198427 -0.007674217 0.02656942 -0.009236752 -0.007673144 0.02591943 -0.009247183 -0.007367372 0.02591937 -0.009446501 -0.007214188 0.02591663 -0.009192526 -0.006900727 0.02656942 -0.009198427 -0.008000731 0.02546942 -0.008898437 -0.008787333 0.02591621 -0.008604586 -0.006900727 0.02656942 -0.008598387 -0.009100675 0.02656942 -0.008598387 -0.007674455 0.02656942 -0.008559823 -0.007673382 0.02591913 -0.008549332 -0.007216691 0.02591687 -0.008579015 -0.007693409 0.0259183 -0.008115708 -0.007700741 0.02656942 -0.007798433 -0.008295655 0.02591794 -0.008112072 -0.008633971 0.02591937 -0.008350253 -0.008300721 0.02656942 -0.007798433 -0.008327066 0.02656942 -0.008560001 -0.008328139 0.02591943 -0.008549511 -0.009949862 0.02656948 -0.009138405 -0.007982432 0.02656966 -0.00692439 -0.009398519 0.02656948 -0.01027309 -0.007049202 0.02656948 -0.007180452 -0.009890198 0.02656948 -0.008375346 -0.008751034 0.02655214 -0.010742 -0.009862482 0.02655118 -0.009606719 -0.008173286 0.02656948 -0.01085412 -0.006072759 0.02656954 -0.008505642 -0.007559299 0.02655071 -0.01083642 -0.007059097 0.02655041 -0.01065492 -0.006030619 0.02655106 -0.00920391 -0.006432712 0.02656948 -0.007716 -0.009548664 0.02656948 -0.007689893 -0.006418824 0.02656954 -0.01006841 -0.008923292 0.02656948 -0.007164776 -0.008114814 0.02651965 -0.01090526 -0.009183287 0.02651953 -0.01051801 -0.009596943 0.02651959 -0.01011651 -0.0100091 0.02651959 -0.008997976 -0.009911417 0.02651959 -0.008271753 -0.009496629 0.02651977 -0.007543802 -0.008766353 0.02651965 -0.007035315 -0.008148074 0.02651953 -0.00690025 -0.007472872 0.02651977 -0.006950557 -0.006817698 0.02651953 -0.007279098 -0.006404399 0.02651959 -0.007680416 -0.006049931 0.02651977 -0.008381605 -0.006211578 0.02651965 -0.009816229 -0.006586015 0.02651953 -0.01031976 -0.007235109 0.0256192 -0.007035315 -0.006741285 0.02558249 -0.007364213 -0.006255865 0.02561908 -0.007884383 -0.006010711 0.02561932 -0.008630931 -0.006019175 0.02561932 -0.009206891 -0.006152451 0.02558249 -0.009622097 -0.006412982 0.02558845 -0.01010298 -0.006818115 0.02561932 -0.01051801 -0.007277548 0.02561932 -0.01076889 -0.007796168 0.02561938 -0.010894 -0.008517682 0.02561908 -0.01084911 -0.009304642 0.0256192 -0.01043361 -0.009762704 0.02561926 -0.00986123 -0.009941518 0.02558577 -0.0093441 -0.0100091 0.02561926 -0.008798837 -0.00987482 0.02561932 -0.008184611 -0.009649336 0.02558618 -0.007790088 -0.009327352 0.02558434 -0.007417142 -0.008870065 0.02561932 -0.007088482 -0.008115828 0.02561908 -0.00688517 -0.00761497 0.02556926 -0.006958842 -0.006255209 0.02556937 -0.00799036 -0.00603801 0.02556937 -0.008830547 -0.007181286 0.02556926 -0.01069688 -0.008090496 0.02556943 -0.01085597 -0.008734881 0.02556943 -0.01071321 -0.009340524 0.02556937 -0.01033425 -0.009808719 0.02556937 -0.009665191 -0.00991404 0.02556937 -0.008455872 -0.008574247 0.02556937 -0.007020175 -0.007347881 0.02556127 -0.007904767 -0.00686258 0.02556216 -0.008515536 -0.008011698 0.02556192 -0.007707953 -0.006941974 0.02556192 -0.009423315 -0.0082919 0.0255692 -0.01016485 -0.007354497 0.02556127 -0.009897291 -0.00879848 0.02556049 -0.008006453 -0.009147882 0.02556031 -0.008607208 -0.009131133 0.02556163 -0.009285569 -0.008017718 0.02547657 -0.007847726 -0.008509516 0.02544623 -0.007985949 -0.008925318 0.02544713 -0.008397638 -0.009042322 0.02544575 -0.008967041 -0.008850753 0.02544587 -0.009515285 -0.008910596 0.02554875 -0.009620189 -0.008391976 0.02544599 -0.009866535 -0.008235394 0.02554816 -0.01006215 -0.007926404 0.02544921 -0.009938478 -0.008825361 0.025294 -0.009476602 -0.008499324 0.02527225 -0.009770631 -0.008185446 0.02525079 -0.009885787 -0.008265256 0.02536904 -0.007922291 -0.008696317 0.025357 -0.008157551 -0.008947908 0.02533763 -0.008556485 -0.008998095 0.02531617 -0.009050965 -0.007409751 0.02544766 -0.009768784 -0.007045507 0.02544498 -0.009316563 -0.006833314 0.02554851 -0.008908987 -0.006960093 0.02544605 -0.008756041 -0.007215559 0.025451 -0.008202254 -0.007629871 0.02544313 -0.007925987 -0.007756173 0.02522706 -0.009870827 -0.007513225 0.02520686 -0.009774088 -0.007250666 0.02518618 -0.009562611 -0.006992638 0.02531945 -0.009024977 -0.007108807 0.02531594 -0.008413672 -0.007453382 0.02534061 -0.008056044 -0.007854163 0.02537506 -0.007888376 -0.007517635 0.02527886 -0.008148252 -0.007464766 0.02521306 -0.00805211 -0.008629858 0.02517253 -0.008550167 -0.008684396 0.02513349 -0.008985459 -0.008553266 0.02510154 -0.009279251 -0.008297443 0.0250687 -0.009498357 -0.007924079 0.02503281 -0.009554624 -0.008313834 0.02521306 -0.008216321 -0.007884919 0.02525156 -0.00810337 -0.008261978 0.02508258 -0.007920205 -0.007911801 0.02504146 -0.007885277 -0.007780432 0.0251432 -0.007917046 -0.007405698 0.02507805 -0.008084833 -0.007123351 0.02510637 -0.008405983 -0.006988346 0.02513688 -0.008862495 -0.007080376 0.02516496 -0.009300947 -0.008362472 0.02486246 -0.009840726 -0.008758664 0.02489429 -0.009567916 -0.008969902 0.02492791 -0.009181141 -0.009006381 0.02496194 -0.008762121 -0.008844196 0.02499455 -0.008336484 -0.008646249 0.02503699 -0.008128821 -0.008463621 0.02500718 -0.00800091 -0.007878065 0.0248301 -0.009908318 -0.007892131 0.02383005 -0.007888972 -0.008400857 0.02379703 -0.007966279 -0.007921099 0.02362966 -0.008246839 -0.007346808 0.02386915 -0.008107185 -0.007617592 0.02366244 -0.00836122 -0.00742495 0.02369076 -0.008583247 -0.007033109 0.0239073 -0.008615672 -0.006993234 0.02393472 -0.009031355 -0.007337927 0.02372801 -0.008938431 -0.007176876 0.02396601 -0.009482741 -0.007447838 0.0237596 -0.009257256 -0.007465839 0.02399033 -0.009756207 -0.007698655 0.02379447 -0.009483397 -0.007847309 0.02401727 -0.009894132 -0.008259177 0.02404397 -0.009878396 -0.008125305 0.02383512 -0.009556293 -0.008491754 0.02387869 -0.009339511 -0.008676111 0.02407407 -0.009653985 -0.008923947 0.02410131 -0.009301543 -0.008665204 0.02391993 -0.008956611 -0.009016633 0.02412897 -0.008898496 -0.008912742 0.02415716 -0.008463382 -0.008552551 0.02396386 -0.008537828 -0.008604109 0.02418875 -0.008082211 -0.00832796 0.0239923 -0.008328199 -0.007932484 0.02403301 -0.008238434 -0.008027434 0.02422708 -0.007878303 -0.007637798 0.02406513 -0.008353352 -0.007459044 0.02426654 -0.008036375 -0.007050812 0.02430605 -0.008522272 -0.007439076 0.02409231 -0.008550405 -0.007339537 0.02413004 -0.008914053 -0.007003605 0.02434176 -0.009073913 -0.007433652 0.02416175 -0.00922966 -0.007178127 0.02437114 -0.009485304 -0.007626652 0.02418994 -0.009441316 -0.007644593 0.02440905 -0.009858667 -0.007965743 0.02422559 -0.009557723 -0.008199512 0.02444428 -0.009888291 -0.008374035 0.02426862 -0.009450376 -0.008569717 0.02447044 -0.00973314 -0.008885979 0.02450019 -0.00939244 -0.008629858 0.024311 -0.009103655 -0.009006917 0.02452707 -0.008991956 -0.008648991 0.0243411 -0.00879091 -0.008949279 0.02455717 -0.008532643 -0.008524 0.024598 -0.008015573 -0.008454918 0.0243864 -0.00840646 -0.00804156 0.02442747 -0.008241236 -0.007852733 0.02464222 -0.007884919 -0.007676839 0.02446335 -0.008320093 -0.007245481 0.02468836 -0.008204936 -0.00744605 0.02449619 -0.008544385 -0.007342815 0.02452951 -0.008856654 -0.007441759 0.02456986 -0.009266853 -0.006977617 0.02473545 -0.008887231 -0.007142782 0.02477127 -0.009431302 -0.007432639 0.02479869 -0.009735703 -0.007847607 0.0246188 -0.009548604 -0.008263707 0.02465945 -0.009506404 -0.008548378 0.02469748 -0.009267807 -0.008667588 0.02473944 -0.008850812 -0.008466005 0.02478814 -0.008420228 -0.008078098 0.02482849 -0.008238911 -0.007355093 0.02495169 -0.009039878 -0.00754857 0.02499121 -0.009386599 -0.007396638 0.0249083 -0.008608222 -0.007702112 0.02486664 -0.008308231 -0.008257925 0.02359628 -0.008287012 -0.008188962 0.02350747 -0.008092522 -0.007113218 0.02348828 -0.008422851 -0.008744418 0.02377122 -0.008217811 -0.008955359 0.02374488 -0.008565783 -0.009003758 0.02371037 -0.009087085 -0.00868678 0.02367132 -0.009655117 -0.008107066 0.02362823 -0.009910345 -0.007605671 0.02359616 -0.009831309 -0.007131576 0.02355623 -0.009441435 -0.006984889 0.02351629 -0.008837878 -0.0074054 0.02345997 -0.008073627 -0.007918655 0.02342528 -0.007889747 -0.007893025 0.02219355 -0.009552717 -0.007892131 0.02240014 -0.009899735 -0.008193314 0.02222323 -0.009526312 -0.008341968 0.02242928 -0.009855747 -0.00850296 0.02225875 -0.009335994 -0.008747637 0.02246052 -0.009582817 -0.00900495 0.0224955 -0.0090819 -0.00866568 0.02230459 -0.008912384 -0.008970618 0.02252656 -0.008623659 -0.008755803 0.02255576 -0.008222222 -0.008529126 0.02234631 -0.008488297 -0.008254945 0.02259415 -0.007909893 -0.007562577 0.02263981 -0.007969021 -0.007128417 0.02267789 -0.008378386 -0.007386028 0.0224846 -0.008664965 -0.006986856 0.02271389 -0.008938014 -0.007448613 0.02254408 -0.009253978 -0.007155716 0.02274835 -0.009451448 -0.007574081 0.02278363 -0.009825289 -0.007713854 0.02257966 -0.00949645 -0.008138954 0.02282094 -0.009905099 -0.008174002 0.02262634 -0.009539783 -0.008550226 0.02267175 -0.009273827 -0.008685648 0.0228585 -0.009656846 -0.008992016 0.02289927 -0.009119629 -0.00897181 0.0229327 -0.008585989 -0.00866127 0.02271008 -0.008897662 -0.008599519 0.0227378 -0.008630454 -0.008426189 0.02276664 -0.008393585 -0.008632183 0.02297043 -0.008099079 -0.008158743 0.02279597 -0.008261501 -0.008154451 0.02300459 -0.007902264 -0.007878899 0.02282458 -0.0082497 -0.007737517 0.02303081 -0.00791794 -0.007322609 0.02306205 -0.008150517 -0.007057368 0.02309179 -0.008520185 -0.007370412 0.02293276 -0.009104192 -0.006999552 0.02312839 -0.009117305 -0.007314085 0.0231688 -0.009647905 -0.007627606 0.0229761 -0.009449303 -0.00770843 0.02319747 -0.009863555 -0.007993042 0.02301341 -0.009554207 -0.008158981 0.02322602 -0.009900212 -0.008357226 0.02305024 -0.00946182 -0.008697867 0.02326494 -0.009648203 -0.009010374 0.02330887 -0.009047091 -0.008645534 0.02312767 -0.008773148 -0.008536517 0.02315479 -0.008512496 -0.008904874 0.02334731 -0.008437275 -0.008486807 0.02338695 -0.007995545 -0.008239865 0.02319085 -0.008275687 -0.007360875 0.02330237 -0.008740305 -0.007517099 0.02336871 -0.009360015 -0.008408844 0.02345991 -0.009425818 -0.008517622 0.02356398 -0.008491635 -0.008653998 0.02352911 -0.00881052 -0.008614778 0.02349615 -0.009131252 -0.007911562 0.02341133 -0.009556949 -0.007359325 0.02333301 -0.009044289 -0.007574081 0.02325969 -0.008384048 -0.007905602 0.02322578 -0.008249878 -0.008622229 0.02309072 -0.009141445 -0.007352709 0.02290111 -0.008780241 -0.00752747 0.02286112 -0.008423805 -0.007350504 0.02252036 -0.00900644 -0.007661342 0.02243977 -0.008321881 -0.008128106 0.02239418 -0.00824511 -0.007005095 0.02229136 -0.008698105 -0.00723648 0.0222578 -0.008231759 -0.007072746 0.02233403 -0.009337544 -0.007513165 0.02237492 -0.00979042 -0.007734417 0.02222096 -0.00790888 -0.00843203 0.02217495 -0.007966399 -0.008868932 0.02213793 -0.00837171 -0.009004533 0.02211046 -0.0087893 -0.008923411 0.02207565 -0.009337306 -0.008504629 0.02203541 -0.009775221 -0.008131146 0.02201044 -0.009898722 -0.007974982 0.02079081 -0.008237898 -0.007715284 0.02100765 -0.007928311 -0.007339537 0.02103537 -0.008130609 -0.007584929 0.0208317 -0.008379042 -0.007093369 0.02106153 -0.008458316 -0.006979763 0.0210945 -0.008961319 -0.007384538 0.02091389 -0.009151041 -0.007219135 0.02113568 -0.009548425 -0.007612586 0.02094876 -0.009426951 -0.007593989 0.02116584 -0.009821414 -0.007901966 0.02098065 -0.009549438 -0.008014917 0.02119272 -0.009917616 -0.008262097 0.02101516 -0.009507954 -0.008530795 0.02122819 -0.00975877 -0.008917391 0.02126562 -0.009342432 -0.008658409 0.02109003 -0.008902251 -0.00900948 0.02129721 -0.008839547 -0.008549153 0.02112936 -0.008511662 -0.00883001 0.02133351 -0.008294582 -0.008305251 0.02137523 -0.007926225 -0.008012294 0.02119004 -0.00822854 -0.007734477 0.02141219 -0.007918536 -0.007601916 0.02123379 -0.008372604 -0.00733 0.0214414 -0.008142411 -0.007362127 0.02127552 -0.008711338 -0.007057487 0.02147114 -0.008521318 -0.007022023 0.02151769 -0.009222626 -0.007370054 0.0213117 -0.009081423 -0.007526457 0.02134251 -0.00935775 -0.007555961 0.02156811 -0.009827673 -0.007829427 0.02137684 -0.009538233 -0.00816375 0.02160799 -0.009901702 -0.008617639 0.02163875 -0.009701848 -0.008425772 0.02143949 -0.009403467 -0.008960962 0.02167564 -0.009247422 -0.008629798 0.02147632 -0.009099066 -0.00862658 0.02151864 -0.008677423 -0.008988797 0.02171355 -0.00865221 -0.00877279 0.02174359 -0.008249282 -0.008433282 0.02155089 -0.008405447 -0.008431851 0.0217719 -0.007981598 -0.008142769 0.02158337 -0.008252024 -0.007922112 0.02180516 -0.007887959 -0.007426083 0.02183771 -0.008059859 -0.007042706 0.02187693 -0.008532106 -0.007368981 0.02168047 -0.00871098 -0.007362008 0.0217148 -0.009058833 -0.007009029 0.021914 -0.009104311 -0.007256209 0.02194982 -0.009589076 -0.007747411 0.02177244 -0.009513676 -0.00772041 0.02198344 -0.009870886 -0.008440971 0.02184712 -0.009390771 -0.00863558 0.02188366 -0.009076356 -0.008517742 0.02194386 -0.008487999 -0.008280098 0.0219736 -0.008305013 -0.007923364 0.02200955 -0.008235991 -0.00753808 0.02205258 -0.008423447 -0.00734049 0.02209597 -0.008811473 -0.007426381 0.02213662 -0.009224832 -0.00762701 0.02216541 -0.009437441 -0.008645176 0.02191311 -0.008766114 -0.008159279 0.02181488 -0.009536206 -0.00749123 0.02174168 -0.009314894 -0.007561862 0.02164322 -0.008403897 -0.007819831 0.02161425 -0.008266568 -0.008143603 0.0214076 -0.009540736 -0.008562505 0.02105289 -0.009251952 -0.007358849 0.02087211 -0.008739829 -0.008643865 0.02094346 -0.008100152 -0.008172869 0.02097988 -0.007900536 -0.009010076 0.02089995 -0.008719325 -0.008944034 0.02086478 -0.009257435 -0.00863552 0.02083015 -0.009699523 -0.008005678 0.02078872 -0.009915173 -0.007364928 0.02074456 -0.009707093 -0.007017135 0.0207026 -0.009146332 -0.007016122 0.02066892 -0.008647203 -0.007224321 0.0206409 -0.008253872 -0.007574617 0.02061176 -0.007974863 -0.008920252 0.01970404 -0.008429467 -0.008744597 0.01956957 -0.0086236 -0.008472561 0.01956945 -0.008335173 -0.00811392 0.01956838 -0.008236467 -0.008417606 0.01974743 -0.007970809 -0.007925391 0.01977902 -0.00789076 -0.007493615 0.01980811 -0.008019328 -0.007162451 0.01983737 -0.00833261 -0.007347881 0.01966267 -0.008789539 -0.006978094 0.01987999 -0.008945763 -0.007435858 0.0197094 -0.009257137 -0.007298767 0.01992911 -0.009651958 -0.007756471 0.01974946 -0.009509444 -0.007836997 0.0199666 -0.00989592 -0.008283674 0.01999592 -0.009871721 -0.008145749 0.01978796 -0.00954765 -0.008671224 0.02002328 -0.009656548 -0.008963108 0.02005648 -0.009236514 -0.008534729 0.01983308 -0.009300827 -0.008656442 0.01987111 -0.008943974 -0.008983433 0.02009487 -0.008643627 -0.008581757 0.01990872 -0.008573234 -0.008759737 0.02012473 -0.008229374 -0.008329749 0.01994287 -0.008330404 -0.008368849 0.02015638 -0.007950365 -0.007985651 0.01997745 -0.008228659 -0.007714092 0.02019709 -0.007913291 -0.007227957 0.02023541 -0.008244931 -0.007567286 0.02002185 -0.008395493 -0.007031738 0.02026247 -0.008613228 -0.00735706 0.02006292 -0.008753955 -0.006999909 0.02029204 -0.009073972 -0.007379651 0.02010232 -0.0091421 -0.007267713 0.02033418 -0.009622991 -0.007655024 0.02014493 -0.009457945 -0.00792104 0.02017098 -0.009550929 -0.007989287 0.02038276 -0.009921252 -0.00822699 0.02020245 -0.009520173 -0.008655965 0.02042824 -0.009679794 -0.008499979 0.02023524 -0.009323477 -0.008983194 0.02046686 -0.009153068 -0.008640885 0.02026563 -0.009056568 -0.008617222 0.0203073 -0.00865215 -0.008958578 0.02050447 -0.00853312 -0.0083431 0.02034699 -0.008328855 -0.008615314 0.02054232 -0.008092939 -0.00812447 0.02057677 -0.007886409 -0.007727921 0.02040946 -0.008296132 -0.007453322 0.02044439 -0.00852853 -0.007351338 0.02047276 -0.00879842 -0.007369756 0.02050197 -0.009100615 -0.007559955 0.02053701 -0.009384334 -0.007826626 0.02056831 -0.009533643 -0.00825107 0.02061039 -0.009515166 -0.008360445 0.02074861 -0.008336544 -0.008610248 0.02071142 -0.008645296 -0.008656322 0.02067989 -0.008952736 -0.008569002 0.02065175 -0.009232938 -0.008037209 0.02037823 -0.008243083 -0.007601916 0.01961344 -0.008346855 -0.008995354 0.019661 -0.009095549 -0.008846402 0.01956951 -0.009074151 -0.008673131 0.01956945 -0.00951898 -0.008742392 0.01962476 -0.009600818 -0.008250653 0.01958268 -0.009877979 -0.00785768 0.0195645 -0.00990647 -0.007157325 0.01957011 -0.00914514 -0.007359504 0.01956969 -0.009568333 -0.007272183 0.01956987 -0.008579432 -0.007613241 0.01956993 -0.008273065 -0.001835823 0.03387433 -0.001654684 -0.001492679 0.03372865 -0.001678168 -0.001704692 0.03382295 -0.001811444 -0.001687645 0.03363579 -0.001899421 -0.001977324 0.03372138 -0.001809358 -0.002050399 0.03373163 -0.001596093 -0.00188744 0.03385758 -0.001523971 -0.00198245 0.03374546 -0.001419067 -0.001849174 0.03362953 -0.001304268 -0.001666486 0.03375023 -0.001346528 -0.001526653 0.03373169 -0.001466929 -0.001665532 0.03386211 -0.001511216 -0.002072274 0.0264694 -0.001536488 -0.001990258 0.0264694 -0.001815795 -0.001684129 0.0264694 -0.001902639 -0.001468718 0.0264694 -0.00166136 -0.001564621 0.0264694 -0.001373052 -0.001865863 0.0264694 -0.001308441 -0.001829922 0.0264694 -0.002055943 -0.001330256 0.0264694 -0.001735031 -0.001360237 0.0264694 -0.001406848 -0.001534521 0.0264694 -0.00199002 -0.002101898 0.0264694 -0.001913905 -0.002231299 0.0264694 -0.001607656 -0.002067148 0.0264694 -0.001244843 -0.001642346 0.0264694 -0.001148939 -0.002230286 0.02636945 -0.001640439 -0.00208348 0.02636945 -0.001932322 -0.001803696 0.02636945 -0.002056777 -0.001512706 0.02636945 -0.001975834 -0.001322448 0.02636945 -0.001703202 -0.001372039 0.02636945 -0.001383662 -0.001671731 0.02636945 -0.001144886 -0.002095162 0.02636945 -0.001270055 0.003575444 0.02636945 -0.005925893 0.001747667 0.02636945 -0.006070971 0.002776861 0.02636945 -0.005471408 0.001057624 0.02636945 -0.003794133 0.004105567 0.02636945 -0.004080772 0.002565145 0.02636945 -0.00458008 0.003110229 0.02636945 -0.005196988 0.002350449 0.02636945 -0.005377292 0.002231836 0.02636945 -0.0048545 0.002991557 0.02636945 -0.004674255 4.75457e-4 0.02636945 -0.005724132 -0.001395881 0.02636945 -0.004347681 -6.09164e-4 0.02636945 -0.005724132 -0.002212464 0.02636945 -0.005724132 0.002354741 0.02636945 -0.003058552 4.3833e-4 0.02636945 -0.0011698 4.75457e-4 0.02636945 -0.004133224 -1.06726e-4 0.02636945 -0.004552781 -0.002127051 0.02636945 -0.002486765 0.002544999 0.02636945 -0.002785921 -6.32933e-4 0.02636945 -0.002996921 -0.00109601 0.02636945 6.39476e-5 1.05023e-4 0.02636945 -0.00144416 -3.21385e-4 0.02636945 -0.001350045 6.14506e-4 0.02636945 1.5864e-4 -4.49607e-4 0.02636945 -8.96979e-4 -0.002223968 0.02636945 -0.00512731 -0.002352178 0.02636945 -0.004674255 -0.001987159 0.02636945 -3.03999e-4 -8.4759e-4 0.02636945 -0.003794133 -0.001273989 0.02636945 -0.003700017 -5.14286e-4 0.02636945 -0.003519773 -0.001059293 0.02636945 -0.002902805 -0.001392602 0.02636945 -0.003177225 0.00187534 0.02636945 -0.0020473 0.002208709 0.02636945 -0.00177288 0.002168715 0.02636945 -0.001383662 0.001869022 0.02636945 -0.001144886 0.001320779 0.02636945 -0.00150007 0.001448988 0.02636945 -0.001953184 0.001510977 0.02636945 -0.001227438 0.003736853 0.02636945 -0.002204835 0.002836048 0.02636945 -0.002704977 0.002704024 0.02636945 -0.003616929 0.002404332 0.02636945 -0.003378152 0.003062069 0.02636945 -0.003534317 6.3123e-4 0.02636945 -0.003700017 0.001390933 0.02636945 -0.003519773 8.45889e-4 0.02636945 -0.002902805 5.12584e-4 0.02636945 -0.003177225 0.001272261 0.02636945 -0.002996921 1.05022e-4 0.02636945 -0.005444109 4.3833e-4 0.02636945 -0.005169749 -4.40032e-4 0.02636945 -0.004827201 -3.21385e-4 0.02636945 -0.005349993 3.19683e-4 0.02636945 -0.004646897 -0.0015347 0.02636945 -0.005976796 -9.80105e-4 0.02636945 -0.006524026 -0.001170277 0.02636945 -0.006796658 -6.17208e-4 0.02636945 -0.007969319 -0.001528322 0.02636945 -0.00687921 -0.00174129 0.02636945 -0.007618248 -0.001108288 0.02636945 -0.006070971 -0.001868009 0.02636945 -0.006251215 -0.001828014 0.02636945 -0.006640493 -0.002562761 0.02636945 -0.007113575 -0.003240346 0.02636945 -0.006422638 -0.003743112 0.02636945 -0.005600094 -0.002778589 0.02636945 -0.00458008 -0.002772212 0.02636945 -0.005482494 -0.003111898 0.02636945 -0.0048545 -0.003071904 0.02636945 -0.005243778 -0.004056036 0.02636945 -0.004573583 -0.002414166 0.02636945 -0.005399942 -0.004099905 0.02636945 -0.003710806 -0.002837717 0.02636945 -0.00361526 -0.00316888 0.02636945 -0.003447651 -0.00398004 0.02636945 -0.002865731 -0.003253996 0.02636945 -0.003058552 -0.002356469 0.02636945 -0.003261685 -0.002546727 0.02636945 -0.003534376 -0.003063738 0.02636945 -0.002785921 -0.00240606 0.02636945 -0.002942144 -0.002705752 0.02636945 -0.002703368 -0.003669202 0.02636945 -0.002059459 -0.003215909 0.02636945 -0.001336514 -0.002604126 0.02636945 -7.26466e-4 -1.38807e-4 0.02636945 2.05992e-4 9.86379e-5 0.02636945 -5.41772e-4 -2.5938e-4 0.02636945 -6.24325e-4 3.98337e-4 0.02636945 -7.80543e-4 0.001442134 0.02636945 -4.90673e-5 0.002389252 0.02636945 -5.53702e-4 0.003244221 0.02636945 -0.001366257 0.004013478 0.02636945 -0.00301218 0.003252267 0.02636945 -0.003261685 0.003167152 0.02636945 -0.002872645 0.00394535 0.02636945 -0.005035638 0.00235033 0.02636945 -0.007265627 0.002998948 0.02636945 -0.006703257 0.001875877 0.02636945 -0.006524026 0.001598894 0.02636945 -0.007680892 0.001685678 0.02636945 -0.006796658 9.87977e-4 0.02636945 -0.006251215 0.001321315 0.02636945 -0.005976796 0.001327633 0.02636945 -0.00687921 5.69434e-4 0.02636945 -0.007208406 6.0291e-4 0.02636945 -0.007965147 0.001027941 0.02636945 -0.006640434 1.67001e-4 0.02636945 -0.006854772 -2.45324e-4 0.02636945 -0.006895542 -5.70658e-4 0.02636945 -0.007202982 5.88374e-4 0.03506934 -0.007969439 5.78485e-4 0.03506934 -0.007237434 3.00061e-4 0.03506934 -0.006924092 -5.98607e-4 0.03506934 -0.007962703 -1.0573e-4 0.03506934 -0.006840467 -5.56681e-4 0.03506934 -0.007169306 -0.004044294 0.0362693 -0.004616975 -0.00368905 0.03626912 -0.00573945 -0.002930521 0.03626924 -0.006782472 -0.00190258 0.03626912 -0.007555723 -6.76815e-4 0.03626865 -0.007952928 0.001247763 0.03626853 -0.007826328 0.002389252 0.03626924 -0.007243216 0.003030538 0.0362693 -0.006664276 0.003543078 0.03626924 -0.005981862 0.00399357 0.03626918 -0.004891812 0.004105448 0.03626972 -0.003718674 2.03443e-4 0.03627002 -0.007997751 -4.66045e-4 0.0264694 -0.001074731 -2.18841e-4 0.0264694 -0.001397728 7.90683e-5 0.0264694 -0.001447737 3.44285e-4 0.0264694 -0.001294732 4.64342e-4 0.0264694 -9.22324e-4 2.17145e-4 0.0264694 -5.99351e-4 -8.07568e-5 0.0264694 -5.49284e-4 -3.45992e-4 0.0264694 -7.02311e-4 -0.00313276 0.0264694 -0.005031764 -0.002960205 0.0264694 -0.005389392 -0.002592802 0.0264694 -0.005474984 -0.002327561 0.0264694 -0.005321979 -0.002207517 0.0264694 -0.004949569 -0.002454757 0.0264694 -0.004626572 -0.002752602 0.0264694 -0.004576504 -0.003017842 0.0264694 -0.004729509 -0.00141865 0.0264694 -0.003424704 -0.00117141 0.0264694 -0.003747701 -8.73545e-4 0.0264694 -0.003797709 -6.08329e-4 0.0264694 -0.003644704 -4.88273e-4 0.0264694 -0.003272294 -7.35477e-4 0.0264694 -0.002949297 -0.001033365 0.0264694 -0.002899229 -0.001298546 0.0264694 -0.003052234 -0.003265261 0.0264694 -0.003166198 -0.003135919 0.0264694 -0.003472447 -0.002863883 0.0264694 -0.003614425 -0.002568542 0.0264694 -0.003548502 -0.002364218 0.0264694 -0.003293514 -0.002394199 0.0264694 -0.002965331 -0.002676367 0.0264694 -0.002707421 -0.00310117 0.0264694 -0.002803325 -0.001893997 0.0264694 -0.006498694 -0.001646816 0.0264694 -0.006821691 -0.001348912 0.0264694 -0.0068717 -0.001083731 0.0264694 -0.006718695 -9.63665e-4 0.0264694 -0.006346225 -0.001210808 0.0264694 -0.006023287 -0.001508712 0.0264694 -0.005973219 -0.001773953 0.0264694 -0.006126224 0.001417994 0.0264694 -0.00192219 0.001849412 0.0264694 -0.002050876 0.002114653 0.0264694 -0.001897871 0.002234697 0.0264694 -0.001525402 0.001987576 0.0264694 -0.001202464 0.001622855 0.0264694 -0.00115776 0.001328527 0.0264694 -0.001468241 0.002452015 0.0264694 -0.003480672 0.002883434 0.0264694 -0.003609418 0.003148615 0.0264694 -0.003456354 0.003263592 0.0264694 -0.003154098 0.003134191 0.0264694 -0.00284785 0.002862215 0.0264694 -0.002705872 0.002566814 0.0264694 -0.002771735 0.002362549 0.0264694 -0.003026723 4.86571e-4 0.0264694 -0.003424704 7.33774e-4 0.0264694 -0.003747701 0.001031637 0.0264694 -0.003797709 0.001296877 0.0264694 -0.003644704 0.001416921 0.0264694 -0.003272294 0.001169741 0.0264694 -0.002949297 8.71845e-4 0.0264694 -0.002899229 6.06625e-4 0.0264694 -0.003052234 -4.66045e-4 0.0264694 -0.005074679 -2.18842e-4 0.0264694 -0.005397677 7.90682e-5 0.0264694 -0.005447685 3.44286e-4 0.0264694 -0.00529468 4.64343e-4 0.0264694 -0.00492227 2.1714e-4 0.0264694 -0.004599273 -8.07709e-5 0.0264694 -0.004549205 -3.45987e-4 0.0264694 -0.00470221 9.61963e-4 0.0264694 -0.006498694 0.001209139 0.0264694 -0.006821691 0.00157386 0.0264694 -0.006866335 0.001868128 0.0264694 -0.006555855 0.001778662 0.0264694 -0.006101906 0.001347243 0.0264694 -0.005973219 0.001082003 0.0264694 -0.006126224 0.002210974 0.0264694 -0.005031764 0.00238353 0.0264694 -0.005389392 0.002750933 0.0264694 -0.005474984 0.003016173 0.0264694 -0.005321979 0.003136217 0.0264694 -0.004949569 0.002888977 0.0264694 -0.004626572 0.002591133 0.0264694 -0.004576504 0.002325892 0.0264694 -0.004729509 0.00394535 0.0362693 -0.002761304 0.003526031 0.03626918 -0.001776397 0.00277388 0.03626924 -8.65181e-4 0.00198543 0.0362693 -3.04004e-4 0.001094341 0.03626924 6.39293e-5 -1.82511e-4 0.03626912 2.19669e-4 -0.001443862 0.03626924 -4.90862e-5 -0.002301752 0.0362693 -4.96801e-4 -0.002958714 0.0362693 -0.001049458 -0.003658056 0.03626912 -0.001996695 -0.004096031 0.03626942 -0.0034312 -0.004108667 0.03636926 -0.00294739 -0.00350672 0.0363692 -0.001531958 -0.002586543 0.03636932 -5.79971e-4 -0.001645982 0.03636926 -1.61679e-5 -3.65786e-4 0.03636926 3.02196e-4 7.35104e-4 0.03636932 2.43594e-4 0.00178343 0.03636926 -7.8126e-5 0.002960205 0.03636926 -8.87985e-4 0.003842413 0.03636926 -0.002149105 0.004184901 0.03636926 -0.003430902 0.004151582 0.03636926 -0.004687488 0.003711044 0.03636932 -0.005878388 0.003081142 0.03636926 -0.006776034 0.001852095 0.0363692 -0.00770086 5.79228e-4 0.03636932 -0.008065283 -4.08084e-4 0.03636926 -0.008090019 -0.001375675 0.03636932 -0.007874429 -0.002266585 0.03636926 -0.007448256 -0.003184735 0.03636926 -0.006662845 -0.003834426 0.03636926 -0.005641579 -0.004201591 0.03636926 -0.004348337 9.67679e-5 0.0264694 -0.001295328 3.01184e-4 0.0264694 -0.001055359 -2.10449e-4 0.0264694 -0.00122404 2.05749e-4 0.0264694 -7.69978e-4 -3.01928e-4 0.0264694 -9.3343e-4 -9.54915e-5 0.0264694 -7.05338e-4 2.73588e-4 0.03374248 -0.001072049 2.05913e-4 0.03373497 -8.00251e-4 4.77759e-6 0.03373169 -7.19372e-4 -1.9914e-4 0.03373497 -7.91776e-4 -2.81359e-4 0.03372502 -9.90227e-4 -2.12574e-4 0.03374183 -0.001186311 8.18701e-5 0.03362393 -0.001297473 -1.22221e-4 0.03385859 -0.001061677 -6.25326e-5 0.03385692 -8.72007e-4 1.23405e-4 0.03385782 -9.36679e-4 5.33129e-5 0.03378063 -0.001238524 2.85727e-5 0.03387153 -0.00106734 -0.002672851 0.0264694 -0.005327165 -0.002444446 0.0264694 -0.005237698 -0.002905547 0.02646946 -0.005223214 -0.00237745 0.0264694 -0.004932761 -0.00260812 0.0264694 -0.004724502 -0.002954602 0.0264694 -0.004874169 -0.002426564 0.0337392 -0.004903197 -0.00258845 0.03374397 -0.004756689 -0.002865731 0.03374516 -0.004819512 -0.002967894 0.03361833 -0.005125582 -0.00274533 0.03362107 -0.005328178 -0.002503573 0.03361862 -0.00528115 -0.002414882 0.03371596 -0.005146563 -0.002927362 0.03376293 -0.005025744 -0.002388596 0.03373402 -0.005025625 -0.002745568 0.03386914 -0.00493133 -0.002557575 0.03386527 -0.005023777 -0.002608656 0.03378087 -0.005263268 -0.00284028 0.03378146 -0.005208969 -0.002666473 0.03386777 -0.005141615 -8.46491e-4 0.0264694 -0.003641843 -6.50535e-4 0.0264694 -0.003394722 -0.001107871 0.0264694 -0.003605663 -0.001255989 0.02646946 -0.003402948 -0.001154601 0.02646946 -0.003115355 -7.94342e-4 0.02646946 -0.003075301 -6.74462e-4 0.03361845 -0.003228008 -7.97427e-4 0.03361892 -0.003085196 -0.001057147 0.0336188 -0.003052055 -0.001257777 0.03362637 -0.003298938 -0.001232147 0.03361827 -0.00346893 -0.001104891 0.0336185 -0.003612637 -8.74843e-4 0.03362125 -0.003649234 -6.86155e-4 0.03361845 -0.003495454 -0.001210629 0.03377586 -0.003333508 -0.001004099 0.03377914 -0.003103852 -7.72406e-4 0.03378057 -0.003181636 -6.709e-4 0.03373289 -0.0033499 -9.97515e-4 0.03386807 -0.003251314 -8.36871e-4 0.03386592 -0.003354132 -8.16827e-4 0.03379493 -0.003559887 -0.001127183 0.03378015 -0.003528356 -0.001041173 0.03387159 -0.003373861 -0.002503037 0.0264694 -0.003210425 -0.002852618 0.0264694 -0.00346601 -0.002604067 0.02646946 -0.002927005 -0.002637743 0.0264694 -0.003409028 -0.003095805 0.0264694 -0.003058552 -0.003066301 0.0264694 -0.003307878 -0.002885937 0.02646946 -0.002867102 -0.002526223 0.03361845 -0.003039658 -0.002518117 0.03371965 -0.003160655 -0.002649188 0.03361892 -0.002896845 -0.002908885 0.0336188 -0.002863705 -0.003115534 0.03362238 -0.003125667 -0.003047645 0.03362083 -0.003343999 -0.002814412 0.03362005 -0.00347346 -0.002560913 0.03369259 -0.003323376 -0.003062367 0.03377592 -0.003145098 -0.002855896 0.03377914 -0.002915501 -0.002624154 0.03378057 -0.002993345 -0.002843379 0.03386622 -0.003052532 -0.002693474 0.03386688 -0.003180027 -0.002608299 0.03382152 -0.003160119 -0.002630233 0.03383582 -0.003160119 -0.002653539 0.03384774 -0.003160119 -0.002757012 0.03377926 -0.003404259 -0.002986967 0.03378069 -0.00332576 -0.002898335 0.0338692 -0.003185272 -0.001415133 0.0264694 -0.006723642 -0.001200556 0.02646946 -0.006622791 -0.001633107 0.0264694 -0.006652534 -0.001128852 0.0264694 -0.00642246 -0.001731157 0.02646946 -0.006364405 -0.001227676 0.02646946 -0.006189346 -0.00153017 0.0264694 -0.006131708 -0.001149833 0.03361845 -0.006301999 -0.001286506 0.03361922 -0.006149232 -0.00148946 0.03361916 -0.006125926 -0.001667797 0.03362005 -0.006228387 -0.001734197 0.03362178 -0.00641942 -0.00167793 0.0336185 -0.006599903 -0.001437962 0.03362005 -0.006735801 -0.001181721 0.03369092 -0.006583392 -0.001144886 0.03372955 -0.006422996 -0.001685976 0.03377592 -0.006407439 -0.001479506 0.03377914 -0.006177842 -0.001247763 0.03378057 -0.006255626 -0.001472353 0.03386747 -0.006323099 -0.00131464 0.03386694 -0.006429731 -0.001380622 0.03377926 -0.0066666 -0.001610577 0.03378069 -0.006588101 -0.001515448 0.03387147 -0.00644803 0.001867175 0.0264694 -0.001898467 0.002071559 0.0264694 -0.001658499 0.001559913 0.0264694 -0.00182718 0.00167489 0.0264694 -0.001308441 0.001976132 0.0264694 -0.001373052 0.00146842 0.0264694 -0.001536548 0.002043962 0.03374248 -0.001675128 0.001987814 0.03375023 -0.001433074 0.001850724 0.03362953 -0.001305162 0.00167787 0.03374546 -0.001337885 0.00149399 0.03372889 -0.001518547 0.001557826 0.03374183 -0.001789391 0.001852273 0.03362393 -0.001900613 0.001648128 0.03385859 -0.001664817 0.001707851 0.03385692 -0.001475095 0.001893758 0.03385782 -0.001539766 0.001823663 0.03378063 -0.001841664 0.001798927 0.03387153 -0.001670479 0.0031057 0.0264694 -0.003210484 0.002756118 0.0264694 -0.00346601 0.002962648 0.02646946 -0.00288695 0.002970993 0.0264694 -0.003409028 0.002512931 0.0264694 -0.003058552 0.002653539 0.0264694 -0.002900362 0.002542436 0.0264694 -0.003307878 0.003082513 0.03361845 -0.003039717 0.00309062 0.03371965 -0.003160655 0.002888679 0.03362005 -0.002852797 0.002571344 0.03362011 -0.00295341 0.002497076 0.03362196 -0.003167629 0.002561092 0.03362083 -0.003343999 0.002794325 0.03362005 -0.00347346 0.003047823 0.03369259 -0.003323376 0.00254637 0.03377592 -0.003145098 0.00275284 0.03377914 -0.002915501 0.002984583 0.03378057 -0.002993345 0.002761185 0.03386306 -0.003039836 0.002714633 0.03387016 -0.003167986 0.002874433 0.03386932 -0.003116369 0.003000438 0.03382152 -0.003160119 0.002978503 0.03383582 -0.003160119 0.002955198 0.03384774 -0.003160119 0.002851665 0.03377926 -0.003404259 0.002621769 0.03378069 -0.00332576 0.002845466 0.033863 -0.00328058 0.001036882 0.0264694 -0.003652989 0.001250982 0.02646946 -0.003409385 7.30312e-4 0.02646946 -0.003556311 6.46357e-4 0.0264694 -0.00329411 8.57119e-4 0.0264694 -0.003055274 0.001158297 0.0264694 -0.003119885 0.001246392 0.03361904 -0.003448426 0.001170277 0.03362923 -0.003132343 8.73864e-4 0.03362923 -0.003051102 7.4129e-4 0.0337482 -0.003167152 6.52618e-4 0.03361976 -0.003425955 7.98656e-4 0.0336185 -0.003611564 0.001034498 0.03362166 -0.003647565 6.99513e-4 0.03376626 -0.003348469 0.001024544 0.03377079 -0.003102302 0.001204073 0.03377258 -0.003298103 8.27397e-4 0.03386908 -0.003342747 0.001031935 0.03386926 -0.003267705 0.001077353 0.0337913 -0.00356549 7.84653e-4 0.0337823 -0.003531277 9.79756e-4 0.03386807 -0.003444015 8.62069e-5 0.0264694 -0.005299508 3.05042e-4 0.0264694 -0.005049407 -2.20035e-4 0.0264694 -0.005212485 -2.95882e-4 0.02646946 -0.004904985 2.00285e-4 0.02646946 -0.004765331 -8.15717e-5 0.02646946 -0.004705429 3.02218e-4 0.03362452 -0.004939496 1.55177e-4 0.03361892 -0.004735112 -1.04534e-4 0.0336188 -0.004702031 -3.04267e-4 0.03362339 -0.004943847 -2.30604e-4 0.03361648 -0.005210876 4.94144e-5 0.03373509 -0.005277574 2.30539e-4 0.03361678 -0.00520879 -2.58069e-4 0.03377586 -0.004983484 -5.15296e-5 0.03377914 -0.004753828 1.80212e-4 0.03378057 -0.004831671 2.60163e-4 0.03376615 -0.005011856 -4.31717e-5 0.03386306 -0.004878163 -9.84545e-5 0.03387081 -0.005022227 1.12668e-4 0.03386896 -0.005025684 1.96093e-4 0.03382152 -0.004998445 1.74147e-4 0.03383582 -0.004998445 1.50832e-4 0.03384774 -0.004998445 -1.85009e-4 0.03376919 -0.005181789 0.001440823 0.0264694 -0.006723642 0.00165534 0.02646946 -0.00662285 0.001222848 0.0264694 -0.006652534 0.001727104 0.0264694 -0.00642246 0.001124799 0.02646946 -0.006364405 0.001325845 0.0264694 -0.006131708 0.00162822 0.02646946 -0.006189346 0.001706123 0.03361845 -0.006301999 0.001569449 0.03361922 -0.006149232 0.001366496 0.03361916 -0.006125926 0.001188158 0.03362005 -0.006228387 0.001121759 0.03362178 -0.00641942 0.001178026 0.0336185 -0.006599903 0.001417994 0.03362005 -0.006735801 0.001674294 0.03369092 -0.006583392 0.001713275 0.0337212 -0.006422698 0.001169979 0.03377592 -0.006407439 0.00137645 0.03377914 -0.006177842 0.001608192 0.03378057 -0.006255626 0.001384794 0.03386306 -0.006302177 0.001336276 0.03387022 -0.006418704 0.001517713 0.03386962 -0.006428539 0.001578807 0.03384774 -0.00642246 0.001624047 0.03382152 -0.00642246 0.001602113 0.03383582 -0.00642246 0.001475334 0.03377926 -0.0066666 0.001245439 0.03378069 -0.006588101 0.001469075 0.033863 -0.006542921 0.002670884 0.0264694 -0.005327165 0.002899289 0.0264694 -0.005237698 0.002438187 0.02646946 -0.005223214 0.002966284 0.0264694 -0.004932761 0.002389132 0.0264694 -0.004874169 0.002735614 0.0264694 -0.004724502 0.00291717 0.0337392 -0.004903197 0.002755284 0.03374397 -0.004756689 0.002478003 0.03374516 -0.004819512 0.002375841 0.03361833 -0.005125582 0.002598404 0.03362107 -0.005328178 0.002840161 0.03361862 -0.00528115 0.002928853 0.03371596 -0.005146563 0.002416372 0.03376293 -0.005025744 0.002955138 0.03373402 -0.005025625 0.002598166 0.03386914 -0.00493133 0.002786159 0.03386527 -0.005023777 0.002735078 0.03378087 -0.005263268 0.002503454 0.03378146 -0.005208969 0.002677261 0.03386777 -0.005141615 0.00121051 0.03636932 9.72794e-4 0.002771854 0.03636938 2.94717e-4 0.003831446 0.03636932 -6.74201e-4 -0.004756569 0.03636932 -0.002311825 -0.004251539 0.03636932 -0.001250028 -0.003426492 0.03636932 -2.29442e-4 -0.00126028 0.03636932 9.54131e-4 -9.48255e-5 0.03636932 0.001108884 0.004547178 0.03636932 -0.001774251 0.005003929 0.03636938 -0.003424525 -0.0023579 0.03636932 5.20464e-4 0.00258708 0.03636932 -0.008199572 0.004894614 0.03636932 -0.004979372 -0.005005836 0.03636932 -0.003603935 0.004390895 0.03636932 -0.006329417 0.003606379 0.03636932 -0.007372796 0.001385867 0.03636932 -0.00871098 -0.003573596 0.03636932 -0.007415533 -0.00449866 0.03636938 -0.006143569 -0.004931867 0.03636932 -0.004774689 -4.24607e-5 0.03636938 -0.008925318 -0.00158751 0.03636932 -0.008654177 -0.002649247 0.03636932 -0.008149206 0.004998326 0.0362696 -0.004974842 0.004604578 0.03626954 -0.006109178 0.003883481 0.03626966 -0.007234334 0.002882122 0.03626954 -0.008115768 0.001819133 0.0362696 -0.008677423 6.53397e-4 0.03626954 -0.008964955 -6.82928e-4 0.03626966 -0.008973002 -0.002093017 0.0362696 -0.008564651 -0.003336668 0.03626966 -0.007782816 -0.004373669 0.03626966 -0.006561934 -0.004902541 0.03626954 -0.005337297 -0.005095601 0.03626966 -0.004277527 -0.005049526 0.0362696 -0.003085255 -0.004667043 0.0362696 -0.001806259 -0.00396651 0.0362696 -6.6987e-4 -0.003100633 0.03626954 1.62085e-4 -0.002188682 0.03626954 7.17848e-4 -9.20249e-4 0.03626966 0.001138389 6.81234e-4 0.03626966 0.001175999 0.002091348 0.0362696 7.6769e-4 0.003334999 0.03626966 -1.41792e-5 0.004216372 0.03626954 -0.001015424 0.004830181 0.03626966 -0.002202451 0.005105614 0.03626966 -0.00364679 -0.005042493 0.03556972 -0.003006339 -0.004627823 0.03556942 -0.001733481 -0.0040766 0.03556942 -8.18814e-4 -0.003441154 0.03556936 -1.27672e-4 -0.002702236 0.03556942 4.3724e-4 -0.001619219 0.03556948 9.52302e-4 -5.67684e-4 0.03556936 0.001174271 6.26208e-4 0.03556966 0.001182973 0.001918971 0.03556942 8.35474e-4 0.003082931 0.03556966 1.8866e-4 0.004028737 0.03556942 -7.58703e-4 0.00453186 0.03556936 -0.001551389 0.004886269 0.03556942 -0.002411246 0.00509268 0.03556722 -0.003487288 0.005039453 0.03557074 -0.004796028 0.004626154 0.03556942 -0.006063461 0.003919303 0.03556966 -0.007191956 0.003026306 0.03556936 -0.00800836 0.002232491 0.03556942 -0.008492827 0.001101613 0.03556948 -0.00889188 -9.66814e-5 0.03556942 -0.009006023 -0.001029312 0.03556936 -0.008898198 -0.00192064 0.03556942 -0.008632481 -0.00275278 0.03556936 -0.008197486 -0.003489732 0.03556942 -0.00762999 -0.004022538 0.03545296 -0.00708884 -0.004472017 0.03556942 -0.006369233 -0.004887998 0.03556942 -0.005385696 -0.005092918 0.03556907 -0.004318654 -0.005172312 0.03542828 -0.003867685 -0.004989385 0.03542822 -0.002532005 -0.004956841 0.03536325 -0.00177592 -0.00452876 0.03542816 -0.001409232 -0.00364238 0.03536939 3.91545e-6 -0.00391221 0.03542816 -5.22184e-4 -0.002909481 0.03542828 3.86229e-4 -0.00237143 0.03536391 9.39033e-4 -0.00182867 0.03542816 9.30089e-4 -7.81503e-4 0.03542822 0.001214504 -3.24284e-5 0.03536385 0.001498639 2.93236e-4 0.03542816 0.001256048 0.001150071 0.03536939 0.001304268 0.001365602 0.03542822 0.00108999 0.002692341 0.03536933 6.82696e-4 0.002730369 0.03542828 5.01452e-4 0.003988444 0.03536939 -3.65873e-4 0.003862142 0.03542822 -4.59046e-4 0.004686117 0.03542828 -0.00169593 0.004989445 0.03536939 -0.002030074 0.005084514 0.03542816 -0.00298357 0.005390167 0.03536236 -0.003834307 0.005155265 0.03542828 -0.004463434 0.00503534 0.03536951 -0.005730211 0.004660487 0.03542828 -0.006154775 0.003828883 0.03536933 -0.00759226 0.003644824 0.0354284 -0.007587194 0.002244591 0.0353651 -0.008795678 0.002201676 0.03542828 -0.008585512 7.79812e-4 0.03542822 -0.009011507 0.001349806 0.03536856 -0.00913614 -2.94925e-4 0.03542816 -0.009053051 -7.04513e-4 0.03536242 -0.009246528 -0.00136733 0.03542822 -0.008886992 -0.002459168 0.03536939 -0.008626103 -0.002490103 0.03542816 -0.008426368 -0.003377139 0.03542816 -0.007809877 -0.004308998 0.03536564 -0.007155358 -0.004837512 0.03536939 -0.006155908 -0.004622399 0.03542822 -0.006220936 -0.005031347 0.03542816 -0.005078315 -0.005345225 0.03536945 -0.003849744 0.004709362 0.03536933 -0.001228153 0.005239963 0.03536933 -0.002538323 0.002624511 0.03536933 8.44627e-4 0.003857731 0.03536933 -1.00107e-4 0.001166462 0.03536933 0.001388609 0.005286276 0.03536933 -0.005065739 0.004742264 0.03536933 -0.006523847 -0.003488063 0.03536933 2.52286e-4 -0.001361012 0.03536933 0.001342356 -0.005311787 0.03536933 -0.002873361 -0.004435598 0.03536933 -8.01834e-4 0.003598511 0.03536939 -0.007963061 -0.005026042 0.03536933 -0.00593239 3.83558e-4 0.03536933 -0.009293735 -0.005408644 0.03536933 -0.004279971 -0.002116024 0.03536933 -0.008890032 -0.003441274 0.03536933 -0.008079349 -3.31454e-4 0.03476965 -0.009905576 0.001234531 0.03476965 -0.009786486 0.002573132 0.03476959 -0.009329438 0.003772974 0.03476965 -0.008583843 0.004954159 0.03476977 -0.007323801 0.005715966 0.03476965 -0.00577265 0.005989491 0.03476959 -0.004384875 0.005972862 0.03476959 -0.003283858 0.005725741 0.03476965 -0.002054333 0.005206406 0.03476959 -9.07274e-4 0.004578828 0.03476959 -6.57957e-6 0.003424465 0.03476977 0.001056492 0.002019345 0.03476959 0.001761794 9.51694e-4 0.03476959 0.00203073 -4.57147e-4 0.03476977 0.002107858 -0.001993 0.03476959 0.001771748 -0.003128349 0.03476959 0.001233637 -0.004127085 0.03476959 4.71275e-4 -0.00485146 0.03476959 -3.58004e-4 -0.005418956 0.03476959 -0.001297593 -0.005882263 0.03476965 -0.002632141 -0.006007194 0.03476977 -0.004354715 -0.005671143 0.03476965 -0.005890607 -0.00505501 0.03476965 -0.007161855 -0.004148602 0.03476959 -0.008247792 -0.003153741 0.03476959 -0.009015142 -0.001874864 0.03476965 -0.009615361 -3.31463e-4 0.02926903 0.002108573 9.2575e-4 0.02926915 0.002034842 0.001991331 0.02926909 0.001771748 0.003397464 0.02926898 0.001075029 0.004559516 0.02926909 1.60648e-5 0.005193293 0.02926915 -8.84532e-4 0.005715966 0.02926903 -0.002024292 0.00597012 0.02926915 -0.003257691 0.005991816 0.02926909 -0.004355192 0.005725741 0.02926903 -0.005742609 0.005206465 0.02926915 -0.0068897 0.0044806 0.02926903 -0.007912337 0.003289043 0.02926903 -0.008935451 0.002019345 0.02926909 -0.009558856 9.51615e-4 0.02926915 -0.009827733 -2.99868e-4 0.02926903 -0.009907245 -0.001996099 0.02926898 -0.009582102 -0.003260493 0.02926915 -0.008942067 -0.004127025 0.02926909 -0.008268296 -0.005037784 0.02926903 -0.007188379 -0.005661189 0.02926909 -0.005918681 -0.006004631 0.02926898 -0.004387378 -0.005888819 0.02926903 -0.002663016 -0.005431771 0.02926909 -0.001324474 -0.004866898 0.02926915 -3.79256e-4 -0.004148662 0.02926909 4.50773e-4 -0.002889454 0.02926898 0.001387357 -0.001567721 0.02926915 0.001898705 4.11982e-4 0.02906936 0.001896381 0.001607775 0.02906936 0.00168395 0.002867221 0.02906936 0.001160621 0.004300236 0.0290693 3.91856e-5 0.005360424 0.02906936 -0.00162661 0.005753278 0.02906936 -0.003097414 0.005794048 0.02906936 -0.004311323 0.005503535 0.02906936 -0.005797505 0.004730761 0.02906936 -0.007279694 0.003911554 0.02906942 -0.008186936 0.002946376 0.02906936 -0.008911907 0.00125873 0.0290693 -0.009592175 -8.65385e-4 0.0290693 -0.009665429 -0.002874612 0.0290693 -0.008972525 -0.004185259 0.02906936 -0.007928669 -0.00501424 0.02906936 -0.006845772 -0.005606234 0.02906936 -0.005447804 -0.005807161 0.02906936 -0.004093647 -0.005673587 0.02906936 -0.002585113 -0.0049901 0.02906936 -8.96473e-4 -0.004031062 0.02906936 2.85886e-4 -0.002948164 0.02906936 0.001114845 -0.001260459 0.0290693 0.001795172 -0.001735746 0.02906942 0.001118779 -0.003626525 0.02906942 -2.06538e-5 -0.004353582 0.02906942 -8.59278e-4 -0.001682758 0.02906942 -0.008939564 -0.002741038 0.02906942 6.48441e-4 -0.005018174 0.02906942 -0.005633354 -0.004480361 0.02906942 -0.006757616 -0.003683626 0.02906942 -0.007722079 -4.56672e-4 0.02906942 -0.009187698 5.96127e-4 0.02906942 0.001382052 -6.54659e-4 0.02906942 0.001369833 6.52967e-4 0.02906942 -0.009166896 0.002206742 0.02906942 9.51449e-4 -0.005281448 0.02906942 -0.003301501 -0.005269229 0.02906942 -0.004552245 -0.002808213 0.02906942 -0.008404254 0.005170285 0.02906942 -0.002697527 0.003585994 0.02906942 2.2666e-5 -0.004947006 0.02906942 -0.001955091 0.005134701 0.02906942 -0.00532025 0.005307018 0.02906942 -0.003798961 0.00463581 0.02906942 -0.00127238 0.001995325 0.02906942 -0.008830726 0.003531873 0.02906942 -0.007887899 0.004504919 0.02906942 -0.00670582 -0.005269229 0.02736943 -0.003244698 -0.005018174 0.02736943 -0.002163589 -0.004480361 0.02736943 -0.001039326 -0.003776252 0.02736943 -1.72296e-4 -0.002930104 0.02736943 5.35495e-4 -0.001810014 0.02736943 0.001092493 -5.97828e-4 0.02736943 0.001382052 0.001063823 0.02736943 0.001322746 0.002619981 0.02736943 7.24497e-4 0.003727197 0.02736943 -1.11332e-4 0.004504919 0.02736943 -0.001091063 0.005134701 0.02736943 -0.002476692 0.005307018 0.02736943 -0.003997981 0.005170285 0.02736943 -0.005099415 0.004807591 0.02736943 -0.006148278 0.003988504 0.02736943 -0.007431209 0.002806484 0.02736943 -0.008404254 0.001681029 0.02736943 -0.008939564 4.54967e-4 0.02736943 -0.009187698 -7.90831e-4 0.02736943 -0.009153664 -0.002380609 0.02736943 -0.008666276 -0.003626525 0.02736943 -0.007776319 -0.004353582 0.02736943 -0.006937742 -0.004947006 0.02736943 -0.005841851 -0.005281448 0.02736943 -0.004495441 0.00675857 0.02736943 -0.003059566 -0.005382895 0.02736949 3.01232e-4 -0.004106998 0.02736943 0.001535892 -0.002724945 0.02736943 0.00235188 0.006383478 0.02736943 -0.001505136 0.006785273 0.02736943 -0.004483222 -6.59189e-4 0.02736949 0.002906501 0.006466865 0.02736943 -0.006056427 0.001646578 0.02736949 0.002726435 0.003454625 0.02736943 0.001979231 0.004858136 0.02736943 8.84663e-4 0.005731225 0.02736943 -2.29291e-4 0.00578016 0.02736943 -0.00750035 -0.001639425 0.02736943 -0.01050972 -0.006417274 0.02736949 -0.001567482 -2.29471e-4 0.02736943 -0.01070594 -0.003306567 0.02736949 -0.009871482 -0.006786942 0.02736943 -0.00331372 0.001364052 0.02736943 -0.01057869 0.004782319 0.02736943 -0.008757412 -0.004859805 0.02736943 -0.008681654 -0.005732834 0.02736943 -0.007567822 -0.006385207 0.02736943 -0.006291747 0.003207385 0.02736949 -0.009924411 -0.006760239 0.02736943 -0.004737377 0.00700891 0.02716976 -0.003732323 0.006855368 0.0271697 -0.002456843 0.006483733 0.02716976 -0.001231253 0.005883336 0.0271697 -9.55766e-5 0.005215883 0.0271697 7.78227e-4 0.004419982 0.0271697 0.001536726 0.003202021 0.02716982 0.002346992 0.001827418 0.0271697 0.002864897 5.66615e-4 0.02716976 0.003090202 -7.17941e-4 0.0271697 0.003070831 -0.002152264 0.02716982 0.002782523 -0.003649592 0.02716976 0.002089023 -0.004677593 0.0271697 0.001318216 -0.005436062 0.0271697 5.22439e-4 -0.006246328 0.02716982 -6.95565e-4 -0.006764233 0.0271697 -0.002070188 -0.006989538 0.02716976 -0.003331005 -0.006970226 0.0271697 -0.004615545 -0.00677216 0.0271697 -0.005697131 -0.006263077 0.02716982 -0.007068574 -0.005455374 0.0271697 -0.008295536 -0.004700362 0.0271697 -0.009094715 -0.003679394 0.02716976 -0.009867787 -0.002358615 0.02716976 -0.01050186 -0.00111258 0.0271697 -0.01081591 1.64708e-4 0.02716976 -0.0109083 0.001618146 0.02716976 -0.01072072 0.002669394 0.02716964 -0.01037156 0.003648102 0.02716976 -0.009885907 0.004675865 0.0271697 -0.009115219 0.005551338 0.02716976 -0.008180677 0.006403684 0.02716982 -0.006770193 0.006890237 0.02716976 -0.005193352 0.007009506 0.02706944 -0.004029989 0.006861448 0.02706944 -0.005310118 0.006496727 0.02706944 -0.006533622 0.005709767 0.02706944 -0.007979214 0.004721224 0.02706944 -0.009074032 0.003707051 0.02706944 -0.009849429 0.00238943 0.02706944 -0.01049005 0.00114113 0.02706944 -0.01081085 -1.3183e-4 0.02706944 -0.01090896 -0.001586139 0.02706944 -0.01072853 -0.003303527 0.02706944 -0.01010167 -0.004654705 0.02706944 -0.009135484 -0.005531787 0.02706944 -0.008207976 -0.006306827 0.02706944 -0.006963968 -0.006854534 0.02706944 -0.005411744 -0.007011234 0.02706944 -0.003766953 -0.006863176 0.02706944 -0.002486884 -0.006498456 0.02706944 -0.00126338 -0.005711436 0.02706944 1.82278e-4 -0.004460692 0.02706944 0.00152117 -0.003066301 0.02706944 0.002407491 -0.001514077 0.02706944 0.002955198 1.30637e-4 0.02706944 0.003111839 0.00176233 0.02706944 0.002895176 0.003298878 0.02706944 0.002288103 0.004795014 0.02706944 0.001238226 0.005950152 0.02706944 -1.90663e-4 0.006523191 0.02706944 -0.001344799 0.00688368 0.02706944 -0.002569556 0.008023083 0.02706927 0.003421723 -8.5103e-7 0.02706944 0.003701388 0.009014189 0.02706938 0.003182649 0.009763121 0.02706938 0.002600908 0.01055812 0.02706956 0.002552688 0.01059895 0.02706944 -0.003898501 0.01031368 0.02706933 0.001151502 0.009524703 0.02706968 0.00364536 0.01018619 0.02706944 0.003183066 0.00589621 0.02706933 1.32712e-4 0.01015239 0.02706938 0.001926243 0.005678713 0.02706933 0.001125574 0.005917787 0.02706938 0.00211662 0.006499588 0.02706933 0.002865493 0.009560346 0.02706938 -6.0215e-4 0.008820593 0.02706933 -0.001063108 0.007272422 0.02706938 -0.001096785 0.01011753 0.02706927 1.54831e-4 0.007173776 0.02706938 0.003254592 0.008055627 0.02706938 -0.001203775 0.006456553 0.02706933 -6.25093e-4 0.009014189 0.02706933 -0.006817162 0.009763121 0.02706933 -0.007398962 0.008023083 0.02706933 -0.006578087 0.005896151 0.02706938 -0.009867012 -8.5103e-7 0.02706944 -0.01149845 0.005917787 0.02706933 -0.007883191 0.006499528 0.02706933 -0.007134318 0.01015239 0.02706938 -0.008073568 0.01031368 0.02706933 -0.008848309 0.009560406 0.02706938 -0.01060199 0.01008051 0.02706944 -0.01108568 0.01011759 0.02706933 -0.009845018 0.01054304 0.02706968 -0.01042395 0.009450554 0.02706956 -0.01145744 0.005678713 0.02706933 -0.008874237 0.007173776 0.02706938 -0.006745159 0.008820414 0.02706938 -0.01106309 0.006456494 0.02706933 -0.01062494 0.008055329 0.02706938 -0.0112037 0.007272243 0.02706933 -0.01109653 -0.007976651 0.02706933 -0.006578087 -0.006985545 0.02706938 -0.006817162 -0.006236612 0.02706933 -0.007398962 -0.005686044 0.02706938 -0.008847951 -0.005882203 0.02706933 -0.009845137 -0.01060074 0.02706944 -0.003898501 -0.009500145 0.02706933 -0.007134318 -0.005847513 0.02706938 -0.008073151 -0.01021081 0.02706915 -0.009651899 -0.01041853 0.0270695 -0.01066988 -0.01059132 0.02706944 -0.01010638 -0.008825957 0.02706938 -0.006745219 -0.01000934 0.02706944 -0.01114815 -0.00954324 0.02706938 -0.01062494 -0.00872755 0.02706933 -0.01109659 -0.009403407 0.0270695 -0.01146686 -0.01008206 0.02706933 -0.007883369 -0.006439328 0.02706938 -0.01060199 -0.007179319 0.02706933 -0.01106303 -0.01029235 0.02706938 -0.008640885 -0.007944405 0.02706938 -0.0112037 -0.007976651 0.02706927 0.003421723 -0.005847513 0.02706938 0.00192666 -0.006985545 0.02706933 0.003182649 -0.005686044 0.02706938 0.001151859 -0.01008206 0.02706938 0.002116441 -0.01055723 0.02706956 0.002564668 -0.009500205 0.02706938 0.002865552 -0.009452223 0.02706956 0.00366044 -0.006236612 0.02706933 0.002600848 -0.01012957 0.02706944 0.003249228 -0.007179141 0.02706938 -0.001063108 -0.005882203 0.02706927 1.54724e-4 -0.006439387 0.02706938 -6.02145e-4 -0.00954318 0.02706933 -6.2508e-4 -0.01021069 0.02706903 3.47884e-4 -0.01029235 0.02706938 0.001358926 -0.008825957 0.02706938 0.003254652 -0.007944107 0.02706938 -0.001203775 -0.008727312 0.02706933 -0.001096725 -0.01098042 0.02667135 -0.01024562 -0.0106607 0.02666932 -0.0110501 -0.01003289 0.02667021 -0.01162445 -0.009332358 0.02666997 -0.01188176 -0.01099056 0.02296996 -0.01016092 -0.01082187 0.0229693 -0.01074349 -0.01042026 0.02296864 -0.01132553 -0.009835004 0.0229693 -0.01172453 -0.009256243 0.02296859 -0.01188868 0.009338617 0.02667033 -0.01188045 0.01001191 0.02666902 -0.01163369 0.0105496 0.02667021 -0.01117932 0.01096481 0.02666848 -0.01037269 0.009272098 0.02296912 -0.01188611 0.009848356 0.02296936 -0.01171767 0.01031285 0.02296936 -0.01141172 0.01067823 0.0229693 -0.01099902 0.01097118 0.02296614 -0.01031136 -8.5103e-7 0.02256947 -0.01149845 -0.009456992 0.02256935 -0.01145499 0.01057809 0.02256947 -0.01022297 0.01025056 0.02256929 -0.01092523 0.009475111 0.02256929 -0.01145112 0.01059895 0.02256947 -0.00622344 -0.01012796 0.02256941 -0.01104819 -0.01055389 0.02256929 -0.01037198 -0.01060074 0.02256947 -0.00622344 0.01097857 0.0266714 0.002450108 0.01073426 0.02666902 0.003114402 0.01028001 0.02667021 0.003651916 0.009473204 0.02666848 0.004067182 0.009323716 0.02256947 0.003680408 0.009411752 0.02296614 0.00407356 0.01002597 0.02256929 0.00335282 0.01009953 0.0229693 0.003780663 0.01051229 0.02296936 0.003415286 0.01055181 0.02256935 0.002577245 0.01081836 0.02296936 0.002950668 0.01098871 0.02296996 0.002365648 -8.5103e-7 0.02256947 0.003701388 -0.009278595 0.02667039 0.004088222 -0.01057976 0.02256947 0.002426087 -0.01099467 0.02296882 0.002287864 -0.01085841 0.02297043 0.002875745 -0.01025223 0.02256929 0.00312823 -0.01047301 0.02296924 0.003466188 -0.009476661 0.02256929 0.003654122 -0.009902596 0.02297037 0.003900647 -0.009253442 0.02296912 0.00409168 -0.009864449 0.0266695 0.00391364 -0.01031917 0.02666956 0.003610849 -0.0106877 0.02666956 0.003189563 -0.01097774 0.0266692 0.002490103 0.01008301 0.02686929 7.45441e-4 0.00976783 0.02686923 -5.66208e-5 0.009158551 0.02686923 -6.66379e-4 0.008573114 0.02686929 -9.21867e-4 0.008005857 0.02686971 -0.00100702 0.007434785 0.02686929 -9.24609e-4 0.006911337 0.0268687 -7.06215e-4 0.006318628 0.02686935 -1.81525e-4 0.005946218 0.02686929 5.95801e-4 0.00591129 0.02686864 0.001415371 0.006126463 0.02686977 0.00207287 0.006454229 0.02686947 0.002528667 0.006958305 0.02686941 0.002941608 0.007608056 0.02686917 0.003172099 0.00831288 0.0268687 0.003189146 0.008970439 0.02686977 0.002973973 0.009426236 0.02686947 0.002646267 0.009839236 0.02686941 0.002142131 0.01006966 0.02686917 0.001492679 0.005890071 0.02556943 8.85067e-4 0.006193637 0.02556943 4.20251e-7 0.006784737 0.02556943 -6.2976e-4 0.007366001 0.02556943 -9.04593e-4 0.007999002 0.02556943 -0.001011788 0.008834064 0.02556943 -8.41318e-4 0.009541392 0.02556943 -3.45159e-4 0.009991168 0.02556943 3.92294e-4 0.01010543 0.02556943 0.001102566 0.009991288 0.02556943 0.001807212 0.009498357 0.02556943 0.002600789 0.008705139 0.02556943 0.00309354 0.007999002 0.02556943 0.003207921 0.007292926 0.02556943 0.00309354 0.006499648 0.02556943 0.002600789 0.006006836 0.02556943 0.001807451 -0.005916655 0.02686929 7.45708e-4 -0.006231904 0.02686923 -5.66366e-5 -0.006841182 0.02686923 -6.66382e-4 -0.007426619 0.02686929 -9.21868e-4 -0.007993876 0.02686971 -0.00100702 -0.008564949 0.02686929 -9.24609e-4 -0.009088397 0.0268687 -7.06213e-4 -0.009681105 0.02686935 -1.81528e-4 -0.01005345 0.02686929 5.95458e-4 -0.01008844 0.02686864 0.001415371 -0.009873211 0.02686983 0.00207293 -0.009545564 0.02686947 0.002528607 -0.009041428 0.02686941 0.002941608 -0.008391678 0.02686917 0.003172099 -0.007686853 0.0268687 0.003189146 -0.007029235 0.02686977 0.002973973 -0.006573498 0.02686947 0.002646267 -0.006160497 0.02686941 0.002142131 -0.005930006 0.02686917 0.001492381 -0.01010972 0.02556943 8.85317e-4 -0.009806036 0.02556943 3.92834e-7 -0.009214997 0.02556943 -6.29759e-4 -0.008633732 0.02556943 -9.04593e-4 -0.008000731 0.02556943 -0.001011788 -0.00736767 0.02556943 -9.04584e-4 -0.006786406 0.02556943 -6.29769e-4 -0.006195366 0.02556943 3.83186e-7 -0.005891799 0.02556943 8.85063e-4 -0.006008565 0.02556943 0.00180751 -0.006501376 0.02556943 0.002600789 -0.007294595 0.02556943 0.00309354 -0.008000731 0.02556943 0.003207921 -0.008706808 0.02556943 0.00309354 -0.009500086 0.02556943 0.002600789 -0.009992957 0.02556943 0.001807272 -0.005916655 0.02686929 -0.009254157 -0.006231963 0.02686923 -0.01005655 -0.006841063 0.02686923 -0.01066613 -0.007426261 0.02686929 -0.01092165 -0.007993876 0.02686971 -0.01100695 -0.008696913 0.0268687 -0.01088988 -0.009384393 0.02686935 -0.01049691 -0.009791135 0.02686941 -0.01000189 -0.01005345 0.02686929 -0.009404361 -0.01008844 0.02686864 -0.008584439 -0.009873211 0.02686983 -0.007926881 -0.009545564 0.02686947 -0.007471203 -0.009041428 0.02686941 -0.007058203 -0.008391678 0.02686917 -0.006827712 -0.007686853 0.0268687 -0.006810665 -0.007029235 0.02686977 -0.007025837 -0.006573498 0.02686947 -0.007353544 -0.006160497 0.02686941 -0.00785768 -0.005930006 0.02686917 -0.00850743 -0.01010334 0.02556943 -0.008833646 -0.01002031 0.02556943 -0.009542703 -0.00954318 0.02556943 -0.01034492 -0.008835434 0.02556943 -0.01084131 -0.008000731 0.02556943 -0.01101171 -0.007166028 0.02556943 -0.01084131 -0.006458222 0.02556943 -0.01034486 -0.005980968 0.02556943 -0.009542286 -0.005898177 0.02556943 -0.008832454 -0.006008565 0.02556943 -0.0081923 -0.006501376 0.02556943 -0.007399022 -0.007294595 0.02556943 -0.00690627 -0.008000731 0.02556943 -0.006791889 -0.008706808 0.02556943 -0.00690627 -0.009500086 0.02556943 -0.007399022 -0.009992957 0.02556943 -0.008192539 0.01008301 0.02686929 -0.009254395 0.00976777 0.02686923 -0.01005655 0.00915867 0.02686923 -0.01066613 0.008573472 0.02686929 -0.01092165 0.008005857 0.02686971 -0.01100695 0.00730282 0.0268687 -0.01088988 0.00661534 0.02686935 -0.01049691 0.006208598 0.02686941 -0.01000189 0.005946218 0.02686929 -0.009404063 0.00591129 0.02686864 -0.008584439 0.006126463 0.02686977 -0.00792694 0.006454169 0.02686947 -0.007471144 0.006958305 0.02686941 -0.007058203 0.007608056 0.02686917 -0.006827712 0.00831288 0.0268687 -0.006810665 0.008970439 0.02686977 -0.007025837 0.009426236 0.02686947 -0.007353544 0.009839236 0.02686941 -0.00785768 0.01006966 0.02686917 -0.008507132 0.005896449 0.02556943 -0.008832514 0.005979239 0.02556943 -0.009542286 0.006456553 0.02556943 -0.01034492 0.007164299 0.02556943 -0.01084131 0.007999002 0.02556943 -0.01101171 0.008833706 0.02556943 -0.01084131 0.009541511 0.02556943 -0.01034486 0.009991168 0.02556943 -0.009607553 0.01010543 0.02556943 -0.008897244 0.009991288 0.02556943 -0.008192598 0.009498357 0.02556943 -0.007399022 0.008705139 0.02556943 -0.00690627 0.007999002 0.02556943 -0.006791889 0.007292926 0.02556943 -0.00690627 0.006499648 0.02556943 -0.007399022 0.006006836 0.02556943 -0.00819236 0.007762014 0.02556937 -3.4644e-4 0.009186148 0.02556908 2.13347e-4 0.008469164 0.02556937 -2.82395e-4 0.007116913 0.02556937 -6.22922e-5 0.006713032 0.02556937 4.09626e-4 0.006531417 0.02556931 0.001092553 0.00823605 0.02556937 0.00254929 0.009466588 0.02556931 0.001110434 0.007528901 0.02556937 0.002485275 0.006812036 0.02556908 0.001989781 0.008881151 0.02556937 0.002265155 0.009284973 0.02556937 0.001793205 0.009195744 0.02531975 0.00127846 0.009157598 0.02531915 7.57176e-4 0.008915066 0.02531915 3.13279e-4 0.008394896 0.02531975 -5.26182e-5 0.007769167 0.02532017 -8.62556e-5 0.007323861 0.0253185 1.01866e-4 0.006989896 0.02531915 4.36383e-4 0.00680226 0.02531975 9.24309e-4 0.009219825 0.02256947 0.001126229 0.008962035 0.02256947 3.45799e-4 0.008406937 0.02256947 -3.56428e-5 0.007851839 0.02256947 -1.02968e-4 0.007323801 0.02256947 9.96177e-5 0.006879568 0.02256947 6.06221e-4 0.006802022 0.02256947 0.001252055 0.006840407 0.02531915 0.001445591 0.007082879 0.02531915 0.001889407 0.007603585 0.02531975 0.002255558 0.008228838 0.02532017 0.002289116 0.008674144 0.0253185 0.002100944 0.009008169 0.02531915 0.001766443 0.006951212 0.02256947 0.001702725 0.007424294 0.02256947 0.002182066 0.008146226 0.02256947 0.002305805 0.008674263 0.02256947 0.002103209 0.009021997 0.02256947 0.001744091 -0.009107649 0.02556937 0.002053856 -0.007760763 0.02556914 0.002563953 -0.008609712 0.02556937 0.00242871 -0.007002353 0.02556937 0.002167165 -0.009404003 0.02556937 0.001505494 -0.006582856 0.02556926 0.001505792 -0.009405314 0.02556908 6.24311e-4 -0.008237719 0.02556937 -3.4644e-4 -0.006592571 0.02556937 7.14861e-4 -0.006927549 0.02556937 1.0221e-4 -0.00753057 0.02556937 -2.82392e-4 -0.00888282 0.02556937 -6.22887e-5 -0.006799042 0.02531951 0.001150012 -0.006842136 0.02531915 7.57174e-4 -0.007084667 0.02531915 3.13287e-4 -0.007604837 0.02531975 -5.26208e-5 -0.008230566 0.02532017 -8.62556e-5 -0.008675873 0.0253185 1.01867e-4 -0.009009838 0.02531915 4.36392e-4 -0.009209215 0.02532124 9.76636e-4 -0.006803691 0.02256947 9.51167e-4 -0.006952881 0.02256947 5.00112e-4 -0.007425904 0.02256947 2.08156e-5 -0.008147895 0.02256947 -1.02969e-4 -0.008675932 0.02256947 9.96187e-5 -0.009120225 0.02256947 6.06248e-4 -0.009188354 0.02256947 0.00134617 -0.009125173 0.02531915 0.001544356 -0.00884217 0.02531921 0.001969158 -0.008408844 0.02531921 0.002239227 -0.008000731 0.02531909 0.002304494 -0.007592618 0.02531921 0.002239227 -0.007159292 0.02531921 0.001969158 -0.006876349 0.02531915 0.001544594 -0.008944928 0.02256947 0.001855373 -0.008553206 0.02256947 0.002175986 -0.008064448 0.02256947 0.00230807 -0.007564544 0.02256947 0.00222826 -0.007141172 0.02256947 0.001950562 -0.00684899 0.02256947 0.001478612 -0.009286701 0.02556937 -0.009590148 -0.007763683 0.02556937 -0.00745052 -0.007118582 0.02556937 -0.007734656 -0.008238017 0.02556937 -0.01034623 -0.006813704 0.02556908 -0.009786665 -0.008882999 0.02556937 -0.01006197 -0.006714761 0.02556937 -0.008206605 -0.006533145 0.02556931 -0.008889377 -0.007530689 0.02556937 -0.01028227 -0.009468317 0.02556931 -0.008907258 -0.008470892 0.02556937 -0.007514595 -0.009187698 0.02556908 -0.008010029 -0.006803989 0.02531975 -0.008721351 -0.006842136 0.02531915 -0.009242713 -0.007084548 0.02531915 -0.00968641 -0.007605373 0.02531975 -0.01005262 -0.008167505 0.02532011 -0.01009243 -0.008566737 0.0253185 -0.009963572 -0.008934259 0.02531915 -0.009666025 -0.00916928 0.02532005 -0.009209454 -0.006779909 0.02256947 -0.008873581 -0.006952941 0.02256947 -0.009499728 -0.007323265 0.02256947 -0.009902894 -0.007836401 0.02256947 -0.01009517 -0.008458137 0.02256947 -0.01002824 -0.008951306 0.02256947 -0.009644031 -0.009198009 0.02256947 -0.009107947 -0.009195804 0.02531898 -0.008745729 -0.009061515 0.02531915 -0.008319377 -0.008680403 0.02532112 -0.00789231 -0.008207142 0.02531862 -0.007711946 -0.007770895 0.02532017 -0.007710695 -0.007325589 0.0253185 -0.007898867 -0.006991565 0.02531915 -0.008233368 -0.009150266 0.02256947 -0.008526861 -0.008870601 0.02256947 -0.008054912 -0.008408606 0.02256947 -0.007761299 -0.007853507 0.02256947 -0.007694005 -0.00732547 0.02256947 -0.007896602 -0.006977736 0.02256947 -0.00825572 0.009186089 0.02556908 -0.009786665 0.006812036 0.02556908 -0.008010029 0.007761716 0.02556937 -0.01034623 0.007528901 0.02556937 -0.007514536 0.00823605 0.02556937 -0.00745052 0.006713032 0.02556937 -0.009590208 0.008469045 0.02556937 -0.01028227 0.007116734 0.02556937 -0.01006197 0.006531417 0.02556931 -0.008907258 0.008881151 0.02556937 -0.007734656 0.009466588 0.02556931 -0.008889377 0.009284973 0.02556937 -0.008206605 0.009195744 0.02531975 -0.008721411 0.009157598 0.02531915 -0.009242713 0.008915185 0.02531915 -0.00968641 0.00839436 0.02531975 -0.01005262 0.007832229 0.02532011 -0.01009243 0.007432997 0.0253185 -0.009963572 0.007065415 0.02531915 -0.009665966 0.006830453 0.02532005 -0.009209513 0.009219825 0.02256947 -0.008873581 0.009046792 0.02256947 -0.009499728 0.008676469 0.02256947 -0.009902894 0.008163392 0.02256947 -0.01009517 0.007541596 0.02256947 -0.01002824 0.007048428 0.02256947 -0.009644031 0.006801724 0.02256947 -0.009107947 0.006803929 0.02531898 -0.008745729 0.006938219 0.02531915 -0.008319377 0.007319331 0.02532112 -0.007892251 0.007792592 0.02531862 -0.007711946 0.008228838 0.02532017 -0.007710695 0.008674144 0.0253185 -0.007898867 0.009008169 0.02531915 -0.008233368 0.006849467 0.02256947 -0.008526861 0.007129192 0.02256947 -0.008054912 0.007591128 0.02256947 -0.007761299 0.008146226 0.02256947 -0.007694005 0.008674263 0.02256947 -0.007896602 0.009021997 0.02256947 -0.00825572 0.008326351 0.02256953 -0.003078043 0.007910728 0.02256965 -0.003383934 0.007744133 0.02256965 -0.00382173 0.00968182 0.02256977 -0.0047158 0.009719431 0.02257001 -0.003085434 0.007835149 0.02256965 -0.004292011 0.008269071 0.02257013 -0.004708409 0.01009678 0.02256965 -0.004400014 0.01025509 0.02256965 -0.003959417 0.01015537 0.02256965 -0.003490686 0.008426666 0.0228697 -0.003366172 0.008105218 0.02287113 -0.003622472 0.008050143 0.02286994 -0.00398153 0.008161067 0.02286976 -0.00424087 0.008428335 0.02286756 -0.004431962 0.009662508 0.02287155 -0.004404962 0.009925007 0.0228697 -0.004077315 0.009946703 0.02286994 -0.003807008 0.009830355 0.02286976 -0.003547847 0.009563505 0.02286767 -0.00336349 0.009635925 0.02376943 -0.004416644 0.008091807 0.02376949 -0.003673791 0.008368194 0.02376943 -0.003378212 0.008051991 0.02376949 -0.004044592 0.008363723 0.02376943 -0.004414439 0.009627461 0.02376943 -0.00337994 0.009943842 0.02376949 -0.003743469 0.009910285 0.02376949 -0.004113614</float_array>
          <technique_common>
            <accessor source="#shape0_003-mesh-positions-array" count="3210" stride="3">
              <param name="X" type="float"/>
              <param name="Y" type="float"/>
              <param name="Z" type="float"/>
            </accessor>
          </technique_common>
        </source>
        <source id="shape0_003-mesh-normals">
          <float_array id="shape0_003-mesh-normals-array" count="26316">-0.9912015 0.005414009 -0.1322505 -0.9477834 -0.002076983 -0.318908 -0.8779747 0.001112937 -0.4787059 -0.7596907 0.001659214 -0.6502826 -0.5728815 0.002045869 -0.8196357 -0.3330636 0.006423413 -0.9428825 -0.05148673 0.00709623 -0.9986485 0.1918158 0.01027113 -0.9813773 0.4547267 0.009016036 -0.8905855 0.650267 0.007296025 -0.7596708 0.8196184 0.007863819 -0.572856 0.9370158 0.006411314 -0.3492283 0.9915473 0.009172677 -0.1294218 0.9656789 -0.007753491 -0.2596232 0.8823166 -0.006825625 -0.4706071 0.7596727 -0.0072968 -0.6502647 0.5728572 -0.00786364 -0.8196175 0.3330425 -0.01160615 -0.9428404 0.05986899 -0.006684958 -0.998184 -0.140677 -0.006725251 -0.9900328 -0.3674613 -0.002326428 -0.930036 -0.5673383 2.89314e-4 -0.8234848 -0.7496575 -0.001905202 -0.6618233 -0.8711809 -0.001395761 -0.4909601 -0.9487722 -0.001349031 -0.3159581 -0.9981896 -0.00580281 -0.05986589 0.9943614 0.005048096 0.1059247 0.9532818 -0.003018617 0.3020676 0.8381658 0.009775817 0.545328 0.6875323 0.004964351 0.7261368 0.4987966 0.005045831 0.8667044 0.315957 -0.003014802 0.9487687 0.05986648 0.005802929 0.9981895 -0.1322501 0.005413949 0.9912016 -0.3268066 -0.002402782 0.9450883 -0.5089934 0.001894176 0.8607684 -0.657207 -4.7022e-4 0.75371 -0.8196403 0.002046108 0.5728749 -0.9429016 0.002189278 0.3330646 -0.9981896 0.005802631 0.05986571 -0.9912016 -0.00541383 0.1322506 -0.9422661 0.002735912 0.3348541 -0.8285452 -0.002046585 0.5599185 -0.6618319 -0.001904785 0.7496499 -0.490957 -0.001893997 0.8711817 -0.3159603 5.81732e-4 0.9487723 -0.0598666 -0.00580281 0.9981896 0.1322507 -0.00541383 0.9912015 0.3348532 0.002735853 0.9422664 0.552794 -0.006576955 0.833292 0.7320392 -0.006536066 0.6812313 0.8875269 -0.008234143 0.4606825 0.9616697 0.005367517 0.2741583 0.9996303 -0.009722352 0.02539211 -0.005711376 -0.4334804 -0.9011451 0 -0.4377875 -0.8990786 -0.999365 -0.007793664 -0.03477072 -0.9987551 0.002502799 -0.04982161 -0.005962789 0.9999778 -0.002987384 -0.06591272 0.01611965 -0.9976953 -0.04949569 0.004591166 -0.9987638 0.9969457 0.002941787 -0.07804179 0.9990329 -0.02692985 -0.03476089 0.008264839 0.9999557 -0.004532039 0.04945969 0.03866595 -0.9980275 0.01703482 0.01607537 -0.9997257 -0.3477143 -0.8655825 -0.3603632 0.3335166 -0.8671422 -0.3699069 -0.003714621 -0.8681585 -0.4962733 -0.4948394 -0.8689777 -0.003438174 0.4938362 -0.869538 -0.005436897 0.9034884 -0.4284678 -0.01114666 0.8992885 -0.4373559 0 -0.9016147 -0.4325106 -0.005050957 -0.8997539 -0.4363976 0 0.07626408 0.01614898 0.9969569 0.04982775 -0.002711057 0.9987542 0.006084203 0.999979 0.00225389 0.9993896 -0.005581736 0.03448873 0.9989339 0.002355337 0.04610419 0.3466081 -0.8659673 0.3605048 -0.2804507 -0.875142 0.3943018 -0.4039762 -0.8786469 0.2545246 0.003823697 -0.8681284 0.4963251 0.006102323 -0.4334099 0.9011763 0 -0.4380245 0.898963 -0.996951 0.002939522 0.0779761 -0.9990337 -0.02689695 0.03475934 -0.04946893 -0.03314775 0.9982255 -0.1189133 0.01613664 0.9927736 -0.006016314 0.9999427 -0.008863151 0.002059876 0.9999917 0.003518044 8.50639e-5 -1 1.38101e-5 -0.008898437 -0.9997586 -0.02009141 2.52495e-5 -1 2.76265e-5 -1.99352e-4 -1 1.76159e-5 0.01464468 -0.9998927 -5.17325e-4 0.02887791 -0.9992046 0.02749913 -1.60518e-4 -1 -8.11696e-5 1.06134e-4 -1 0 -8.13588e-6 -1 7.78674e-5 0.01593011 -0.9998697 0.002632141 0.02003568 -0.9993922 -0.0285269 0.01488226 -0.9995812 0.0248177 0 -1 2.05265e-4 -5.21414e-5 -1 -9.50973e-5 -0.01816874 -0.9986056 -0.04956859 -0.03380918 -0.9992901 0.01662677 1.18264e-4 -1 5.72431e-6 4.9787e-5 -1 0 -5.1069e-5 -1 0 2.82817e-6 -1 -1.31753e-4 0 -1 -4.95781e-5 4.19325e-6 -1 1.10318e-4 -1.85324e-5 -1 -9.90921e-5 4.35034e-6 -1 -2.83484e-4 1.03749e-4 -1 -1.66814e-4 -2.37282e-4 -1 0 -0.02132946 -0.9997078 0.01138597 1.08126e-4 -1 -7.10136e-6 0.1578736 -0.6926301 0.7038036 0.4941161 -0.1822364 0.8500819 0.7282062 -0.3711339 0.5761732 0.5529405 -0.8128069 0.1833084 0.7167792 -0.63555 -0.2868866 0.5385014 -0.7264471 -0.4269555 0.2370021 -0.1428816 -0.9609448 0.2054923 -0.8958616 -0.3939605 0.6397391 -0.7683886 -0.01768738 0.7048727 -0.6611291 0.2570269 0.3005124 -0.8996002 0.3168784 0.143961 -0.8425827 0.5189699 -0.08640611 -0.4631217 -0.8820728 -0.4867288 -0.05211132 -0.8719975 -0.7923069 -0.2104803 -0.5726673 -0.8901185 -0.4555085 -0.01417785 -0.7662751 -0.6002289 0.229233 -0.6772477 -0.5601216 0.4770739 -0.5517345 -0.3010848 0.7777771 -0.04601216 -0.7162051 0.6963714 -0.2154363 -0.840999 0.4962942 -0.3536399 -0.8853542 0.301806 -0.5021306 -0.8576002 0.1112961 -0.4092413 -0.8956561 -0.1741318 -0.2998492 -0.8893446 -0.3451907 -0.1641281 -0.855488 -0.4911234 0.001031875 -0.8278884 -0.5608921 -0.3211198 0.04315161 -0.9460551 -0.5694416 0.039478 -0.8210833 -0.868298 0.0353049 -0.4947849 -0.9897793 0.01352441 -0.1419648 -0.9800074 0.02928799 0.1967936 -0.830561 0.0151354 0.556722 -0.5626875 0.002313017 0.8266665 -0.368532 0.02118545 0.9293737 -0.07213813 0.008303403 0.9973602 -0.1214053 -0.02132058 0.992374 -0.3061378 -0.01661068 0.9518424 -0.5785686 0.01474547 0.8155005 -0.8175166 -0.002115309 0.5759012 -0.9577786 -0.02349793 0.2865448 -0.9987281 -0.02928382 -0.04104673 -0.959538 -0.02998316 -0.2799785 -0.8099306 -0.03521388 -0.5854678 -0.4873099 -0.01937663 -0.8730141 -0.09752333 -0.04108935 -0.9943848 0.2427998 -0.005057632 0.9700633 0.4536384 0.02203631 0.8909134 0.7172474 0.02238368 0.6964591 0.889502 0.0297566 0.4559614 0.9956203 0.04638504 0.08117157 0.946443 0.006166577 -0.3228123 0.7734368 0.002007663 -0.6338704 0.5685437 -0.01158863 -0.8225715 0.3362309 0.01913297 -0.9415852 0.05651479 0.02873408 -0.9979883 0.2393926 -0.02679705 -0.9705531 0.5647159 -0.01392668 -0.8251678 0.7484224 -0.02421009 -0.6627804 0.9421836 -0.002242386 -0.3350897 0.9961599 -0.04344016 -0.07601594 0.9484993 -0.04004776 0.3142378 0.7838506 -0.02951729 0.6202476 0.5025502 -0.01287835 0.8644522 0.2186731 0.01028877 0.975744 -0.1382253 0.8252645 -0.5475695 -0.3694238 0.8032827 -0.4671863 -0.455628 0.8632844 -0.2171248 -0.4696385 0.8825145 0.02465403 -0.4621033 0.853521 0.240754 -0.3364858 0.8522797 0.4004955 -0.1346349 0.8543639 0.5019321 -0.06381595 0.4656472 0.8826667 -0.7714926 0.3706215 0.5171452 -0.9099296 0.3723708 0.1826698 -0.9669335 0.2140322 -0.1386716 -0.7340654 0.5350617 -0.4181591 0.07073003 0.8591746 0.5067706 0.4046469 0.853803 0.3275385 0.4652596 0.8744147 0.1375957 0.482719 0.8740364 -0.05516099 0.4254704 0.8736291 -0.2361084 0.3044126 0.8431144 -0.4432733 0.06656825 0.835798 -0.5449867 0.0443269 0.6233505 -0.7806851 0.3193436 0.313495 -0.8942821 0.2995305 0.8499944 -0.4333487 0.7315444 0.3244996 -0.599619 0.9120023 0.2673562 -0.311083 0.9885274 0.1277445 0.08059167 0.8250573 0.3746848 0.4229559 0.5912694 0.5663684 0.5741319 0.3675779 0.6743884 0.6403803 -0.01001036 0.9999383 -0.004817247 -0.01186496 0.9999294 -7.46664e-4 9.07255e-4 0.9999622 -0.008648216 -0.007974207 0.999958 -0.004528462 -0.02065235 0.9997199 -0.01156628 0.001250088 0.9999539 -0.009518682 -0.01052898 0.9999294 0.005513548 -0.002880215 0.9996782 0.02520477 0.02081364 0.9997304 0.01029282 -0.01025193 0.9999473 6.22711e-4 -0.00744158 0.999948 0.006991088 3.61489e-4 1 -7.57206e-5 -0.002773821 0.9999397 0.0106303 3.38187e-4 1 -1.11791e-4 0.01567447 0.9998739 0.002586901 0.002795219 0.9997705 -0.02124494 9.88561e-4 0.9996461 0.02658563 0.008301854 0.9999436 0.006634294 0.01063269 0.9999349 -0.004145026 7.34548e-4 0.9999613 -0.00877124 -0.01335316 0.9998909 -0.00632447 2.5792e-4 1 1.0683e-4 0.006748616 0.9999299 -0.009734928 -0.008786439 0.9994087 0.03324234 0.07529902 0.8837325 -0.461895 0.3735107 0.8481449 -0.3756863 0.3734368 0.848304 -0.3754003 0.3732469 0.8482663 -0.3756743 0.5315566 0.8396927 -0.1111928 0.658272 0.7167354 0.2301483 0.5237888 0.5073013 0.6843177 0.0723977 0.8590645 0.5067216 0.9433537 0.03755414 0.3296567 0.875477 0.278113 0.3952132 0.6067257 0.06240558 0.792458 0.3473886 0.2792747 0.8951686 0.1520407 0.06357526 0.9863275 0.103491 0.9928436 -0.05959397 0.1036158 0.9928206 -0.05976009 0.1034787 0.9928548 -0.05942606 0.06740379 0.4591544 -0.8857957 0.267286 0.05212599 -0.9622064 0.3733177 0.5919726 -0.7142845 0.6995207 -0.1053414 -0.7068056 0.6814215 0.594542 -0.4268308 0.9772579 -0.06870651 -0.2006156 0.8914709 0.4530499 0.005040705 0.5899342 0.7793241 0.2112619 0.1596602 0.9605722 0.2276176 0.6498341 0.2706211 0.7102675 0.3459957 0.7716739 0.5336726 0.6651682 0.7087388 0.2350332 0.8266634 0.4369763 -0.3545131 0.3646841 0.6463347 -0.6702664 -0.1951143 0.7749693 0.6011266 -0.551782 0.7030938 0.4485485 -0.5562166 0.8268643 0.08317798 -0.4995201 0.8330218 -0.2378115 -0.4995401 0.8328754 -0.2382819 -0.4994707 0.8329862 -0.2380403 -0.295885 0.8583788 -0.4190917 -0.05126059 0.7994453 -0.598548 -0.0512005 0.799394 -0.5986216 -0.05130243 0.7996215 -0.5983089 -0.01798528 0.9874277 -0.157045 -0.01750648 0.9874395 -0.1570246 -0.04924076 0.9815002 0.1850214 -0.04922127 0.9815002 0.1850262 -0.04916667 0.9815016 0.1850335 -0.311478 0.0501824 0.9489275 -0.3572549 0.1333834 0.9244338 -0.5973435 0.2400857 0.7652058 -0.8666722 0.3815053 0.3214548 -0.9864066 -0.06627053 0.1503671 -0.8274924 0.5398886 -0.1541962 -0.9064755 -0.06302249 -0.4175289 -0.6102881 0.4907154 -0.6218898 -0.5536197 0.09636485 -0.8271754 -0.190684 0.07789909 -0.9785557 -0.2924793 0.5168101 -0.8045889 -0.2927663 0.516889 -0.8044338 -0.2924709 0.5168275 -0.8045808 -0.7787307 0.02060294 0.6270201 -0.7787556 0.02082991 0.6269817 -0.7786152 0.02069234 0.6271605 -0.01799559 0.2786247 0.9602316 -0.4382243 0.8438397 -0.3096677 -0.43852 0.8436816 -0.30968 -0.1731439 0.5670365 -0.8052894 -0.6667374 0.564455 -0.4866741 -0.6664147 0.564808 -0.4867067 -0.666507 0.5645262 -0.4869075 -0.7675881 0.6409208 0.005387187 -0.5324574 0.7347984 0.4201909 -0.5325348 0.7348086 0.4200751 -0.5325627 0.7348063 0.4200438 -0.1636201 0.5292147 0.8325626 0.844508 -0.09180068 -0.5276162 0.4630932 0.8298013 -0.3114076 0.4632657 0.8819776 0.08660584 0.4635586 0.8818306 0.0865339 0.1356132 0.8733362 0.46786 0.02813923 0.844989 0.5340431 0.2292029 0.8546621 0.4658529 0.229119 0.8546593 0.4658992 0.2291437 0.8546612 0.4658836 0.4397033 0.8860923 -0.1466338 0.4396142 0.8862277 -0.1460819 0.2763876 0.8868885 -0.3701878 0.2762824 0.887004 -0.3699892 0.2762924 0.8869878 -0.3700208 0.2415313 0.840177 -0.4855566 0.04668772 0.8795996 -0.4734183 0.04689633 0.8793739 -0.4738169 0.04671365 0.8796195 -0.4733789 0.02784878 0.8645799 -0.5017231 0.02779203 0.8647742 -0.5013914 0.02794915 0.8645932 -0.5016947 -0.1297335 0.8629267 -0.4883922 -0.1299576 0.8630021 -0.4881993 -0.1298255 0.8629426 -0.4883395 -0.1234012 0.8674759 -0.4819315 -0.1232268 0.8677113 -0.481552 -0.1231309 0.8674938 -0.4819682 0.5279627 0.8490099 -0.02092266 0.4868764 0.8543181 0.1819123 0.3769546 0.8528761 0.3612588 0.3771412 0.852752 0.3613569 0.3770064 0.8527917 0.3614034 0.3310364 0.8703525 0.3645569 0.05109274 -0.3572556 -0.9326083 -0.3719698 0.1969521 -0.9071099 -0.4015775 0.04590255 -0.9146741 -0.4601745 0.01372778 -0.8877224 -0.7208884 -0.05518877 -0.6908503 -0.7519668 0.02816289 -0.6585991 -0.9584427 0.0563696 -0.2796607 -0.9649583 -0.1866172 -0.1844712 -0.9627501 0.1669037 0.2127329 -0.7807269 -0.40561 0.4753381 0.5304425 0.5746515 -0.6232227 0.4694485 -0.4313246 -0.7704397 0.1448536 0.5158825 -0.8443238 0.1921533 -0.8699577 0.4541486 0.4861485 -0.8738593 0.005435168 0.4861019 -0.8738852 0.005438506 0.4861038 -0.8738855 0.005246639 0.39515 -0.8788395 -0.2673905 0.4098802 -0.8450014 0.343469 0.4097827 -0.8450531 0.343458 0.4098065 -0.844973 0.3436268 0.2287635 -0.8576801 0.4604912 -0.021353 -0.8443458 0.5353732 -0.02181619 -0.8444032 0.5352638 0.4073129 -0.8772451 0.2540422 0.1898273 -0.8854644 -0.4241682 0.1899751 -0.8853992 -0.4242379 0.1902162 -0.8851658 -0.424617 -0.01937645 -0.8688957 -0.4946159 -0.007281541 -0.8269392 -0.5622441 0.01125079 -0.8670998 0.4980075 0.01134699 -0.8671362 0.4979419 0.01118481 -0.8670589 0.4980803 0.3324845 -0.8403311 -0.4281328 0.3323247 -0.8402498 -0.4284165 0.3324249 -0.8403629 -0.4281168 0.1088885 -0.8317196 -0.5444133 0.1088969 -0.83166 -0.5445027 0.1088433 -0.8318101 -0.5442841 0.4527016 -0.8537928 -0.2570976 0.5434709 -0.8270234 -0.1437766 0.5291343 -0.8387562 0.1284723 0.529126 -0.8387594 0.128486 0.5290724 -0.8388144 0.1283462 -0.4507159 0.8595949 0.2407322 -0.3139873 0.8572452 0.4080965 -0.3138384 0.8572653 0.4081686 -0.3137848 0.8572787 0.4081819 -0.1231747 0.852981 0.5071996 0.07512152 0.8506553 0.5203291 0.2936019 0.853173 0.431154 0.3169234 0.8776671 0.3595274 0.4601721 0.8493969 0.2583924 0.4601565 0.8494541 0.258232 0.4603232 0.8494523 0.2579408 0.5178616 0.8533614 0.0599485 0.5177459 0.8534197 0.06011754 0.5178193 0.853381 0.06003522 0.4826954 0.8589549 -0.1708854 -0.4201291 0.8541876 -0.306358 -0.4202364 0.8541594 -0.3062893 -0.4201712 0.8542551 -0.3061118 -0.4429334 0.8438147 -0.3029632 -0.4429212 0.843831 -0.302936 -0.4427519 0.843979 -0.3027711 -0.5298652 0.8480278 0.009589016 -0.3099699 0.8636249 0.3975813 -0.2948603 0.8405418 0.4544742 -0.2949492 0.8405702 0.4543641 -0.294853 0.8406484 0.4542818 -0.06708806 0.8821844 0.4661009 0.0238983 0.8418191 0.5392305 0.02394616 0.8416524 0.5394885 0.0239337 0.8416705 0.539461 0.5166421 0.8504679 0.09892058 0.5098096 0.8519173 -0.1197139 0.3875313 0.8376567 -0.3849033 0.3873705 0.8375985 -0.385192 0.3874486 0.8374917 -0.3853458 0.04834455 0.8439688 -0.5342094 -0.1808848 0.8818072 -0.4355421 -0.5360963 0.8301366 -0.1532129 -0.468713 0.8608359 0.198166 -0.468797 0.8607896 0.1981682 -0.4688102 0.8608903 0.1976997 -0.4697781 0.8599966 0.199285 -0.3463414 0.8456678 0.406071 -0.3460322 0.8459213 0.4058064 -0.3460264 0.8459207 0.4058128 0.1339878 0.8593761 0.4934774 0.340542 0.8449344 0.4124528 0.3786907 0.8709397 0.3131417 0.3782537 0.8710795 0.3132807 0.3781672 0.8711054 0.3133131 0.5472917 0.8368925 -0.009098947 0.4085728 0.865713 -0.2891529 0.3547623 0.8274688 -0.4352461 0.3547927 0.8274751 -0.4352093 0.3545587 0.8277013 -0.4349702 0.1231653 0.8791378 -0.4603773 0.1231192 0.8791728 -0.4603228 0.1232359 0.8791987 -0.4602418 0.06015443 0.8426046 -0.5351627 0.05987322 0.8424108 -0.5354991 0.06011795 0.8426192 -0.5351436 -0.2474188 0.8459839 -0.4723299 -0.413491 0.8639796 -0.2873404 -0.5333793 0.8397524 -0.1015995 -0.5334189 0.8397675 -0.1012666 -0.5057617 0.8475576 0.1607838 -0.5056219 0.847722 0.1603557 -0.5056668 0.8476074 0.1608191 -0.3800185 0.8708587 0.3117552 -0.3799503 0.8708969 0.3117314 -0.3799747 0.8708825 0.3117416 -0.3804601 0.8683711 0.3180909 -0.1164929 0.8726608 0.4742282 -0.1163702 0.8724815 0.4745886 -0.116377 0.8724774 0.4745943 -0.1165262 0.8723493 0.4747932 -0.4671062 0.8831171 0.04377561 -0.466834 0.8832539 0.04391646 -0.402817 0.8686969 -0.2882777 -0.4027501 0.8687645 -0.2881678 -0.4027688 0.8687471 -0.2881941 -0.1718312 0.8776771 -0.4473893 -0.1717702 0.8776974 -0.4473729 -0.1716101 0.8777315 -0.4473673 -0.1378933 0.8488486 0.5103348 -0.1902655 0.8836827 0.4276727 -0.4943928 0.8663356 -0.07098191 -0.3877065 0.8813819 -0.2699069 -0.3087736 0.8295561 -0.465291 -0.3086327 0.8295722 -0.4653559 -0.3085486 0.829626 -0.4653152 0.3782209 0.8776934 -0.2942845 0.484637 0.8730047 -0.054681 0.484651 0.8729995 -0.05463868 0.4847139 0.8729597 -0.0547164 -0.4795423 0.8765917 -0.04032772 0.01596063 0.882023 -0.4709361 0.01618176 0.881901 -0.471157 0.01597863 0.8820296 -0.470923 0.2648856 0.8762078 -0.4026111 -0.5128402 0.8584511 0.007540822 -0.4851576 0.8740023 -0.02724188 -0.4230493 0.8691242 -0.2562273 -0.2401497 0.8623684 -0.4457005 0.02409476 0.852181 -0.5226921 -0.02824157 0.8731284 -0.4866717 -0.02857047 0.8731524 -0.4866094 -0.02812951 0.873072 -0.4867795 -0.2617807 0.8512839 -0.454738 -0.2616981 0.8510147 -0.4552893 -0.2618344 0.8513386 -0.4546048 -0.2506071 0.8749011 0.4144203 -0.2503783 0.8751046 0.4141289 -0.2503272 0.8751833 0.4139934 0.001689612 0.8796021 0.4757071 0.001805782 0.8794915 0.4759114 0.00167042 0.8795832 0.4757421 0.4629293 0.8788979 0.1150435 0.428909 0.8791674 -0.20761 -0.255882 0.8747133 -0.4115838 -0.4432923 0.8690868 0.2194999 0.2059205 0.8769626 0.4342045 0.206051 0.8769108 0.434247 0.2060027 0.8769702 0.43415 0.4225137 0.8831458 0.2038035 0.09637379 0.8823831 -0.4605565 0.4857353 0.8726128 0.05107033 -0.2914527 0.8468402 0.4448786 0.4852708 0.83821 -0.24883 0.485237 0.838133 -0.2491549 0.4854415 0.8380928 -0.2488918 0.4774665 0.8417533 0.2519469 0.4773719 0.8417115 0.2522661 0.4773671 0.8417145 0.252265 0.1256937 0.8640231 0.4875093 0.420445 0.8505038 0.3160215 0.2460108 0.8616222 0.4439437 0.2458757 0.8615868 0.4440871 0.2460104 0.8615923 0.4440018 -0.4499287 0.8567482 0.252085 -0.1975979 0.839915 -0.505468 -0.1978344 0.8395689 -0.5059504 -0.1978775 0.839573 -0.5059265 0.130432 0.8406054 -0.5257092 0.1301741 0.8405428 -0.5258731 0.1303278 0.8404998 -0.5259037 0.3768957 0.8467682 -0.375411 -0.4512019 0.8584339 0.2439432 -0.45103 0.8585943 0.2436963 -0.4512852 0.8583989 0.2439121 -0.4856879 0.8418632 -0.2353163 -0.4854157 0.8421017 -0.2350242 -0.4856718 0.84188 -0.235289 0.1416858 -0.8806477 -0.4520895 0.1416854 -0.8806486 -0.4520877 0.1416808 -0.8806598 -0.4520677 -0.4575921 -0.865617 -0.2032657 -0.4575002 -0.8656367 -0.2033883 -0.4575971 -0.8655803 -0.2034102 0.1900148 -0.8793762 -0.4365683 0.1899197 -0.8793466 -0.4366692 0.1899514 -0.8793537 -0.4366416 -0.4332522 -0.8766069 -0.2094113 -0.2391558 -0.8707271 0.4296965 -0.2394788 -0.8706363 0.4297005 -0.2394738 -0.8706246 0.429727 -0.01738303 -0.875661 -0.4826134 -0.01737421 -0.8756368 -0.4826578 -0.01738482 -0.8756651 -0.4826059 -0.03597223 -0.8732488 0.4859451 0.2687392 -0.8860192 -0.377822 -0.2393582 -0.8556732 0.4588368 -0.23938 -0.8556416 0.4588843 -0.2392711 -0.8557715 0.4586989 -0.2732498 -0.8778468 0.3933441 -0.457426 -0.875536 0.1555578 -0.5257744 -0.8442349 0.1040612 -0.451982 -0.8821803 -0.1321755 -0.2583701 -0.885527 -0.3861175 0.003637492 -0.8840392 -0.4673985 0.1608879 -0.8280809 -0.5370263 0.16089 -0.8281247 -0.5369581 0.1606219 -0.8286772 -0.5361855 0.4684072 -0.8236725 -0.3196224 0.4681061 -0.8236992 -0.3199945 0.4493091 -0.8865724 -0.1100491 0.5339564 -0.845411 -0.0130757 0.5339267 -0.8454297 -0.01307559 0.534162 -0.8452822 -0.01300585 0.4334795 -0.8758606 0.2120468 0.4599969 -0.8658096 0.196918 0.23295 -0.8781625 0.4178099 -0.08132207 -0.8495029 0.5212789 -0.08122557 -0.8495091 0.5212839 -0.08125597 -0.8494433 0.5213863 -0.3514958 -0.8659777 0.3557155 -0.3556061 -0.863941 0.3565815 -0.3559124 -0.8638607 0.3564704 -0.5091169 -0.8465316 0.1555128 -0.4708399 -0.8818085 0.02689737 -0.530057 -0.8420555 -0.09991151 -0.4114913 -0.8818886 -0.2301034 -0.2667003 -0.8756347 -0.4026598 -0.3817601 -0.8384996 -0.3888158 -0.3816853 -0.8383905 -0.3891242 -0.3814675 -0.8384577 -0.3891931 -0.08631312 -0.8484068 -0.5222606 0.2723506 -0.8377979 -0.4732019 0.4567696 -0.8373529 -0.3003361 0.4567417 -0.8805776 -0.1263731 0.4567933 -0.8805513 -0.12637 0.4567453 -0.8805553 -0.1265152 0.4715675 -0.8745377 0.1131724 0.492591 -0.8531355 0.1717963 0.3858757 -0.8587245 0.3371827 0.3858239 -0.8588066 0.3370332 0.3858808 -0.8587104 0.3372129 0.3291088 -0.8770605 0.3499319 0.2071524 -0.8422988 0.497615 0.0309062 -0.8816272 0.4709336 -0.03580421 -0.8552313 0.5170083 -0.2251143 -0.8618243 0.4545134 -0.3938691 -0.8539497 0.3400546 -0.4114338 -0.8740288 0.2584492 -0.4114733 -0.8740791 0.2582159 -0.4113785 -0.8740574 0.2584405 -0.4764522 -0.8775197 0.05433815 -0.4764579 -0.8775258 0.05419105 -0.4764157 -0.8775497 0.05417317 -0.5152938 -0.8504765 -0.1056503 -0.4344312 -0.8371484 -0.3323437 -0.4346126 -0.8370577 -0.332335 -0.4344099 -0.8372429 -0.3321333 -0.2650955 -0.8822261 -0.3891035 -0.1333212 -0.8636968 -0.4860591 -0.1331252 -0.8637086 -0.4860919 -0.1332517 -0.8636549 -0.4861528 -0.1157564 -0.8392074 -0.5313489 0.1318609 -0.8502017 -0.509676 0.1317406 -0.8503721 -0.509423 0.1318562 -0.8502062 -0.5096699 0.3858919 -0.8741554 -0.2948557 0.4792221 -0.8769156 -0.03695023 0.5249711 -0.8510769 0.008589148 0.4176343 -0.8598379 0.2937014 0.437654 -0.8510302 0.290184 0.4377442 -0.8508998 0.2904304 0.4375573 -0.8509942 0.2904351 0.1712623 -0.8690451 0.4641442 0.1581527 -0.8489276 0.5042914 -0.1615318 -0.8746894 0.4569748 -0.1344472 -0.8584979 0.4948791 -0.3883704 -0.8725551 0.2963377 -0.5022327 -0.8602578 0.08785688 -0.5280122 -0.8461374 0.07248961 -0.5281794 -0.8460106 0.07275146 -0.5281181 -0.8460451 0.07279431 -0.4610622 -0.8643376 -0.2008537 -0.3624631 -0.8540724 -0.3730698 -0.3624581 -0.8540802 -0.3730568 -0.3624359 -0.854133 -0.3729573 -0.3127833 -0.8697023 -0.3818174 -0.3126335 -0.8697603 -0.3818081 -0.3126908 -0.8698157 -0.381635 -0.09290421 -0.86446 -0.4940422 -0.1246033 -0.8522274 -0.5081167 0.1085788 -0.8624084 -0.4944316 0.1567076 -0.8247324 -0.5433776 -0.3822197 -0.8439446 0.376385 0.4770283 -0.8494746 -0.2254707 0.4773421 -0.8493919 -0.2251178 0.4772123 -0.8493827 -0.2254272 0.349693 -0.8521366 -0.3893303 0.349655 -0.8521983 -0.3892295 0.3497598 -0.8521543 -0.3892313 -0.504727 -0.8508731 0.1458275 -0.5047165 -0.8508982 0.145718 -0.5046651 -0.8509143 0.1458014 0.5133739 -0.8555288 -0.06721341 0.212176 -0.8747535 -0.4356465 0.2119036 -0.8748897 -0.4355056 0.1521233 -0.8502008 0.5040013 0.1522239 -0.8500629 0.5042034 0.1522244 -0.8500617 0.5042053 0.3488528 -0.8484678 0.3980002 -0.2085427 -0.83164 -0.5146697 -0.2086241 -0.831511 -0.5148451 -0.2081587 -0.8315648 -0.5149467 -0.5097485 -0.8211122 -0.2567709 -0.5098496 -0.8209611 -0.257053 -0.5100009 -0.8209208 -0.2568816 -0.4218577 -0.845758 0.3266947 -0.422021 -0.8456094 0.3268685 -0.4220839 -0.8456277 0.3267403 0.02488565 0.8313043 0.5552603 0.3222985 0.8639734 0.3868768 0.4373806 0.8491986 -0.2959051 0.2300276 0.8502791 -0.4734057 -0.1001901 0.8367901 -0.5382791 -0.1000245 0.8370477 -0.5379092 -0.1003389 0.8368023 -0.5382323 -0.4321609 0.8652545 0.2541095 -0.4897532 0.8439232 0.2189415 -0.4898111 0.8438867 0.218953 -0.4895527 0.8440597 0.218864 -0.3076294 0.8515038 0.424624 -0.3075316 0.851741 0.424219 -0.3076713 0.8517045 0.4241907 0.2730754 0.8365862 0.4749246 0.3315209 0.8884773 0.3173362 0.3315616 0.8884647 0.3173286 0.3315414 0.8884707 0.3173328 0.5067339 0.8325371 0.2238365 0.5066607 0.8325872 0.2238162 0.5067646 0.8325181 0.223838 0.4708835 0.8808485 0.04873019 0.4710215 0.8807731 0.04876083 0.4708812 0.8808364 0.04897052 0.4369985 0.8786773 -0.1922466 0.4024847 0.8474272 -0.3462272 0.1481047 0.8587083 -0.4905967 0.14411 0.8549799 -0.4982387 0.1444408 0.8549522 -0.4981903 -0.2935919 0.8629364 -0.411272 -0.2948563 0.862084 -0.4121542 -0.295024 0.8619891 -0.4122326 -0.2950028 0.8620289 -0.4121646 0.01059782 0.8457337 0.5335001 0.1692125 0.8815821 0.4406587 0.2799703 0.837045 0.470077 0.5134242 0.8301236 0.2174635 0.5303691 0.8356803 -0.1426431 0.3547094 0.8396911 -0.4112181 0.3548487 0.8395113 -0.4114648 0.2281333 0.8798736 -0.4168666 0.04512679 0.8368055 -0.5456373 -0.2582559 0.8694264 -0.4211909 -0.2285687 0.8482634 -0.4777086 -0.4442773 0.8430524 -0.3031181 -0.4443032 0.8430576 -0.3030651 -0.4443218 0.8430659 -0.3030149 -0.5117057 0.8532627 -0.1004993 0.2653739 0.8464044 0.4617103 0.4759366 0.8544181 0.2084569 0.4759232 0.8544374 0.2084082 0.4760506 0.8543753 0.2083716 0.4079164 0.8580192 -0.3121015 0.2507666 0.8669349 -0.4307436 0.2506556 0.866922 -0.4308342 0.2506434 0.8669317 -0.4308218 0.521844 0.8466255 -0.1044231 0.521816 0.8467009 -0.1039505 0.5218343 0.8466313 -0.1044244 0.4796526 0.8768814 -0.03182184 0.4794377 0.8769904 -0.03205537 0.4792655 0.8770859 -0.03201717 0.4882534 0.8382554 0.2427683 0.1996774 0.8792006 0.4325914 -0.03103816 0.8447839 0.5342069 -0.1258001 0.8844123 0.4494321 -0.1262625 0.8843091 0.4495057 -0.3082034 0.8344167 0.456902 -0.3680192 0.8842948 0.2873754 -0.5108955 0.840569 0.1800824 -0.4755494 0.8754423 0.08633464 -0.4492607 0.8782077 -0.1640613 -0.0520091 0.8725208 -0.4858011 0.4697219 0.8820893 0.03577595 0.4697009 0.8821036 0.03569871 0.4697591 0.8820661 0.03585696 -0.1744632 0.8816354 0.4384993 -0.4271602 0.8463305 0.318212 -0.4018394 0.8888607 0.2201179 -0.5398847 0.8417389 -2.84837e-4 -0.5398244 0.8417778 -2.80739e-4 -0.5398314 0.8417729 -7.60047e-4 -0.454241 0.8858746 -0.09429454 -0.4543197 0.8858325 -0.09431052 -0.4541923 0.8859 -0.09429073 -0.4681875 0.8420876 -0.2677478 -0.4682281 0.8421087 -0.2676106 -0.4682123 0.8421179 -0.2676094 -0.0667057 0.8632398 -0.5003673 -0.06669306 0.863219 -0.500405 -0.06670469 0.8632384 -0.5003699 0.3457607 0.8673952 -0.357876 0.3455103 0.8674531 -0.3579776 0.3457226 0.8673748 -0.3579623 0.04567962 0.8804432 0.4719461 0.04586565 0.8801663 0.4724444 0.04581511 0.8803966 0.4720199 -0.0188167 0.8531784 0.5212798 -0.01849633 0.8531315 0.521368 -0.2698667 0.8654143 0.4221733 -0.4752961 0.878745 0.04359817 -0.4756805 0.8785356 0.04362577 -0.4753704 0.8787038 0.04361969 -0.4172944 0.8818054 -0.2197376 -0.4121976 0.8372907 -0.3592176 -0.1596795 0.8772369 -0.4527228 -0.1596552 0.877261 -0.4526848 -0.159662 0.8772537 -0.4526966 0.1721704 0.8732588 -0.4558252 0.4264677 0.8761818 -0.2245686 0.4261006 0.8763554 -0.2245876 0.4259637 0.8764046 -0.224655 0.5244762 0.8458775 -0.09703612 0.5244279 0.8459054 -0.09705311 0.5244147 0.84593 -0.09691154 0.4585537 0.8851222 0.07929283 0.4580567 0.8853916 0.079158 0.4579117 0.885463 0.07919842 0.4979454 0.8444969 0.1971691 0.4980564 0.844399 0.1973069 0.4980278 0.8445237 0.1968449 0.3382669 0.856165 0.3905855 0.3381403 0.8561809 0.3906602 0.3383577 0.8561702 0.3904954 0.09830737 0.8725311 0.4785657 0.09804326 0.8726527 0.4783982 0.5316408 0.8438338 -0.07282072 -0.1669306 0.8693518 0.465147 0.414094 0.8719442 0.2612271 0.4150943 0.8813546 -0.2256347 0.4150391 0.8813832 -0.2256238 0.4152699 0.8812562 -0.2256957 0.4064851 0.8729092 -0.2698141 0.4063904 0.8729969 -0.2696728 0.4063775 0.872972 -0.2697727 0.2459989 0.8604211 -0.4462736 0.2457942 0.8602689 -0.4466795 0.2459453 0.8603718 -0.4463981 -0.07252979 0.8607668 -0.5038056 -0.07251083 0.8607201 -0.5038881 -0.0725122 0.8607262 -0.5038775 -0.5381048 0.8388618 -0.08218389 -0.07518273 -0.877157 0.4742817 -0.07517552 -0.8771544 0.4742877 -0.07518839 -0.8771591 0.4742769 0.168886 -0.8823283 0.4392886 -0.3024851 -0.8833308 -0.3580915 -0.4570401 -0.8782485 -0.1406913 -0.4571072 -0.8782067 -0.1407338 -0.4569717 -0.8782827 -0.1406999 -0.4078492 -0.8548468 0.320774 -0.1309661 -0.8772646 0.4617953 -0.1311292 -0.8770543 0.4621483 -0.1310259 -0.8772204 0.4618621 0.2020279 -0.87426 0.4414231 0.2020015 -0.8740861 0.4417792 0.2020294 -0.8742246 0.4414926 -0.3007205 -0.8842468 0.357316 0.003673136 -0.8845961 0.4663436 0.1773791 -0.8329766 0.5241054 0.2798736 -0.8825985 0.3777445 0.4343227 -0.8739348 0.2181789 0.4343404 -0.873939 0.2181261 0.4342014 -0.8740039 0.218143 0.4636387 -0.8829838 -0.07334154 0.3569242 -0.8811271 -0.3101938 0.1288586 -0.8755849 -0.4655604 -0.09784227 -0.8791139 -0.4664609 -0.3698097 -0.866582 -0.3350769 -0.368592 -0.8708247 -0.325276 -0.5053888 -0.8583161 -0.08874624 -0.5052646 -0.8584043 -0.08860021 -0.5053451 -0.8583905 -0.08827471 -0.468923 -0.8722551 0.1388611 -0.2903929 -0.8697324 0.3990457 -0.2900773 -0.8698453 0.3990293 0.3322629 -0.8785754 0.343084 0.3324461 -0.8785492 0.3429737 0.3325569 -0.8785402 0.3428894 0.4473549 -0.8824756 0.1452945 0.4470716 -0.8826334 0.1452085 0.4752984 -0.8734555 -0.1056739 0.475179 -0.8735287 -0.1056059 0.4751442 -0.8735305 -0.1057478 0.1979962 -0.8632097 -0.4643992 0.3699648 -0.867686 -0.3320347 0.3699512 -0.8676856 -0.3320509 0.3701832 -0.8675191 -0.3322272 0.4272341 -0.8430827 -0.3266233 0.4272022 -0.8431318 -0.326538 0.4267157 -0.8435878 -0.3259959 0.5466175 -0.836438 -0.03976118 0.5466236 -0.8364339 -0.03976505 0.5462825 -0.8366613 -0.03966385 0.4561106 -0.8349242 0.3080011 0.4561427 -0.8349049 0.3080059 0.4559239 -0.8350178 0.3080237 0.1743152 -0.8424561 0.5097863 -0.09517651 -0.845202 0.525904 -0.2866641 -0.8654569 0.4108625 -0.2863048 -0.865665 0.410675 -0.2865907 -0.8654721 0.4108819 -0.4957474 -0.8371866 0.230983 -0.5159428 -0.8505255 -0.1020275 -0.2113132 -0.8461019 -0.4893447 -0.2114163 -0.8458916 -0.4896637 -0.2114112 -0.8458595 -0.4897213 0.03407418 -0.8539478 -0.519242 0.2570475 -0.8398486 -0.4781015 0.4735758 -0.8397034 -0.265752 0.473375 -0.8398125 -0.2657651 0.4736334 -0.8396675 -0.2657634 0.5419438 -0.8397999 0.03214204 0.4426396 -0.8411481 0.3107089 -0.1314979 -0.8384506 0.5288754 -0.3933915 -0.845548 0.3609594 -0.3932776 -0.8456099 0.3609387 -0.393546 -0.8454857 0.3609369 -0.4788452 -0.8757205 0.06181395 -0.4791153 -0.8755669 0.06189697 -0.4789406 -0.8756607 0.06192338 -0.5127248 -0.8386803 -0.1836539 -0.3770303 -0.8871133 -0.2662294 -0.3768563 -0.8871012 -0.2665161 -0.3768101 -0.8871312 -0.2664819 -0.3349046 -0.836582 -0.4335545 -0.3345924 -0.8366391 -0.4336856 -0.3347065 -0.8365755 -0.4337199 -0.1265824 -0.8880377 -0.4420023 0.006323993 -0.8316637 -0.5552438 0.006239771 -0.8312673 -0.5558378 0.006220042 -0.8312051 -0.555931 0.1091689 -0.8746209 -0.4723563 0.1091088 -0.8746513 -0.4723139 0.1090584 -0.8746905 -0.472253 0.2980991 -0.8608126 -0.4124789 0.3255377 -0.8482553 -0.417718 0.3250979 -0.8483397 -0.4178891 0.3252435 -0.8482905 -0.4178755 0.4431019 -0.8695401 -0.2180846 0.4432151 -0.8695031 -0.218002 0.4428647 -0.8696036 -0.2183132 0.4825007 -0.8536741 -0.1960449 0.4943501 -0.8689336 -0.02392363 0.5224885 -0.8524692 0.0173816 0.5224208 -0.8525101 0.01741707 0.522671 -0.8523561 0.01744538 0.4309043 -0.8760747 0.2163675 0.226117 -0.8653846 0.4471921 0.2256923 -0.8653805 0.4474144 -0.07848131 -0.8416296 0.5343223 -0.07891589 -0.8417075 0.5341356 -0.409747 -0.8455628 0.342244 -0.4674264 -0.8782178 0.1012231 -0.5539195 -0.832566 0.002651751 -0.5542787 -0.8323275 0.002468764 -0.5542192 -0.832367 0.002527534 0.009634733 -0.8842886 -0.4668415 0.3166171 -0.8821793 -0.3485879 0.5019974 -0.8614482 -0.07684946 0.4698266 -0.8777883 -0.09354603 0.4695167 -0.8779803 -0.09329861 0.4698224 -0.8777912 -0.09354013 0.3864902 -0.8892328 0.2447252 0.03268265 -0.8517876 0.5228667 0.3568675 -0.8226253 0.4426436 0.5282058 -0.8385893 0.1332922 0.5280502 -0.8387033 0.1331907 0.5279955 -0.8387389 0.1331835 0.397744 -0.8468838 -0.3529697 0.3979262 -0.846733 -0.3531261 0.3978222 -0.8468141 -0.3530489 0.1012427 -0.8316701 -0.5459625 0.1012983 -0.8320341 -0.545397 0.1012246 -0.8317206 -0.5458889 -0.2548405 -0.8352279 -0.4872892 -0.2547481 -0.8351394 -0.4874891 -0.2548854 -0.8351336 -0.4874272 -0.4538881 -0.8444195 -0.284502 -0.4542385 -0.8440967 -0.2849007 -0.4542057 -0.8441315 -0.2848494 0.4498526 -0.8446797 0.2900843 -0.5046678 -0.8565893 0.1075411 -0.5047093 -0.8565629 0.1075576 -0.5044908 -0.8566985 0.1075032 0.03452551 -0.8877905 0.458951 0.03452616 -0.8877793 0.4589726 0.03452539 -0.887767 0.4589967 -0.08329558 0.847665 -0.5239523 -0.08358949 0.8475599 -0.5240755 -0.08362334 0.8476067 -0.5239943 -0.4651974 0.8524038 -0.2387453 -0.4654193 0.8522313 -0.2389286 -0.3450738 0.8577328 0.3810756 0.2053592 0.8434723 0.4963691 0.3839949 0.86493 0.3231779 0.5047596 0.8619921 0.04676872 0.5130248 0.8574277 0.04029458 0.5131503 0.8573667 0.03998941 0.5130141 0.8574268 0.04044508 0.4671249 0.8571435 -0.2170245 -0.2391375 0.8779006 -0.4148543 -0.294027 0.8567392 -0.4237291 -0.2942436 0.8564381 -0.4241871 -0.2941833 0.8565051 -0.4240934 -0.4437792 0.8600789 -0.2516433 -0.4372476 0.8764126 -0.2017807 -0.4372321 0.8764951 -0.2014558 -0.4371523 0.8764274 -0.2019236 -0.3957303 0.8175938 0.4182561 -0.3958166 0.8175521 0.4182556 -0.3954284 0.8177922 0.4181534 -0.1588466 0.8861016 0.4354217 -0.01095241 0.8389231 0.5441399 -0.01124632 0.8391263 0.5438203 -0.01098752 0.8389093 0.5441604 0.4544224 0.847631 0.2739017 0.4543688 0.8476956 0.2737905 0.4544423 0.847675 0.2737323 0.4363653 0.8492757 -0.2971805 0.2780966 0.8510596 -0.4453762 0.2782139 0.8509945 -0.4454272 0.2780154 0.851055 -0.4454357 0.04388469 0.8409625 -0.5393108 0.04369282 0.8409965 -0.5392737 0.04372274 0.8409597 -0.5393283 -0.5198791 0.8458101 0.1197128 -0.3755437 0.8827908 0.2822188 -0.294886 0.8769872 0.3793887 -0.06925261 0.8471649 0.5267977 0.4313848 0.8253363 0.3643173 0.5386282 0.8421865 0.0245276 0.5385966 0.8422055 0.02456712 0.5379798 0.8426019 0.02449226 -0.3251452 0.8550875 -0.4038639 -0.4686349 0.8668443 -0.170183 -0.5104917 0.8525269 0.1122334 -0.5105379 0.8525037 0.1121991 -0.5106582 0.8523931 0.1124922 -0.3509874 0.8286598 0.43604 -0.1804242 0.8830161 0.4332779 -0.1803434 0.8830004 0.4333436 -0.1805452 0.8829535 0.4333552 -0.3719723 0.8794179 0.2970871 -0.3720371 0.8793831 0.2971091 -0.3722215 0.8792679 0.2972188 -0.5204767 0.8473327 0.1055055 -0.4806388 0.8611238 -0.1656873 -0.289864 0.8714134 -0.3957494 -0.01120078 0.8427235 -0.5382301 0.01129305 0.8616381 -0.5073977 0.3248956 0.8437144 -0.4273043 0.3932731 0.8768633 -0.2764909 0.3932091 0.8769031 -0.276456 0.39333 0.8768227 -0.2765387 0.4808393 0.8507492 -0.2121778 0.48323 0.8727789 -0.06889021 0.483489 0.8726301 -0.06895798 0.4832508 0.8727667 -0.06889957 0.4371752 0.8835656 0.1678981 0.1421511 0.8534347 0.5014403 0.06028801 0.8795173 0.4720327 -0.3091908 0.7920045 0.5264313 -0.4866508 0.8702732 0.07612901 -0.4659484 0.8644503 -0.1887268 -0.4657893 0.8645283 -0.1887626 -0.4656534 0.8646006 -0.1887667 -0.4816269 0.8435257 -0.2376971 -0.2981194 0.877842 -0.3748579 -0.2365933 0.8403765 -0.4876384 -0.1050007 0.8762916 -0.4702 0.1438369 0.8770459 -0.4583684 0.1436745 0.8772754 -0.45798 0.3385517 0.8756343 -0.3444524 0.4671439 0.8794507 -0.09134119 0.467149 0.8794587 -0.09123694 0.4671357 0.8794555 -0.0913366 0.52514 0.8505006 -0.02961039 0.4422494 0.8764527 0.1903846 0.2906077 0.8714984 0.3950161 0.2598653 0.8504631 0.4573648 0.2598787 0.8504099 0.4574561 0.2597723 0.8504814 0.4573837 0.08164799 0.8733744 0.4801569 -0.3855682 0.8672798 0.3149014 -0.4780014 0.8731405 0.09560549 0.1248924 0.8953132 -0.4275702 0.124742 0.8953199 -0.4275999 0.1248884 0.8953171 -0.4275631 0.1372525 0.8748527 0.4645369 -0.1025347 0.8548708 0.5086084 -0.1132817 0.8635747 0.4913308 -0.1132912 0.8635237 0.4914183 -0.1134641 0.863461 0.4914888 -0.3295887 0.8635081 0.3817397 -0.5240088 0.8434383 0.118434 -0.2893017 0.8603768 -0.4195905 -0.2414624 0.8782592 -0.4127429 -0.4498141 0.8737739 -0.1848959 -0.4496393 0.8738867 -0.1847873 -0.4500242 0.8736367 -0.1850325 0.2968328 0.876353 0.3793359 0.2968914 0.8763743 0.3792406 0.2969904 0.8763483 0.3792232 0.2171459 0.8785756 -0.4253852 0.2173175 0.8786658 -0.4251113 0.2170149 0.8786704 -0.4252563 -0.5522052 0.8332594 0.02735459 -0.0463944 0.8311617 -0.5540919 0.255828 0.8474962 -0.4650831 0.2556096 0.847676 -0.4648756 0.2555403 0.8477599 -0.4647607 0.4634439 0.860895 -0.2099511 0.4266428 0.8463456 0.3188655 0.4263659 0.8465127 0.3187921 0.4266557 0.8463315 0.3188856 -0.5089708 0.8544594 0.1041544 0.4298352 -0.8778005 0.2114426 0.4298679 -0.8777868 0.2114331 0.4298475 -0.8777952 0.2114395 0.2503192 -0.8662039 -0.432471 0.2807857 -0.8971083 -0.34111 0.2806425 -0.8971028 -0.3412424 0.2807243 -0.8970997 -0.3411834 -0.1169492 -0.8636361 0.4903629 -0.1725358 -0.8488056 0.4997605 -0.1722899 -0.8488571 0.4997577 -0.172408 -0.8487917 0.4998282 -0.3288779 -0.876035 0.3527066 -0.4210714 -0.8398896 0.3424683 -0.4209599 -0.840138 0.3419959 -0.4210067 -0.8400294 0.3422049 -0.4510546 -0.881694 0.1384396 -0.5465844 -0.8372961 0.01344257 -0.4871364 -0.8709496 -0.06438106 -0.4183657 -0.847352 -0.3270545 -0.4183312 -0.8472906 -0.3272581 -0.4182661 -0.847385 -0.3270969 -0.4255996 -0.8443164 -0.3255683 -0.4254193 -0.8444568 -0.3254401 -0.4254426 -0.8445159 -0.3252564 -0.1396151 -0.8631163 -0.4853224 -0.1324858 -0.8547512 -0.5018444 -0.1322209 -0.8548303 -0.5017796 -0.132377 -0.8550459 -0.5013709 0.1766269 -0.8702616 -0.4598345 0.1477061 -0.8526427 -0.5011821 0.3799747 -0.854366 -0.354511 0.4853256 -0.8519767 -0.1964555 0.48545 -0.8519613 -0.1962149 0.4854625 -0.8519502 -0.1962321 0.4690564 -0.8752045 -0.1183358 0.5236116 -0.8464681 0.09655398 0.5078113 -0.8577582 0.07986676 0.5073103 -0.858049 0.07992595 0.5077945 -0.8577674 0.07987391 0.3764332 -0.864221 0.3337966 0.3765665 -0.8641702 0.3337777 0.3765673 -0.8641747 0.3337653 0.3794869 -0.8536908 0.3566539 0.3793047 -0.8537209 0.3567754 0.3791942 -0.8538841 0.3565024 0.1543736 -0.8600493 0.4862961 0.1545101 -0.8599795 0.4863765 0.1541483 -0.8601998 0.4861016 0.1537689 -0.8591259 0.4881169 -0.1162784 -0.8640426 0.4898059 -0.3692336 -0.865148 0.33939 -0.4594831 -0.8222756 0.3357649 -0.4594431 -0.8223246 0.3356997 -0.4590632 -0.8226361 0.3354562 -0.4482522 -0.8838929 0.1334292 -0.5328737 -0.8409754 -0.09384107 -0.3734781 -0.8633493 -0.3393261 -0.3731164 -0.864376 -0.3371031 -0.3729119 -0.8645163 -0.3369695 -0.3730898 -0.8643523 -0.3371933 -0.1515879 -0.8705217 -0.4682021 0.05892491 -0.8569742 -0.5119796 0.06176674 -0.8551313 -0.514719 0.06185621 -0.855005 -0.5149179 0.0618534 -0.855001 -0.5149249 0.3071975 -0.8639245 -0.3990791 0.3071703 -0.8640726 -0.3987792 0.3071466 -0.8638789 -0.3992171 0.4275135 -0.8817932 -0.1991811 0.5342643 -0.8366628 -0.1206529 0.5343847 -0.8365668 -0.1207857 0.5344849 -0.8365181 -0.1206797 0.4717208 -0.8776997 0.08439636 0.3508383 -0.8722466 0.3407323 0.3492051 -0.8467413 0.401354 0.3492205 -0.8467766 0.4012662 0.3487539 -0.84701 0.4011793 0.1338875 -0.8686025 0.4770786 0.09867995 -0.8472249 0.5219889 -0.08997631 -0.881222 0.4640605 -0.2163755 -0.840552 0.4966428 -0.3141305 -0.8783947 0.360201 -0.4467797 -0.8811723 0.1546715 -0.5515714 -0.8341258 -0.001826584 -0.4852628 -0.8711579 -0.07486021 -0.3397155 -0.8737347 -0.348111 -0.4145399 -0.8465422 -0.3339505 -0.1984682 -0.8522706 -0.4839891 -0.1986948 -0.8520961 -0.4842032 -0.1985996 -0.8521077 -0.4842218 -0.06983178 -0.8817431 -0.4665327 0.4593194 -0.8874115 -0.03907108 0.5195528 -0.8460495 0.1194376 0.5195214 -0.8460652 0.1194632 0.5195446 -0.8460536 0.1194448 0.2320216 -0.8853918 0.4027994 0.1320134 -0.8288465 0.5436783 0.1316936 -0.8288314 0.5437787 -0.03027313 -0.8815501 0.4711189 -0.2213841 -0.8354927 0.5029325 -0.22084 -0.8362238 0.5019558 -0.2213216 -0.8355369 0.5028867 -0.2672133 -0.8749987 0.4037009 -0.4318537 -0.8674126 0.2471796 -0.4895224 -0.8395024 0.2358041 -0.4893682 -0.8396523 0.2355903 -0.4895064 -0.8395219 0.2357678 -0.4929525 -0.8681482 -0.05759078 -0.4927289 -0.8682888 -0.05738377 -0.5054248 -0.8598501 -0.07213723 -0.4197695 -0.8591858 -0.2925634 -0.3538807 -0.8787967 -0.3201326 -0.2893429 -0.8437439 -0.4520807 -0.2893356 -0.8437501 -0.4520739 -0.2896875 -0.8438015 -0.4517525 -0.07994556 -0.876423 -0.4748597 -0.07963049 -0.8764987 -0.4747725 -0.02684378 -0.8464061 -0.5318612 -0.02691107 -0.8463479 -0.5319503 -0.02609711 -0.8476403 -0.5299291 0.4098384 -0.8415151 0.3519732 0.5193291 -0.8172568 -0.2497774 0.01942205 -0.8458593 -0.5330525 0.01952141 -0.8459514 -0.5329025 0.01961481 -0.8458217 -0.533105 -0.4344971 -0.8421515 0.3193638 -0.434935 -0.8418372 0.3195961 -0.4349091 -0.8418352 0.3196367 0.5019013 -0.8527064 0.1448686 0.5022025 -0.852536 0.1448277 0.5020251 -0.8526235 0.1449272 0.3530483 -0.8444175 -0.4028845 0.3527206 -0.845063 -0.401817 0.353121 -0.8444888 -0.4026713 -0.2052754 -0.8541958 -0.4777151 -0.2054796 -0.8536708 -0.4785649 -0.2054766 -0.853603 -0.4786869 -0.5205517 -0.8498184 -0.08267319 0.3503538 -0.8672694 -0.3536892 0.3501727 -0.8673685 -0.3536256 0.3503575 -0.8672594 -0.35371 0.5907514 0.7982365 -0.1176072 0.5905978 0.798341 -0.1176693 0.5907626 0.7982115 -0.1177207 0.3303388 0.9003474 -0.2832859 0.3301436 0.9005423 -0.2828938 0.1266703 0.8836084 -0.4507669 0.03233462 0.8455277 -0.5329517 -0.5357551 0.8379907 -0.1036249 -0.5356766 0.8380572 -0.1034931 -0.5358083 0.8379553 -0.1036358 -0.4889485 0.8316718 0.2631564 -0.2334784 0.8697888 0.4346899 -0.2260162 0.8588185 0.4597254 -0.2260774 0.8589615 0.4594281 -0.2258611 0.858887 0.4596737 0.03802728 0.8706793 0.4903789 0.2856009 0.8462938 0.4496878 0.2853552 0.8463732 0.4496944 0.2855536 0.8463004 0.4497055 0.5418236 0.8397477 -0.03537112 0.5417198 0.8398155 -0.0353505 0.5418654 0.83972 -0.03538948 0.4430781 0.8444396 -0.3010045 0.4430918 0.8444319 -0.3010058 0.4428119 0.8446108 -0.3009157 0.2398662 0.8750403 -0.4204389 0.2400621 0.8751127 -0.4201763 0.2396857 0.8750125 -0.4205996 0.05932664 0.8697605 -0.489895 0.05928647 0.869599 -0.4901864 0.05927044 0.869601 -0.4901849 0.001875281 0.83174 -0.5551622 0.001880586 0.8317357 -0.5551688 0.001561284 0.8324892 -0.5540391 -0.2534129 0.8812125 -0.3990569 -0.2534004 0.8812314 -0.3990231 -0.2533855 0.8812512 -0.3989892 -0.4568862 0.8712506 -0.1793808 -0.4604526 0.8801159 0.1156693 -0.4604167 0.8801215 0.1157701 -0.4603999 0.8801298 0.115774 -0.46911 0.8333709 0.2922825 -0.4692378 0.8332116 0.292531 -0.4692283 0.8332353 0.2924787 -0.1702685 0.8216359 0.5439881 -0.1701009 0.8218221 0.5437594 -0.1701625 0.8216631 0.5439803 -0.09325408 0.8568 0.5071464 0.2417489 0.8231284 0.513826 0.2417113 0.8231825 0.5137571 0.2417877 0.8230888 0.5138711 0.4873856 0.8392019 0.2412379 0.4872536 0.8391469 0.2416955 0.4874711 0.8390262 0.2416757 0.5207728 0.8506677 -0.07183647 0.520641 0.8507544 -0.07176423 0.5208532 0.8506225 -0.07178658 0.3495957 0.870057 -0.3475397 0.3500002 0.8698394 -0.3476771 0.0979194 0.8697159 -0.4837418 -0.1325889 0.8660622 -0.4820336 -0.3435713 0.8754809 -0.3398413 -0.4877845 0.8495119 -0.2009873 -0.4881632 0.8492588 -0.2011368 -0.4830904 0.8695615 0.1024038 -0.5308234 0.8466371 0.03784817 -0.4362745 0.8367881 0.3308327 -0.436194 0.8367612 0.3310069 -0.4360368 0.8368967 0.3308712 -0.3549066 0.8692331 0.3442023 0.2292134 0.8289673 0.5101711 0.02485203 0.8785888 -0.4769322 0.02482217 0.8784802 -0.4771335 0.02487015 0.8786202 -0.4768733 0.4519558 0.8304924 -0.3256043 0.4518433 0.8304321 -0.3259146 0.4449016 0.8816854 -0.1571416 0.5330775 0.8460056 0.01015049 0.4888722 0.8697963 0.06677073 0.4889236 0.8697648 0.06680524 0.4893431 0.8695155 0.06697779 0.4644724 0.8472524 0.2577381 0.1075379 0.8818441 0.459115 -0.1655389 0.8702983 0.4638728 -0.4778496 0.874692 -0.0810799 -0.4778476 0.8746954 -0.08105432 -0.4778423 0.8747018 -0.08101582 -0.3995563 0.8496036 -0.3442797 0.4664866 0.8766615 -0.1177074 0.4663165 0.8767243 -0.117913 0.4663932 0.8767127 -0.1176964 0.4702155 0.869911 0.1488367 0.4701416 0.8699877 0.1486214 0.4702293 0.8699217 0.1487304 -0.2792323 0.8887029 0.3636434 -0.2791421 0.8886857 0.3637547 -0.2791155 0.888704 0.3637303 -0.4676963 0.8663938 -0.1749914 0.4691508 0.8806427 0.06607621 0.4768227 0.8380542 0.2651516 0.3224435 0.8806383 0.3471402 -0.4143326 0.8359732 -0.3598299 -0.1934329 0.8701528 -0.4532307 -0.1730561 0.8798052 -0.4427128 -0.1729313 0.8798933 -0.4425862 -0.1731116 0.8798109 -0.4426795 0.3874716 0.921706 0.01799988 0.235041 0.9321811 0.2753073 0.235272 0.9321554 0.2751972 0.2352428 0.9322719 0.2748273 0.626439 0.7345204 0.2608715 -0.4439235 0.8822394 -0.1567978 -0.4443358 0.8820147 -0.1568942 -0.4442299 0.8795159 0.1706213 -0.4445338 0.8793814 0.1705234 -0.4441938 0.8795509 0.1705349 0.4404314 0.8803139 -0.1762608 0.3099959 0.8477671 -0.4303416 0.3100104 0.847808 -0.4302503 0.3096942 0.8478282 -0.4304382 0.138248 0.8704546 0.4724367 0.1383388 0.8704693 0.4723829 0.1382501 0.8704329 0.472476 0.3417459 0.880862 0.3275544 0.355736 0.8502522 -0.3879731 0.3557941 0.8502131 -0.3880058 0.3558871 0.850157 -0.3880434 -0.1553471 0.8527755 -0.4986395 0.3686735 0.8845776 0.2856615 0.3094307 0.8818065 -0.3559074 0.309372 0.8818474 -0.3558571 0.3093627 0.8817706 -0.3560554 0.1514859 0.8443498 -0.5139315 0.1514678 0.8444297 -0.5138054 0.1514763 0.8444173 -0.5138232 -0.123293 0.8316482 0.5414429 -0.1232921 0.8312077 0.5421189 -0.1232886 0.8313493 0.5419025 0.153822 0.8504412 -0.5030791 0.1538754 0.8499595 -0.5038763 0.1538671 0.8499415 -0.5039092 -0.5280838 0.8490189 0.0171675 -0.5284073 0.8488199 0.01704573 -0.5285426 0.8487358 0.01704543 -0.3437786 0.8408669 -0.418042 0.004480183 0.8553079 0.5181007 0.00467199 0.8553041 0.5181054 0.004469335 0.8553682 0.5180014 0.3427025 0.8222689 -0.4543447 0.3421743 0.8225379 -0.4542557 0.3425478 0.8222911 -0.4544209 -0.4522958 -0.7362133 -0.503407 -0.4450755 -0.8954793 -0.004980742 -0.4450755 -0.8954793 -0.004980742 -0.445446 -0.895296 -0.004782855 -0.5108596 -0.8239768 0.2451221 -0.5107903 -0.824109 0.2448216 -0.5109526 -0.823891 0.2452164 -0.3537542 -0.8826074 0.3096162 -0.3535679 -0.8826423 -0.3097296 -0.3534801 -0.8826997 -0.309666 -0.3534803 -0.8826996 -0.3096663 -0.4506846 -0.872332 0.1895264 0.2084527 -0.8724551 -0.4420064 0.2088297 -0.872399 -0.441939 0.2086796 -0.8722223 -0.4423586 0.4350736 -0.8658123 -0.2471445 0.4349268 -0.8659071 -0.2470699 0.4348132 -0.8659672 -0.2470597 0.4382866 -0.8579539 -0.2679925 0.5134729 -0.858033 0.01117795 0.4327985 -0.87358 0.2225837 0.2372858 -0.8865258 0.3971998 0.1448422 -0.82047 0.5530368 0.1448421 -0.8205558 0.5529096 0.1447228 -0.820434 0.5531214 -0.07104927 -0.8889337 0.4524919 -0.2641215 -0.8215929 0.5051979 -0.2640591 -0.8214351 0.5054873 -0.3105602 -0.8774822 0.3654826 -0.4934828 -0.8518252 0.175695 -0.4934296 -0.8518823 0.175567 -0.4934069 -0.8519625 0.175242 -0.4917462 -0.8689619 -0.05559593 -0.5110201 -0.8548247 -0.09018576 -0.5110962 -0.8548136 -0.08985912 -0.5111623 -0.8547711 -0.08988654 -0.4255945 -0.869533 -0.2505635 -0.4273847 -0.8556479 -0.2919061 -0.4272093 -0.8557363 -0.2919036 -0.426737 -0.8560743 -0.2916032 -0.246551 -0.8471781 -0.47064 -0.2465969 -0.847154 -0.4706594 -0.2464485 -0.8472491 -0.470566 -0.2565084 -0.8641725 -0.4329084 0.02024775 -0.8794681 -0.475527 0.2573673 -0.8772847 -0.4051344 0.2573369 -0.8773044 -0.405111 0.2574025 -0.8772643 -0.4051561 0.3530074 -0.8516668 -0.3873622 0.3532216 -0.8515491 -0.3874257 0.3534371 -0.851576 -0.3871698 0.4205318 -0.8758117 -0.2368691 0.4206022 -0.8759036 -0.2364039 0.4205294 -0.8758129 -0.236869 0.4884455 -0.8489759 -0.2016457 0.4882849 -0.849106 -0.2014871 0.4884221 -0.8489967 -0.201615 0.5019517 -0.8628423 0.05956447 0.5140372 -0.8546974 0.07251298 0.5141711 -0.8546023 0.07268381 0.514044 -0.8546527 0.07299023 0.3923595 -0.8675035 0.3057646 0.2148738 -0.8702226 0.4433304 0.1912138 -0.8490282 0.4925327 -0.04170382 -0.875707 0.4810385 -0.2355384 -0.8720268 0.4290584 -0.2357305 -0.8721047 0.4287945 -0.3281971 -0.8465391 0.4191161 -0.3278053 -0.8465543 0.4193921 -0.3280572 -0.8465663 0.4191707 -0.4055932 -0.8834522 0.2345349 -0.5398435 -0.8242754 0.170702 -0.4595325 -0.8858999 -0.06333428 -0.5100138 -0.8340224 -0.2104584 -0.5097339 -0.8342164 -0.2103673 -0.5100105 -0.833987 -0.2106068 -0.3215714 -0.8487396 -0.4198009 -0.3213797 -0.8488311 -0.419763 -0.3214868 -0.8487743 -0.4197957 -0.09758669 -0.8733966 -0.4771324 -0.08784753 -0.8654372 -0.4932559 -0.08768075 -0.865457 -0.4932509 -0.08732151 -0.8657696 -0.4927657 0.138629 -0.8430348 -0.5196868 0.2150614 -0.8796152 -0.4242946 0.4016441 -0.8707069 -0.2838163 0.4032909 -0.8410471 -0.3605503 0.4033366 -0.8409919 -0.3606278 0.4030337 -0.8412781 -0.3602984 0.5146446 -0.8572793 -0.01460361 0.5146685 -0.8572645 -0.01463341 0.5146211 -0.857294 -0.01456511 0.5282962 -0.8490425 -0.005488693 0.5284888 -0.8489227 -0.005479395 0.5284188 -0.8489655 -0.005587935 0.4316843 -0.8695147 0.2399849 0.4437325 -0.850256 0.2831364 0.1947725 -0.8637002 0.4648503 -8.84193e-4 -0.8492453 0.5279979 -0.3070632 -0.8303418 0.4650213 -0.6119379 -0.781037 -0.1245525 -0.03482049 -0.8583989 -0.5117997 0.1920431 -0.8591415 0.4743369 0.1914465 -0.8595175 0.4738965 0.1920484 -0.8590846 0.4744377 -0.1112315 -0.8478904 0.5183719 -0.1112701 -0.8479933 0.5181955 -0.1113424 -0.8478997 0.5183331 0.3935617 -0.8532822 0.3420799 0.3931044 -0.8535186 0.3420159 0.3934642 -0.8533255 0.3420842 0.110363 -0.8338971 -0.5407732 0.1104939 -0.8343601 -0.5400318 0.1104109 -0.8339681 -0.5406538 0.437244 -0.8357088 0.3322777 0.4374011 -0.8355592 0.3324474 0.4374193 -0.8355429 0.3324642 0.5326572 -0.8457956 0.03010344 0.2509522 -0.8525833 -0.4583936 0.2510983 -0.852393 -0.4586675 0.2509995 -0.8525107 -0.4585028 -0.1317564 -0.8853927 0.4457805 -0.131727 -0.8854477 0.4456799 -0.1317116 -0.8854653 0.4456492 -0.3197461 -0.9038915 -0.2841523 -0.001794755 0.9999984 -2.49916e-5 0.004352271 0.9999777 -0.005087852 -0.003309249 0.9999876 -0.003723919 4.91918e-4 0.9999999 4.25147e-4 -0.007965862 0.9999621 -0.003528237 -0.001812458 0.9999984 -3.70878e-5 -0.0167669 0.9998084 0.0101 0.04646199 0.9989084 0.004827201 -0.005995452 -0.4334754 -0.9011455 0 -0.4380068 -0.8989717 -0.9993847 -0.005689024 -0.03461462 -0.9989187 0.002389073 -0.04643052 -0.00644952 0.9999751 -0.002869725 -0.06700807 0.0161941 -0.9976211 -0.04959613 0.00397402 -0.9987614 0.9969456 0.002941787 -0.07804417 0.9990327 -0.0269317 -0.03476089 0.008872389 0.9999502 -0.004562437 0.04946088 0.03816157 -0.9980468 0.01772952 0.0160762 -0.9997136 -0.3480086 -0.8656786 -0.3598482 0.333472 -0.8671484 -0.3699327 -0.003918826 -0.8681268 -0.4963271 -0.4948965 -0.8689466 -0.003037929 0.4938347 -0.8695406 -0.005156278 0.9035541 -0.4283186 -0.01154416 0.8992108 -0.4375157 0 -0.9017729 -0.4321725 -0.005727291 -0.8996674 -0.436576 0 0.07582932 0.01607537 0.9969913 0.04972833 -0.002557635 0.9987595 0.005580008 0.9999819 0.002261221 0.9993705 -0.007635951 0.03464645 0.9987749 0.002468824 0.04942345 0.3464799 -0.8658305 0.3609561 -0.2805768 -0.8751439 0.3942078 -0.4044438 -0.8786038 0.2539304 0.003700613 -0.868163 0.4962653 0.005703866 -0.4334753 0.9011476 0 -0.4377868 0.8990789 -0.9969456 0.002943396 0.07804465 -0.9990327 -0.0269317 0.03476095 -0.04946976 -0.03304415 0.9982289 -0.1186336 0.01613664 0.992807 -0.00507164 0.9999597 -0.007418215 0.00218445 0.9999908 0.003711521 -1.60518e-4 -1 -8.11697e-5 1.22994e-4 -1 2.24374e-4 -7.70878e-5 -1 -6.97163e-5 -1.27713e-4 -1 0 -4.22318e-5 -1 4.71454e-5 2.22529e-5 -1 -1.18001e-4 0.009671509 -0.9998529 -0.01416689 -0.01687157 -0.9998443 -0.005174398 -2.55748e-5 -1 3.0684e-5 -1.27685e-4 -1 2.67404e-6 7.38232e-7 -1 -7.98064e-5 -1.10747e-4 -1 -7.64102e-6 -0.02710664 -0.9995438 0.01332837 -0.01848536 -0.9988805 -0.04354435 -1.28371e-5 -1 7.78839e-5 0 -1 -4.9578e-5 -0.01296859 -0.9998527 -0.01125007 9.88148e-5 -1 4.84262e-6 7.98879e-5 -1 0 -0.005485177 -0.9997709 0.02068799 0 -1 2.70546e-4 -2.32803e-4 -1 0 0.008654892 -0.9996975 0.02302181 5.93144e-6 -1 8.08553e-5 -0.001332819 -0.9996428 0.0266959 -0.02132946 -0.9997078 0.01138597 -0.0213955 -0.9997709 -7.52845e-4 0.1839228 -0.6873819 0.7026226 0.5337604 -0.5480115 0.6440368 0.772888 -0.4623669 0.4345815 0.9062914 -0.3732753 0.1982462 0.8121784 -0.573091 -0.1092383 0.7630142 -0.4783427 -0.4347385 0.5269226 -0.413156 -0.7427346 0.141879 -0.8052269 -0.575743 0.1370853 -0.8330547 -0.5359361 0.344436 -0.8444428 -0.41022 0.5436812 -0.794404 -0.2708011 0.5495706 -0.8345763 -0.03814208 0.4591345 -0.8697351 0.1809873 0.370905 -0.8390157 0.3980981 0.1723898 -0.7643344 0.6213492 -0.06791073 -0.2889162 -0.9549428 -0.7724171 -0.3378438 -0.5378043 -0.902635 -0.4301076 -0.01604193 -0.6701908 -0.3103975 0.6741645 -0.05800247 -0.7166956 0.69497 -0.2262505 -0.874226 0.4295806 -0.4031671 -0.8685753 0.2881548 -0.5632558 -0.8164558 0.1270545 -0.4092341 -0.8956598 -0.1741295 -0.3237112 -0.8669251 -0.3790145 -0.1244835 -0.8781441 -0.4619166 -0.3255265 0.02094113 -0.9453011 -0.5732933 0.007129967 -0.8193192 -0.8682982 0.03530102 -0.494785 -0.9885305 0.01082992 -0.1506331 -0.9903308 0.02443915 0.1365562 -0.8939057 0.007750391 0.4481881 -0.7293282 0.02397197 0.6837439 -0.4014702 0.002361595 0.9158692 -0.05741024 0.02415323 0.9980585 -0.1339205 -0.02632474 0.9906424 -0.3861405 -0.01099139 0.9223746 -0.7049756 -0.002252876 0.7092281 -0.8887205 0.003417015 0.458437 -0.9516036 -0.03409612 0.3054312 -0.998722 -0.02950572 -0.041036 -0.9595404 -0.02998203 -0.2799706 -0.8204386 -0.023678 -0.5712441 -0.5655807 0.01397472 -0.8245746 -0.3721865 -0.0057258 -0.9281403 -0.07092869 -0.02902871 -0.9970589 0.3544309 0.03522872 0.9344184 0.6382211 -0.0183596 0.7696343 0.7764552 0.03953164 0.6289314 0.9496856 0.03205722 0.31156 0.9927744 0.02591878 0.1171638 0.9680035 0.03999698 -0.2477288 0.760836 0.06065708 -0.6461033 0.4092671 0.04071921 -0.9115056 0.06524384 0.0326898 -0.9973338 0.2393659 -0.03054171 -0.970449 0.5778375 -0.05267477 -0.8144503 0.8677552 -0.05019479 -0.4944507 0.9906445 -0.02947765 -0.1332461 0.9768995 -0.004455327 0.2136532 0.8712899 -0.02708828 0.4900208 0.6379357 -0.01813673 0.7698762 0.2531313 -0.04139328 0.9665461 -0.1933823 0.7183434 -0.668271 -0.3908378 0.773727 -0.4985905 -0.6614698 0.6585842 -0.3587821 -0.4625259 0.8865253 -0.01194959 -0.3613941 0.8479166 0.3878555 -0.1302384 0.8731145 0.4697968 -0.05490225 0.2978723 0.9530257 -0.386453 0.2705567 0.881733 -0.626147 0.7305303 0.2725169 -0.9059664 0.4045067 0.1248977 -0.8500977 0.5104564 -0.1294929 -0.540553 0.7829633 -0.3078491 0.05750703 0.8777745 0.47561 0.2360313 0.8817005 0.4085263 0.3719326 0.9278708 -0.02686995 0.4447669 0.8281669 -0.3410602 0.262313 0.8350122 -0.4836803 0.05403399 0.7880417 -0.613246 0.04715389 0.6929926 -0.719401 0.3638334 0.4588242 -0.8106205 0.6367096 0.5497704 -0.5406972 0.9602923 0.1320637 -0.2457602 0.6377918 0.7268025 0.2549113 0.7296632 0.3862003 0.5643057 0.3368937 0.3132709 0.8878986 0.001199662 0.9999496 0.009968101 -0.009995162 0.9999352 -0.005462467 -0.02393549 0.9995129 0.0200318 -0.01006639 0.999949 7.59267e-4 -0.01010102 0.9994602 0.03126096 -0.0263521 0.9996528 -1.36909e-4 8.82395e-4 0.9999482 -0.01014119 -0.001750409 0.9999555 -0.009277045 -0.007559895 0.9999514 -0.006343126 -0.01119089 0.9999374 -3.38267e-4 -0.002029657 0.9999456 0.01023668 0.01437103 0.999894 0.002335906 -0.002487659 0.9999525 0.00943011 -0.03123205 0.9992682 -0.02208465 0.001521825 0.999489 -0.03193032 0.009155154 0.9999423 -0.005633652 0.001765847 0.9999541 -0.009420096 0.01058495 0.9999426 0.001716554 0.01801526 0.9998335 0.002941966 -5.96396e-4 0.9995085 0.03134632 -2.85991e-4 0.9999433 0.01065242 0.009429335 0.9999272 -0.007544815 0.005619406 0.9999312 -0.01029437 0.02579587 0.9996336 -0.00820899 0.02431499 0.9996653 0.008837401 0.09430629 0.8479391 -0.5216374 0.3644902 0.8561095 -0.3663653 0.5318241 0.8395168 -0.1112419 0.5128641 0.8395254 0.1793536 0.3985351 0.7549411 0.5208011 0.0857467 0.8024311 0.5905522 0.9433524 0.03752702 0.3296637 0.8754186 0.2782322 0.3952585 0.6067261 0.06240558 0.7924576 0.3473927 0.2792791 0.8951656 0.1520383 0.06357985 0.9863276 0.09176391 0.9884908 0.1202725 0.06738221 0.4592033 -0.8857721 0.2672958 0.05210047 -0.9622051 0.3733215 0.5919345 -0.7143142 0.6995355 -0.1053442 -0.7067905 0.6814143 0.594547 -0.4268356 0.9772582 -0.06870603 -0.2006142 0.8914527 0.4530857 0.005049824 0.860993 -0.08744269 0.5010437 0.1499539 0.7111035 0.6869103 0.6498445 0.2705558 0.7102829 0.1430822 0.7358617 0.6618422 0.3950625 0.7583319 0.5185155 0.6223418 0.7061447 0.3377137 0.7416359 0.6707909 0.003986358 0.6854662 0.6091278 -0.3988728 0.2860788 0.5877996 -0.7567369 0.2858234 0.5876853 -0.7569221 -0.1949474 0.7752708 0.6007918 -0.1951456 0.7753158 0.6006695 -0.194962 0.7753329 0.6007068 -0.5147811 0.7477897 0.4192985 -0.5148129 0.7478123 0.4192188 -0.5147848 0.7477936 0.419287 -0.6079962 0.7886925 0.09113186 -0.4763485 0.8493762 -0.2272712 -0.3161138 0.8351594 -0.4500898 -0.03070193 0.8538755 -0.5195711 -0.03064751 0.8538104 -0.5196813 -0.03064239 0.8539206 -0.5195005 -0.3114806 0.05018317 0.9489266 -0.3572522 0.1333853 0.9244347 -0.5973466 0.2400904 0.7652018 -0.8666715 0.3815068 0.3214549 -0.9864069 -0.06626999 0.1503658 -0.8274953 0.5398871 -0.1541861 -0.9064731 -0.0630145 -0.4175356 -0.6102747 0.490749 -0.6218765 -0.5536068 0.09638279 -0.827182 -0.1907052 0.07776325 -0.9785625 -0.2923747 0.5167886 -0.8046408 -0.2924214 0.5166795 -0.8046939 -0.292819 0.5168142 -0.8044626 -0.7785812 0.02102166 0.6271918 -0.01799589 0.2786254 0.9602313 -0.2161529 0.6470253 -0.7311883 -0.6528514 0.5681601 -0.5009784 -0.7733223 0.6325303 0.04333955 -0.5206713 0.7383927 0.4285762 -0.5207291 0.738394 0.4285038 -0.5208941 0.7381693 0.4286905 -0.1904315 0.7313638 0.654861 0.8445028 -0.09180992 -0.527623 0.379063 0.8865322 -0.2652774 0.135607 0.8733336 0.4678667 0.02813905 0.8449942 0.5340348 0.2293647 0.8544055 0.4662435 0.4643535 0.8660702 0.1851983 0.2519008 0.8262494 -0.5038434 0.06061464 0.8904405 -0.4510453 0.06079649 0.8902616 -0.4513736 0.06064307 0.8904223 -0.4510773 0.02782082 0.8645757 -0.5017321 0.02786958 0.8647696 -0.501395 0.0279954 0.8646168 -0.5016514 -0.1297848 0.8628308 -0.488548 -0.1301103 0.862933 -0.4882808 -0.1298099 0.8629415 -0.4883458 -0.1232292 0.8677138 -0.4815471 0.5009778 0.8651729 -0.02230113 0.4772812 0.86066 0.1773895 0.4775539 0.8605408 0.1772345 0.377945 0.8520069 0.3622732 0.3781847 0.8518654 0.362356 0.3780326 0.8518837 0.3624714 0.3256491 0.8699557 0.3703105 0.5097419 0.8597816 -0.03063982 0.4068297 0.8573049 -0.3154647 0.407171 0.8571337 -0.3154898 0.406773 0.8572918 -0.3155733 0.05109155 -0.3572566 -0.932608 -0.3719498 0.1969481 -0.907119 -0.4015908 0.04588162 -0.9146693 -0.4601557 0.01373142 -0.887732 -0.7208973 -0.05517756 -0.690842 -0.7519586 0.02815139 -0.6586092 -0.9584414 0.05638366 -0.2796626 -0.964959 -0.1866272 -0.1844575 -0.9627488 0.1669104 0.2127341 -0.7807366 -0.4055986 0.4753318 0.5304219 0.5746358 -0.6232548 0.1448534 0.5158685 -0.8443325 0.1779003 -0.8696707 0.460461 0.4212607 -0.8390162 0.3443709 0.4743762 -0.869808 0.1356515 0.5266035 -0.8458532 0.08497828 0.4524288 -0.8757358 -0.1685088 0.4099739 -0.8625324 0.2965795 0.4098431 -0.8625912 0.2965893 0.4099692 -0.8625207 0.29662 0.2557024 -0.844897 0.469857 -0.02135473 -0.8443474 0.5353705 0.2047706 -0.8932892 -0.4001292 0.2048885 -0.8931728 -0.4003288 0.2052767 -0.8928559 -0.4008364 -0.01937711 -0.8689027 -0.4946036 -0.007282495 -0.8269389 -0.5622448 0.01159572 -0.8669255 0.4983031 0.3360257 -0.8346102 -0.4364774 0.1091288 -0.8317189 -0.5443663 0.109185 -0.8316302 -0.5444905 0.1090707 -0.8318427 -0.5441887 0.4551225 -0.8516783 -0.2598223 0.5142593 -0.8472141 -0.133288 0.5141992 -0.847263 -0.1332089 0.5140155 -0.8473671 -0.1332563 -0.4507123 0.8596001 0.2407205 -0.3137292 0.8575003 0.4077587 -0.3137832 0.8573421 0.4080497 -0.3137527 0.8572877 0.4081878 -0.1231721 0.8529738 0.5072126 0.07512259 0.8506587 0.5203234 0.07542634 0.8507126 0.5201914 0.2936033 0.8531728 0.4311536 0.3169543 0.8775308 0.3598328 0.3169517 0.8775315 0.3598334 0.3170223 0.8775157 0.3598099 0.4601079 0.8493819 0.2585561 0.4599875 0.8494626 0.2585051 0.460134 0.8493657 0.2585626 0.5177769 0.8533906 0.06026273 0.5177314 0.8534191 0.06025195 0.5178008 0.8533862 0.06012022 0.4827036 0.858949 -0.1708923 -0.4203634 0.854258 -0.3058397 -0.4430876 0.8437657 -0.3028744 -0.4430704 0.8437885 -0.3028361 -0.4428333 0.8439956 -0.3026054 -0.529898 0.8480072 0.009587943 -0.3099651 0.8636196 0.3975965 -0.295131 0.8406515 0.4540957 -0.06709438 0.8821868 0.4660953 -0.06676238 0.8822268 0.4660673 0.02423363 0.8417954 0.5392525 0.02456808 0.8417742 0.5392705 0.02425044 0.8417226 0.5393655 0.5166491 0.8504648 0.09891194 0.5098063 0.8519181 -0.1197208 0.3875269 0.837457 -0.3853425 0.3875233 0.8376587 -0.3849077 0.04834485 0.8439636 -0.5342175 -0.1808877 0.8818063 -0.4355427 -0.5360963 0.8301364 -0.1532135 -0.468812 0.8608859 0.1977143 -0.4687992 0.8608173 0.1980426 -0.4697757 0.8599997 0.1992769 -0.3461012 0.8458378 0.4059218 -0.3463513 0.8456664 0.4060657 -0.3461307 0.8458434 0.405885 0.1335598 0.8593183 0.493694 0.1336341 0.8592537 0.4937865 0.1337025 0.8592141 0.4938368 0.3491203 0.8430006 0.4092249 0.348964 0.8430926 0.409169 0.3491814 0.8430375 0.4090968 0.375958 0.8734239 0.3094937 0.5076439 0.8392558 0.1948007 0.5493613 0.8348841 -0.03421437 0.5493814 0.834871 -0.03421342 0.5494171 0.8348534 -0.03407114 0.4085655 0.8657163 -0.2891533 0.354766 0.8274685 -0.4352437 0.3546972 0.8274629 -0.4353104 0.35452 0.8277061 -0.4349923 0.1235251 0.8792452 -0.4600757 0.05987179 0.84241 -0.5355007 -0.247417 0.8459857 -0.4723274 -0.247054 0.8462123 -0.4721114 -0.4136942 0.8639671 -0.2870856 -0.4136083 0.8640237 -0.2870392 -0.4134968 0.864156 -0.2868012 -0.5333774 0.8397539 -0.1015971 -0.5056194 0.8477257 0.1603437 -0.380173 0.8709522 0.3113051 -0.3804581 0.8683698 0.3180971 -0.3802837 0.8682854 0.3185356 -0.380232 0.868378 0.3183448 -0.1164913 0.8726565 0.4742367 -0.1165418 0.872542 0.474435 -0.116518 0.8725234 0.4744751 -0.1167518 0.8723617 0.4747149 -0.4667444 0.8832952 0.04403644 -0.4667165 0.883313 0.04397612 -0.4666836 0.8833376 0.04383003 -0.4028245 0.8686898 -0.2882888 -0.4027577 0.8687574 -0.288179 -0.4027763 0.86874 -0.2882052 -0.1716322 0.8775116 -0.4477899 -0.1378952 0.8488512 0.5103301 -0.1902676 0.883684 0.4276691 -0.4943935 0.8663355 -0.07097953 -0.3877055 0.8813821 -0.269908 -0.3084126 0.8295193 -0.4655957 0.3782173 0.8776991 -0.294272 0.4846375 0.8730045 -0.05467897 0.4842523 0.8732292 -0.05450296 -0.4795431 0.8765891 -0.04037618 0.01595598 0.8820214 -0.4709394 0.01617842 0.8818998 -0.4711592 0.01588588 0.8820829 -0.4708266 0.264868 0.8762115 -0.4026144 -0.5127764 0.8584932 0.00706768 -0.512832 0.8584616 0.006869792 -0.512818 0.8584691 0.006966292 -0.4851559 0.8740031 -0.02724725 -0.4230502 0.8691276 -0.2562144 -0.2401491 0.8623687 -0.4457002 -0.2404363 0.8622329 -0.4458081 -0.240614 0.8622573 -0.4456651 0.02409654 0.8521777 -0.5226976 0.02376359 0.8522061 -0.5226665 -0.02857422 0.8731589 -0.4865975 -0.2619057 0.851223 -0.45478 -0.2618409 0.8509734 -0.4552843 -0.2618688 0.8513138 -0.4546312 -0.2507083 0.8749223 0.4143142 -0.2505108 0.8751001 0.4140582 -0.2504678 0.8751678 0.4139412 0.00169456 0.8796004 0.4757103 0.001810014 0.8794893 0.4759151 0.001675128 0.8795814 0.4757455 0.4632202 0.8787385 0.1150892 0.4632081 0.8787383 0.1151402 0.4632254 0.8787441 0.1150265 0.4289187 0.8791629 -0.2076089 -0.2558834 0.8747075 -0.4115951 -0.443292 0.8690845 0.2195096 0.2064345 0.8769549 0.4339756 0.4225136 0.8831438 0.2038123 0.09637671 0.8823839 -0.4605543 0.4876878 0.8714843 0.0517292 0.4879552 0.871327 0.05185729 -0.2914552 0.8468382 0.444881 -0.2912776 0.8467561 0.4451536 0.4722254 0.8434106 -0.2562457 0.1256911 0.8640269 0.4875031 0.4204429 0.8505057 0.3160189 0.246149 0.8615777 0.4439533 0.2461547 0.8615272 0.4440481 0.2462427 0.8615357 0.4439829 -0.4502425 0.8566896 0.2517238 -0.450336 0.8565918 0.2518894 -0.4503052 0.8566308 0.2518116 -0.1975088 0.839917 -0.5054997 -0.1978101 0.8395482 -0.5059943 -0.1978859 0.8395647 -0.5059371 0.1299704 0.8407 -0.5256722 0.376856 0.8467825 -0.3754185 -0.4511595 0.8583938 0.2441626 -0.4508722 0.8585996 0.2439694 -0.4512435 0.858345 0.2441786 -0.4857618 0.8418361 -0.2352608 -0.4854644 0.8420957 -0.2349452 -0.4857805 0.8418415 -0.2352027 0.1412183 -0.8806658 -0.4522004 -0.4577918 -0.8655821 -0.2029637 -0.4577375 -0.865534 -0.2032914 0.1900167 -0.8793754 -0.4365692 0.1900413 -0.8792583 -0.4367944 0.1899544 -0.8793524 -0.4366427 -0.4332473 -0.876603 -0.2094375 -0.2397187 -0.8705531 0.4297353 -0.2397267 -0.8705723 0.4296918 -0.2397182 -0.8705521 0.4297373 -0.01737326 -0.8756628 -0.4826106 -0.0174601 -0.8756311 -0.4826648 -0.0175628 -0.8756454 -0.4826351 -0.0359714 -0.8732531 0.4859373 0.2691515 -0.8859928 -0.3775903 0.268737 -0.8860164 -0.3778301 0.2691795 -0.8859565 -0.3776554 -0.2393561 -0.8556644 0.4588541 -0.239422 -0.8556298 0.4588845 -0.2392715 -0.8557617 0.4587169 -0.2732504 -0.8778546 0.3933264 -0.457422 -0.8755373 0.1555624 -0.5257725 -0.8442361 0.1040608 -0.4519832 -0.8821777 -0.1321878 -0.2581099 -0.885507 -0.3863375 -0.2580994 -0.8855158 -0.3863244 -0.258099 -0.8855162 -0.3863237 0.003636479 -0.8840358 -0.467405 0.160934 -0.8280749 -0.5370216 0.1609361 -0.8281199 -0.5369516 0.1606202 -0.8286792 -0.5361829 0.4680916 -0.8237062 -0.3199977 0.4681505 -0.823796 -0.3196799 0.4493062 -0.8865718 -0.1100649 0.5339596 -0.845411 -0.0129432 0.5339304 -0.8454294 -0.01294326 0.5341533 -0.8452889 -0.01292097 0.4334802 -0.87586 0.2120479 0.4604068 -0.8656352 0.1967266 0.4603316 -0.8657079 0.1965829 0.4604087 -0.8656327 0.1967331 0.2329499 -0.8781633 0.4178079 -0.08113229 -0.8495014 0.5213108 -0.0811302 -0.8495092 0.5212984 -0.08116388 -0.8494341 0.5214155 -0.3514977 -0.8659731 0.3557248 -0.356049 -0.8638105 0.3564556 -0.3560393 -0.8638366 0.3564019 -0.3559939 -0.863961 0.3561458 -0.5091127 -0.8465344 0.1555119 -0.4708459 -0.8818056 0.02688813 -0.5300669 -0.8420497 -0.09990823 -0.4114918 -0.881887 -0.2301082 -0.2666968 -0.8756394 -0.4026516 -0.3815252 -0.8383318 -0.3894079 -0.3816253 -0.8383215 -0.3893318 -0.3813472 -0.838449 -0.3893298 -0.08631145 -0.8484058 -0.5222624 0.2723506 -0.8378003 -0.4731974 0.4567388 -0.8373689 -0.3003384 0.4567482 -0.8805521 -0.126528 0.4567843 -0.8805336 -0.126526 0.4567456 -0.8805534 -0.1265283 0.4715701 -0.8745363 0.1131731 0.4925917 -0.8531357 0.1717933 0.3858889 -0.8587199 0.3371795 0.3858367 -0.8588019 0.3370304 0.385894 -0.8587058 0.3372094 0.3291014 -0.8770661 0.349925 0.2071588 -0.8423005 0.4976094 0.03089433 -0.8816238 0.4709408 -0.03580725 -0.855233 0.5170055 -0.2251161 -0.8618166 0.4545272 -0.3938383 -0.8539581 0.3400692 -0.411406 -0.8740461 0.258435 -0.4113126 -0.8739959 0.2587534 -0.4113708 -0.8741054 0.2582903 -0.4765443 -0.8774979 0.05387783 -0.5153108 -0.8504672 -0.1056432 -0.4344658 -0.8371673 -0.3322505 -0.4346231 -0.8370724 -0.332284 -0.434362 -0.8372368 -0.3322113 -0.2650981 -0.8822263 -0.3891015 -0.132695 -0.8636564 -0.4863021 -0.1330188 -0.8636561 -0.4862142 -0.1157574 -0.839208 -0.5313476 0.1318586 -0.8502056 -0.5096704 0.1317403 -0.850376 -0.5094166 0.1318126 -0.8502025 -0.5096874 0.3858828 -0.8741571 -0.2948625 0.4792191 -0.8769173 -0.0369507 0.5250042 -0.8510596 0.0082556 0.5249989 -0.8510643 0.008111596 0.5249304 -0.8511029 0.008483052 0.4182144 -0.8596009 0.2935694 0.4375923 -0.8510698 0.2901608 0.4377346 -0.850958 0.290274 0.4376459 -0.8510203 0.2902254 0.1712812 -0.8690218 0.4641811 0.1581947 -0.8489233 0.5042855 -0.1615312 -0.8747179 0.4569204 -0.1340634 -0.8584999 0.4949799 -0.1339228 -0.8586118 0.4948238 -0.1339133 -0.8585335 0.4949622 -0.388392 -0.8725287 0.2963874 -0.5022015 -0.8602782 0.08783668 -0.5279839 -0.8461177 0.07292461 -0.5282337 -0.8459702 0.07282721 -0.5281475 -0.846019 0.07288497 -0.4610233 -0.8643289 -0.2009804 -0.3626743 -0.8540492 -0.3729174 -0.312671 -0.8697165 -0.3818771 -0.3123578 -0.8697859 -0.3819757 -0.09290212 -0.8644585 -0.4940455 -0.1245678 -0.852253 -0.5080826 0.1085804 -0.8624088 -0.4944306 0.156714 -0.8247177 -0.543398 -0.3822526 -0.8439037 0.3764433 0.4773397 -0.8493913 -0.2251255 0.3496019 -0.852162 -0.3893566 0.3497323 -0.8521921 -0.3891735 0.3497558 -0.8521592 -0.3892245 -0.5047675 -0.8508623 0.14575 -0.5047175 -0.8508958 0.1457276 -0.5046956 -0.8509103 0.1457199 0.513382 -0.8555229 -0.06722861 0.2121781 -0.8747567 -0.435639 0.1521174 -0.8502092 0.5039886 0.1522195 -0.8500716 0.50419 0.1522203 -0.8500699 0.5041927 0.3488427 -0.8484692 0.3980062 -0.2085477 -0.8316422 -0.5146641 -0.2088141 -0.8314909 -0.5148005 -0.2086263 -0.8315196 -0.5148303 -0.5097498 -0.8211117 -0.2567701 -0.4218025 -0.8457664 0.3267446 -0.4220543 -0.8456166 0.326807 -0.4220485 -0.8456206 0.3268042 0.05855435 0.8480233 0.5267142 0.05859905 0.8481016 0.5265832 0.05844676 0.8480921 0.5266156 0.3222965 0.8639739 0.3868774 0.4373832 0.8491957 -0.29591 0.2300255 0.8502764 -0.4734116 -0.1004531 0.8368783 -0.5380929 -0.1003971 0.8370602 -0.5378203 -0.1004839 0.8368563 -0.5381214 -0.4321528 0.8652545 0.254123 -0.4898051 0.8439275 0.2188091 -0.4898344 0.8438838 0.2189118 -0.4895869 0.8440494 0.2188276 -0.3077183 0.8516198 0.4243268 -0.3075065 0.8516765 0.4243666 -0.3075844 0.8517281 0.4242064 0.2731248 0.8366432 0.4747958 0.3315036 0.8886363 0.3169084 0.5066978 0.8325225 0.2239727 0.5066545 0.8325919 0.2238126 0.5067569 0.8325235 0.2238351 0.4709038 0.8808525 0.04846185 0.4711108 0.8807392 0.04850924 0.4709413 0.8808323 0.04846543 0.4369946 0.8786787 -0.1922482 0.4023481 0.8474792 -0.346259 0.1481014 0.8587042 -0.4906049 0.1441106 0.8549817 -0.4982353 -0.2935864 0.8629387 -0.4112711 -0.2950051 0.862042 -0.4121357 -0.2950375 0.8619707 -0.4122615 -0.2950165 0.8620115 -0.4121912 -0.4798485 0.8574827 0.1856583 -0.3125074 0.8369429 0.4492948 -0.01178115 0.8359041 0.5487492 0.1689642 0.8820486 0.4398198 0.1685367 0.8822051 0.4396699 0.2831108 0.835658 0.4706634 0.5150768 0.831216 0.2092271 0.5283535 0.8367113 -0.1440724 0.3546617 0.839716 -0.4112082 0.3548628 0.839459 -0.4115594 0.2279929 0.8798554 -0.4169818 0.04512768 0.8368069 -0.5456352 -0.2583515 0.8695417 -0.4208941 -0.2284977 0.8482758 -0.4777207 -0.4437515 0.8433467 -0.3030695 -0.5114613 0.8534104 -0.1004895 0.265329 0.8465567 0.4614568 0.476027 0.8544409 0.2081568 0.4077365 0.8581418 -0.3119996 0.2503949 0.8668947 -0.4310408 0.5216766 0.846692 -0.1047205 0.5216172 0.8467281 -0.1047244 0.5216498 0.8467667 -0.1042477 0.4796645 0.8768714 -0.03191763 0.4884769 0.8383947 0.2418362 0.1999636 0.879202 0.4324563 0.1996536 0.8792095 0.4325843 0.1997206 0.8791467 0.432681 -0.03104943 0.8447387 0.5342774 -0.1260455 0.884263 0.4496571 -0.126189 0.884235 0.4496719 -0.1261758 0.8841868 0.4497706 -0.3083374 0.8341916 0.4572227 -0.3683055 0.8843904 0.2867139 -0.5108035 0.8406523 0.1799544 -0.4757255 0.8753465 0.0863353 -0.4493092 0.8783131 -0.1633624 -0.05201023 0.8725228 -0.4857974 0.4713093 0.8811766 0.03735631 -0.4117863 0.8838462 0.2219185 -0.5151002 0.8566498 -0.02869117 -0.5150618 0.8566762 -0.0285902 -0.5151283 0.8566359 -0.02859926 -0.4542144 0.8858676 -0.09448844 -0.4542953 0.8858348 -0.09440737 -0.4541864 0.8858924 -0.09439027 -0.4682277 0.8421572 -0.2674588 -0.4682667 0.8421642 -0.2673682 -0.468212 0.8421366 -0.2675511 -0.06649053 0.8632944 -0.500302 -0.06637501 0.8632745 -0.5003515 -0.06657844 0.8632702 -0.5003319 0.3455897 0.867245 -0.3584049 0.04566347 0.880429 0.4719743 0.04575562 0.8801605 0.472466 0.04575347 0.8803777 0.4720613 -0.01875609 0.8531602 0.521312 -0.2698583 0.8654188 0.4221694 -0.4752529 0.8787633 0.04370117 -0.4756635 0.8785443 0.04363763 -0.4753534 0.8787124 0.04363107 -0.4172925 0.8818098 -0.2197237 -0.4121947 0.8372923 -0.3592174 -0.1596859 0.8772305 -0.4527328 -0.1596614 0.8772543 -0.4526954 -0.1596686 0.8772469 -0.4527074 0.1724038 0.8733358 -0.4555891 0.1724447 0.8734005 -0.4554498 0.1725029 0.873368 -0.45549 0.4264504 0.8762243 -0.2244349 0.4261097 0.8763625 -0.2245429 0.426039 0.8764256 -0.2244301 0.5243566 0.8460033 -0.09658527 0.458534 0.8851277 0.07934391 0.4580579 0.8853902 0.07916659 0.4579864 0.8853992 0.07947796 0.4980253 0.8445255 0.1968439 0.3382636 0.8561645 0.3905895 0.3381379 0.8561806 0.3906631 0.3383548 0.8561693 0.3905 0.1090475 0.8731541 0.4750903 0.1093658 0.8730753 0.4751619 0.1093808 0.8731287 0.4750604 0.5316839 0.8437991 -0.07290762 -0.1567821 0.8869502 0.4344406 -0.1572493 0.8869178 0.434338 -0.1572543 0.8868674 0.4344393 0.4133087 0.8733146 0.2578711 0.4148519 0.8815894 -0.2251627 0.4147925 0.8816203 -0.2251509 0.4150011 0.88148 -0.2253154 0.4062557 0.8729351 -0.2700752 0.4060987 0.8730121 -0.2700628 0.4061321 0.8729915 -0.2700788 0.2458327 0.86019 -0.4468104 0.245822 0.8601185 -0.446954 0.2457797 0.8601404 -0.4469351 -0.07252943 0.8607665 -0.5038061 -0.07251274 0.8607196 -0.5038886 -0.07265663 0.8607102 -0.503884 -0.5380974 0.8388661 -0.08218795 -0.06572365 -0.8757618 0.4782487 0.1688825 -0.8823294 0.4392877 -0.3121411 -0.8771062 -0.3650379 -0.4582009 -0.8776316 -0.140765 -0.4580122 -0.8777387 -0.1407114 -0.4580414 -0.8777216 -0.1407228 -0.3754084 -0.8831947 0.2811328 -0.1306278 -0.8829982 0.4508332 -0.1307064 -0.8828883 0.4510256 -0.1306168 -0.8830094 0.4508143 0.2018245 -0.8742984 0.44144 0.2018993 -0.8740888 0.4418209 0.2018265 -0.8742557 0.4415237 -0.3057811 -0.8824973 0.3573463 7.5243e-5 -0.8859538 0.4637736 0.1773211 -0.8334927 0.5233042 0.1774002 -0.8334647 0.5233219 0.1772467 -0.83333 0.5235881 0.2809286 -0.8823451 0.3775531 0.434375 -0.8735218 0.2197226 0.4343929 -0.8735262 0.2196695 0.4343717 -0.8735215 0.2197308 0.4632474 -0.8832131 -0.07305282 0.3568614 -0.8811064 -0.3103252 0.129414 -0.8755754 -0.4654242 0.1293293 -0.8755531 -0.4654899 0.1291792 -0.8755835 -0.4654744 -0.09813761 -0.8789047 -0.466793 -0.09797942 -0.8789135 -0.4668096 -0.09806472 -0.8789057 -0.4668065 -0.369856 -0.8665763 -0.3350403 -0.3685598 -0.871108 -0.3245531 -0.4813767 -0.8719063 -0.08975583 -0.5261563 -0.8466031 0.08014214 -0.4614384 -0.8770185 0.1338403 -0.4611542 -0.8771797 0.1337634 -0.4615514 -0.8769497 0.1339016 -0.3936466 -0.8347676 0.3849749 -0.3936021 -0.8348557 0.3848292 -0.3936426 -0.8347809 0.3849499 -0.2826267 -0.8801193 0.3814607 -0.2823139 -0.8803435 0.3811749 0.3300725 -0.8802989 0.3407729 0.4489684 -0.8816422 0.1453771 0.448564 -0.8818683 0.145254 0.4489488 -0.8816434 0.1454305 0.4747775 -0.8736936 -0.1060465 0.4746546 -0.8737689 -0.1059762 0.4746385 -0.8737657 -0.1060743 0.1980116 -0.8632103 -0.4643917 0.3700216 -0.8675299 -0.3323793 0.4272271 -0.8430802 -0.3266387 0.4271938 -0.8431312 -0.3265507 0.4266906 -0.8436011 -0.3259945 0.5453475 -0.8372042 -0.04105406 0.5454308 -0.837158 -0.04088753 0.545091 -0.8373842 -0.04078525 0.4609554 -0.8354431 0.2992572 0.4605361 -0.8358116 0.298874 0.4611211 -0.8353489 0.2992651 0.1780483 -0.8410617 0.5107976 -0.1151048 -0.8367896 0.5352889 -0.4962482 -0.8574701 -0.1359519 -0.2113621 -0.8461773 -0.4891932 -0.2115734 -0.8459178 -0.4895507 -0.2114739 -0.8459002 -0.4896241 0.03378415 -0.8540426 -0.5191051 0.03376382 -0.8540209 -0.5191419 0.03407585 -0.853948 -0.5192415 0.2570461 -0.8398506 -0.4780986 0.473233 -0.8398362 -0.2659432 0.4730337 -0.839978 -0.2658499 0.4733068 -0.8397896 -0.2659589 0.5420709 -0.8397201 0.03208369 0.4426303 -0.8411551 0.3107034 -0.1314219 -0.8386385 0.5285961 -0.3934268 -0.8457494 0.3604488 -0.478959 -0.8756587 0.06180745 -0.5127174 -0.8386855 -0.183651 -0.3770288 -0.8871143 -0.2662284 -0.3348958 -0.8364965 -0.4337264 -0.3346889 -0.8366832 -0.4335259 -0.3347387 -0.8366066 -0.4336354 -0.1269172 -0.88801 -0.4419618 -0.1269174 -0.8880088 -0.4419642 -0.1269183 -0.8880013 -0.4419792 0.006277084 -0.8316716 -0.5552324 0.006380796 -0.8312796 -0.555818 0.006312012 -0.8312178 -0.5559111 0.1093602 -0.8747405 -0.4720906 0.298096 -0.8608174 -0.4124712 0.3251019 -0.8483395 -0.4178862 0.3250101 -0.8483649 -0.417906 0.3251172 -0.8483126 -0.4179291 0.442868 -0.8696014 -0.218315 0.4825009 -0.8536751 -0.1960403 0.4943501 -0.8689332 -0.02393931 0.5224906 -0.8524678 0.01738595 0.5224285 -0.8525062 0.0173738 0.5226733 -0.8523545 0.01744997 0.4309056 -0.8760722 0.2163742 0.2261188 -0.8653835 0.4471935 -0.04982852 -0.8484321 0.5269535 -0.5531801 -0.8211286 0.1404978 -0.5527824 -0.8213964 0.1404981 -0.490132 -0.8421214 -0.2249495 -0.3073174 -0.8621446 -0.4028186 -0.3069055 -0.8623582 -0.4026753 -0.3071878 -0.8622049 -0.4027886 0.009355664 -0.8836061 -0.4681376 0.3166119 -0.8821799 -0.3485908 0.5015881 -0.8616878 -0.07683527 0.5015866 -0.8616824 -0.07690489 0.5015887 -0.8616881 -0.07682824 0.4697601 -0.8778176 -0.09360522 0.4694925 -0.8779892 -0.09333777 0.4697566 -0.87782 -0.09360045 0.3864916 -0.8892319 0.2447264 0.00264132 -0.8420547 0.5393856 0.3568652 -0.8226293 0.4426381 0.5282151 -0.8385974 0.1332041 0.5280544 -0.8386996 0.1331977 0.5279995 -0.8387353 0.1331906 0.3977501 -0.8468784 -0.352976 0.3979636 -0.8467281 -0.3530957 0.3978312 -0.8468062 -0.3530577 0.133976 -0.8438726 -0.5195474 0.1339317 -0.8440945 -0.5191982 0.1339408 -0.8439385 -0.5194495 -0.09328496 -0.8527793 -0.5138729 -0.09359735 -0.8526929 -0.5139596 -0.09372633 -0.8526496 -0.5140078 -0.5229799 -0.8389114 0.1507307 -0.318916 -0.8359849 0.4465669 0.4496623 -0.844685 0.2903634 0.4494804 -0.8447784 0.2903734 0.4496903 -0.8446643 0.2903803 -0.5052156 -0.8562113 0.1079788 -0.5052459 -0.8561919 0.1079909 -0.5050854 -0.8562915 0.1079511 0.03432136 -0.88786 0.458832 -0.08375698 0.8475392 -0.5240821 -0.08380985 0.8474706 -0.5241848 -0.08395701 0.8475327 -0.5240606 -0.4654194 0.8522284 -0.2389383 -0.3451362 0.8575823 0.3813575 -0.3450736 0.857737 0.3810664 0.2053692 0.843472 0.4963652 0.3839904 0.8649373 0.3231641 0.5048366 0.8619648 0.04644036 0.5047821 0.8619973 0.04643058 0.5047976 0.8619881 0.04643207 0.5129708 0.8574541 0.04041814 0.5129688 0.8574553 0.04041707 0.513014 0.8574273 0.04043787 0.4671162 0.8571469 -0.2170293 -0.2391141 0.8779081 -0.4148519 -0.2940322 0.856724 -0.423756 -0.2942171 0.8564218 -0.424238 -0.294151 0.8564939 -0.4241386 -0.4439339 0.860133 -0.2511852 -0.4439279 0.8600922 -0.2513352 -0.4437801 0.8600805 -0.2516362 -0.4372346 0.8764905 -0.2014704 -0.3956973 0.8175417 0.4183892 -0.3958007 0.8174918 0.4183885 -0.3953683 0.8177818 0.4182307 -0.1588456 0.8861023 0.4354203 -0.01095199 0.8389272 0.5441336 -0.01103562 0.8389902 0.5440347 -0.01098829 0.8389129 0.5441548 0.454581 0.8475754 0.2738107 0.4545066 0.8476637 0.2736608 0.4545074 0.8476629 0.2736619 0.4363604 0.8492741 -0.297192 0.2780991 0.8510553 -0.4453827 0.2782958 0.8510501 -0.4452697 0.2781963 0.8511068 -0.4452236 0.02579355 0.8328002 -0.5529726 -0.29267 0.8547385 -0.4286798 -0.2925791 0.8550289 -0.4281624 -0.2927161 0.8547282 -0.4286689 -0.5021104 0.8594382 0.09618341 -0.4097328 0.8623863 0.2973366 -0.4098342 0.8624464 0.2970224 -0.4098863 0.8624157 0.2970396 -0.2364566 0.8481065 0.4741348 0.4313845 0.8253418 0.3643054 0.5386244 0.842189 0.02452778 0.538605 0.8422016 0.02452135 0.5379769 0.8426038 0.02449083 0.1379545 0.8854971 -0.443693 -0.2036752 0.8457664 -0.4931486 -0.4009146 0.8501415 -0.3413604 -0.5288635 0.8392643 -0.126249 -0.4623512 0.8862248 0.02893066 -0.499111 0.8284732 0.2540091 -0.4989024 0.8284663 0.2544407 -0.4987646 0.8285862 0.2543205 -0.2096297 0.8513056 0.4809721 -0.1640374 0.8679081 0.4688575 -0.3842969 0.8757514 0.2921905 -0.3842542 0.8758134 0.292061 -0.3841663 0.8758577 0.2920438 -0.437553 0.8736678 -0.2127246 -0.4373958 0.8737927 -0.2125358 -0.4373148 0.8738472 -0.2124776 0.008910298 0.8813661 -0.47235 0.3359425 0.833695 -0.4382869 0.3362932 0.8337246 -0.4379614 0.3363413 0.8336735 -0.4380217 0.3812675 0.8795133 -0.2847656 0.3811793 0.879514 -0.2848817 0.3810254 0.8794845 -0.2851784 0.4808423 0.8507482 -0.2121748 0.4832636 0.8727696 -0.06877148 0.4834966 0.8726357 -0.06883317 0.4832821 0.8727588 -0.06877982 0.4371752 0.8835631 0.1679112 0.1058445 0.8434092 0.5267426 0.05865454 0.8718397 0.4862667 -0.2435911 0.8580452 0.4521304 -0.4866574 0.8702667 0.07616144 -0.46594 0.8644697 -0.1886588 -0.4657806 0.8645684 -0.1886007 -0.4656581 0.8646334 -0.1886043 -0.473792 0.8547122 -0.2121047 -0.473826 0.8546937 -0.2121031 -0.473835 0.8546887 -0.2121034 -0.3286609 0.8350423 -0.441233 -0.1050361 0.8794299 -0.4642958 -0.1045688 0.879429 -0.4644029 -0.1046591 0.879328 -0.4645739 0.1436749 0.8772739 -0.4579827 0.3385574 0.8756373 -0.3444392 0.4673064 0.8793999 -0.09099751 0.4672522 0.8794317 -0.09096956 0.4672916 0.8794086 -0.09098929 0.52514 0.8505008 -0.02960479 0.4422463 0.8764544 0.1903836 0.2906067 0.8714986 0.3950163 0.2598674 0.8504581 0.4573732 0.259972 0.8503844 0.4574504 0.2600002 0.8504482 0.4573161 0.08164131 0.8733755 0.4801561 -0.385897 0.8672586 0.314557 -0.3859454 0.8672146 0.3146188 -0.3858541 0.8672914 0.3145194 -0.4779994 0.8731418 0.09560328 0.1248962 0.89531 -0.4275757 0.1249448 0.8953509 -0.4274757 0.1248927 0.8953136 -0.4275693 0.1372513 0.8748515 0.4645396 -0.1025379 0.8548716 0.5086064 -0.1131575 0.8633064 0.491831 -0.3295929 0.8635085 0.3817352 -0.3293676 0.8633685 0.3822457 -0.3295705 0.8633802 0.3820445 -0.5240963 0.8433062 0.1189867 -0.5241127 0.8433107 0.1188834 -0.5241695 0.8432794 0.1188549 -0.2891176 0.8603076 -0.4198593 -0.2890054 0.8602985 -0.4199553 -0.2893067 0.8603752 -0.4195905 -0.2414395 0.87827 -0.4127335 -0.449848 0.8737772 -0.1847979 -0.4496359 0.8738906 -0.184778 -0.4500399 0.8736708 -0.1848338 0.2969936 0.8763433 0.3792327 0.2969653 0.876376 0.3791791 0.2969836 0.8763554 0.3792124 -0.05734372 0.8175705 -0.5729662 -0.05709964 0.8172079 -0.5735076 -0.05755603 0.8176976 -0.5727635 -0.2984554 0.877569 -0.3752293 -0.2984598 0.8775626 -0.3752412 -0.298468 0.8775516 -0.3752602 -0.411625 0.8568559 0.3104236 -0.4117332 0.8567239 0.3106446 -0.4116575 0.8568099 0.3105076 -0.5519531 0.8334383 0.02698993 -0.5521257 0.8333273 0.02688723 -0.5522223 0.8332636 0.02687555 -0.0463953 0.831171 -0.5540779 0.2557873 0.8474989 -0.4651006 0.2556067 0.8476843 -0.4648619 0.2555814 0.8477663 -0.4647261 0.4634417 0.8608953 -0.2099553 0.4267739 0.846318 0.3187631 0.4265476 0.8465174 0.3185364 0.4267872 0.8463034 0.3187845 -0.5089723 0.8544583 0.1041549 0.4297963 -0.877898 0.2111172 0.2503201 -0.8661955 -0.4324875 0.2808788 -0.8971241 -0.340992 0.2808629 -0.8971332 -0.340981 0.2807902 -0.8971091 -0.3411044 -0.1169526 -0.8636362 0.4903618 -0.3205987 -0.8605677 0.3957774 -0.4579583 -0.8789795 0.1329261 -0.4580136 -0.8789542 0.1329025 -0.458075 -0.8788738 0.1332225 -0.5359807 -0.8440873 -0.01553684 -0.5359088 -0.8441296 -0.0157209 -0.5359526 -0.844105 -0.01554453 -0.4474743 -0.883093 -0.1411154 -0.4436054 -0.8396578 -0.3133516 -0.4436408 -0.839635 -0.3133623 -0.4434065 -0.8398036 -0.313242 -0.3327442 -0.874404 -0.3531277 -0.1663418 -0.8586665 -0.4847911 -0.1953628 -0.8466553 -0.4949832 -0.1954077 -0.8466005 -0.495059 -0.1951961 -0.8468828 -0.4946595 0.1083859 -0.854133 -0.5086351 0.1083871 -0.8540956 -0.5086975 0.1083931 -0.8541628 -0.5085834 0.125934 -0.8445684 -0.5204277 0.1258957 -0.8444287 -0.5206635 0.126057 -0.8446286 -0.5203001 0.3031244 -0.874847 -0.377834 0.4802011 -0.8556016 -0.1932686 0.4801559 -0.8556429 -0.1931986 0.4801388 -0.8556569 -0.1931788 0.4636871 -0.8756187 -0.1352269 0.5236133 -0.8464657 0.09656715 0.5077823 -0.8577836 0.07977724 0.5073084 -0.8580545 0.07987898 0.5077537 -0.8578041 0.07973939 0.3764272 -0.8642176 0.3338124 0.3765605 -0.8641676 0.3337915 0.376428 -0.8642262 0.3337891 0.3794014 -0.8536555 0.3568291 0.3793002 -0.8537207 0.3567806 0.3790243 -0.8539189 0.3565994 0.1543375 -0.860039 0.486326 0.1545031 -0.8599831 0.4863724 0.154145 -0.8602028 0.4860973 0.1537718 -0.8591267 0.4881144 -0.1162776 -0.8640432 0.4898052 -0.3692262 -0.8651458 0.3394038 -0.4596699 -0.8222267 0.3356291 -0.4595119 -0.8223109 0.3356392 -0.4590904 -0.8226573 0.3353672 -0.4483206 -0.8837608 0.134073 -0.448244 -0.8838268 0.133894 -0.4481466 -0.8838624 0.133985 -0.5328709 -0.8409808 -0.09380775 -0.3734748 -0.8633763 -0.339261 -0.3731569 -0.8644644 -0.3368315 -0.3730027 -0.8645433 -0.3367996 -0.3731724 -0.8645104 -0.336696 -0.1515886 -0.8705199 -0.468205 0.05892461 -0.8569768 -0.5119754 0.06230717 -0.8548958 -0.5150447 0.3071714 -0.8640712 -0.3987816 0.4274774 -0.8817039 -0.1996532 0.4274893 -0.8816981 -0.1996527 0.4274961 -0.8816525 -0.1998394 0.5343667 -0.836609 -0.1205717 0.5344512 -0.8365417 -0.1206645 0.5346065 -0.8364846 -0.1203727 0.4717217 -0.8776996 0.0843935 0.3508405 -0.872249 0.3407239 0.3492202 -0.8467453 0.4013324 0.3492162 -0.8467261 0.4013764 0.3487343 -0.8470079 0.401201 0.1338822 -0.8686003 0.4770843 0.09868299 -0.8472231 0.5219913 -0.0899775 -0.8812237 0.464057 -0.216382 -0.8405398 0.4966605 -0.3144501 -0.8783261 0.3600895 -0.3145915 -0.8782737 0.3600939 -0.314453 -0.8783192 0.360104 -0.4467785 -0.881173 0.1546716 -0.5515776 -0.8341217 -0.001826584 -0.4852612 -0.8711573 -0.07487726 -0.4849108 -0.8713735 -0.07463163 -0.4848933 -0.8713803 -0.07466578 -0.3397114 -0.8737367 -0.3481097 -0.4145461 -0.8465412 -0.3339454 -0.1985486 -0.8522816 -0.4839366 -0.1986004 -0.8521254 -0.4841904 -0.198599 -0.8521152 -0.4842088 -0.06981438 -0.8817435 -0.4665343 0.4593203 -0.8874114 -0.03906375 0.5194818 -0.8461093 0.1193216 0.5193179 -0.8462465 0.119063 0.2320272 -0.8853899 0.4028004 0.1317102 -0.8288319 0.5437741 -0.03027307 -0.8815507 0.4711179 -0.2213834 -0.83549 0.5029373 -0.2207922 -0.8362292 0.5019677 -0.2213207 -0.8355343 0.5028914 -0.2672142 -0.8749988 0.4037002 -0.4322299 -0.8673062 0.2468951 -0.4321393 -0.8673138 0.2470276 -0.4321501 -0.8672967 0.2470685 -0.4869717 -0.8408209 0.2363871 -0.4865843 -0.8409794 0.2366207 -0.4973003 -0.8656995 -0.05706858 -0.4973055 -0.8656971 -0.05706101 -0.4970764 -0.8658417 -0.05686306 -0.4976418 -0.8654755 -0.05748939 -0.4292952 -0.8558461 -0.2885013 -0.4295247 -0.8558126 -0.2882589 -0.3538826 -0.8787965 -0.3201312 -0.2896799 -0.8438064 -0.4517481 -0.2893233 -0.8437592 -0.4520649 -0.07947534 -0.8765172 -0.4747644 -0.07949239 -0.8765393 -0.4747208 -0.07948148 -0.8765262 -0.474747 -0.02686142 -0.846437 -0.5318109 -0.02687537 -0.8463762 -0.5319072 -0.02609336 -0.8476714 -0.5298797 0.4098311 -0.8416513 0.3516557 0.4099463 -0.8415953 0.3516553 0.409839 -0.8415187 0.3519639 0.519285 -0.817143 -0.2502411 0.5193268 -0.8172583 -0.2497776 0.5195361 -0.817016 -0.2501344 0.01940727 -0.8458608 -0.5330504 0.01951295 -0.8459538 -0.5328992 0.01944559 -0.845885 -0.5330109 -0.4345637 -0.8421427 0.3192966 -0.4349259 -0.8418419 0.3195959 -0.4349255 -0.8418423 0.3195958 0.5019316 -0.8527051 0.1447712 0.5022333 -0.8525249 0.1447858 0.5021653 -0.8525844 0.1446725 0.3530918 -0.8444052 -0.4028722 0.3527963 -0.845057 -0.4017628 0.3531194 -0.8444901 -0.4026701 -0.2053088 -0.8542081 -0.4776787 -0.2055719 -0.8536635 -0.4785383 -0.2055696 -0.8535909 -0.4786688 -0.5205897 -0.849795 -0.08267384 0.3658173 -0.8517894 -0.3750104 0.3657541 -0.8518748 -0.374878 0.3658172 -0.8517896 -0.37501 -0.4710707 -0.854962 0.2171 -0.4715363 -0.8546375 0.2173665 -0.4716737 -0.8545587 0.2173784 -0.3146401 -0.8634679 0.3942397 0.590769 0.7982244 -0.1176011 0.5906313 0.7983452 -0.1174728 0.5907801 0.7981994 -0.1177147 0.3303393 0.9003467 -0.2832875 0.1266687 0.8836092 -0.4507657 0.03233534 0.8455333 -0.5329426 -0.5357093 0.8379979 -0.1038031 -0.5355653 0.8380968 -0.1037477 -0.5357755 0.8379539 -0.1038168 -0.4980823 0.8195782 0.2832062 -0.4978991 0.8195925 0.283487 -0.2171491 0.8830428 0.4160308 -0.1723107 0.8430045 0.5095613 0.03911358 0.8746053 0.4832553 0.2956274 0.8562211 0.4236626 0.4661991 0.8818726 0.0704227 0.5405588 0.8403174 -0.04077976 0.5404442 0.8403852 -0.04090088 0.5404257 0.8403807 -0.04123592 0.4436119 0.8278465 -0.3433347 0.443659 0.8278186 -0.3433411 0.4434191 0.8279833 -0.3432539 0.2527282 0.886366 -0.3879226 0.2529581 0.8862932 -0.3879388 0.2527444 0.8863453 -0.387959 0.08018189 0.8294253 -0.5528331 0.09368813 0.8515864 -0.5157744 0.09340542 0.8517851 -0.5154973 0.09365612 0.8516013 -0.5157555 -0.2468961 0.8434169 -0.4771693 -0.246816 0.8433614 -0.4773086 -0.2468954 0.8434187 -0.4771664 -0.2622913 0.8660076 -0.4257161 -0.2626537 0.8657081 -0.4261018 -0.2624195 0.8659117 -0.4258321 -0.447308 0.8713498 -0.2016562 -0.460471 0.8800309 0.1162416 -0.4688193 0.833402 0.2926598 -0.4691136 0.8332674 0.2925711 -0.1701751 0.8216304 0.5440257 -0.1699659 0.8217623 0.5438919 -0.170072 0.8216525 0.5440246 -0.09325075 0.8567984 0.5071498 0.2417546 0.8231302 0.5138206 0.2417152 0.8231855 0.5137505 0.2417954 0.8230895 0.5138665 0.487394 0.8391026 0.2415656 0.4873878 0.8391987 0.2412441 0.5205211 0.8507884 -0.07222819 0.3370751 0.8785733 -0.3383627 -0.1325886 0.8660589 -0.4820397 -0.3437007 0.8756746 -0.3392108 -0.343883 0.8755845 -0.3392584 -0.3437323 0.8756608 -0.3392145 -0.4898211 0.848849 -0.1988237 -0.4736146 0.8764297 -0.08694905 -0.4336919 0.8379637 0.3312529 -0.4337103 0.8379501 0.3312631 -0.4335972 0.8380461 0.3311683 -0.3540993 0.8693347 0.3447768 0.229232 0.828957 0.5101793 0.02490764 0.8785785 -0.4769482 0.0249263 0.8784683 -0.47715 0.02506303 0.8785868 -0.4769248 0.4519535 0.8304936 -0.3256047 0.4519621 0.8303671 -0.3259154 0.4449033 0.8816013 -0.1576088 0.4447808 0.8816646 -0.1576 0.4449028 0.8816856 -0.1571369 0.5330846 0.8460012 0.01014834 0.48892 0.8697752 0.06669622 0.4889904 0.8697364 0.06668704 0.4893635 0.8695108 0.06689059 0.4644782 0.8472502 0.2577352 0.1075372 0.8818422 0.4591189 -0.1655386 0.8702932 0.4638823 -0.487775 0.8709524 0.05931037 -0.4877285 0.8709778 0.0593183 -0.4876741 0.8710072 0.05933541 -0.3998962 0.8495797 -0.343944 -0.3999217 0.849555 -0.3439756 -0.3996796 0.8496695 -0.3439738 0.04470461 0.8775528 -0.4773914 0.0447753 0.8773905 -0.4776833 0.04478043 0.8774377 -0.477596 0.4660453 0.8768895 -0.1177573 0.4659391 0.8769287 -0.1178857 0.4660286 0.8768947 -0.1177841 0.4700548 0.8700046 0.1487968 0.4701461 0.8699876 0.1486086 0.4700648 0.8700123 0.1487207 -0.2794708 0.8887267 0.363402 -0.2792514 0.8886928 0.3636536 -0.4940067 0.847868 -0.1925548 0.4766294 0.8381125 0.2653147 0.3224417 0.8806394 0.3471392 -0.4143339 0.8359751 -0.3598238 -0.1934325 0.8701491 -0.4532377 -0.1727547 0.88012 -0.4422044 0.3874507 0.9217147 0.01799982 0.2351074 0.9321374 0.2753987 0.2352514 0.9321624 0.2751913 0.2352265 0.9322788 0.274818 0.6263985 0.7345425 0.2609068 -0.4438445 0.8822839 -0.1567716 -0.443837 0.8822335 -0.1570762 -0.4438224 0.8822705 -0.1569092 -0.4442279 0.8795146 0.1706329 -0.4445317 0.8793805 0.1705335 -0.444205 0.8795253 0.1706385 0.439282 0.8805784 -0.1778006 0.1383397 0.8704522 0.4724143 0.1382881 0.8704798 0.4723785 0.1382946 0.8704345 0.47246 0.3417439 0.8808647 0.3275492 0.341512 0.8808645 0.3277918 0.3414126 0.880819 0.3280172 0.3490911 0.8468947 -0.4011294 0.3491063 0.8468331 -0.4012463 0.3492427 0.8467751 -0.4012499 -0.1730713 0.8420986 -0.5107996 -0.1730782 0.8420887 -0.5108137 -0.1726377 0.8420653 -0.5110012 -0.539436 0.8343388 0.1135238 0.3688549 0.884589 0.2853916 0.3687742 0.8846333 0.2853587 0.368673 0.884574 0.2856732 0.3094282 0.8818054 -0.355912 0.3093696 0.8818463 -0.3558619 0.3094815 0.8817579 -0.3559834 0.1514815 0.8443485 -0.5139349 0.1514633 0.8444284 -0.513809 0.1514281 0.8444124 -0.5138458 -0.1231518 0.8316497 0.5414726 -0.1231602 0.8312549 0.5420765 -0.1232429 0.8313665 0.5418865 0.1591747 0.842395 -0.5148147 0.1592366 0.8419613 -0.5155048 0.1591934 0.841982 -0.5154842 -0.5281378 0.8489826 0.01729029 -0.5284084 0.8488165 0.01718449 -0.5285243 0.8487444 0.01718276 0.08360475 0.8545187 0.5126482 0.08346349 0.8544854 0.5127266 0.08346068 0.8545039 0.5126963 0.3427058 0.8222184 -0.4544336 0.3421787 0.8225312 -0.4542647 0.3425869 0.8223186 -0.4543419 -0.4523156 -0.7361891 -0.5034244 -0.4450824 -0.8954758 -0.004972815 -0.4450839 -0.8954751 -0.004971504 -0.4454629 -0.8952874 -0.004823923 -0.5109416 -0.8238363 0.245423 -0.5110679 -0.8237808 0.2453464 -0.5109971 -0.8238402 0.2452949 -0.3537544 -0.8826059 0.3096204 -0.3535657 -0.882643 -0.3097299 -0.3534156 -0.8826997 -0.3097398 -0.353478 -0.8827002 -0.309667 -0.4484183 -0.872802 0.1927113 0.2085181 -0.8724289 -0.4420273 0.2089551 -0.8724437 -0.4417915 0.208708 -0.8724628 -0.4418709 0.4347794 -0.8658549 -0.247512 0.4382818 -0.8579575 -0.2679888 0.5134767 -0.8580308 0.01117599 0.4327996 -0.8735783 0.2225884 0.2372835 -0.8865258 0.397201 0.1442825 -0.8205856 0.5530118 -0.07105022 -0.8889337 0.4524919 -0.2638642 -0.8213881 0.5056653 -0.2637496 -0.8215326 0.5054902 -0.2640326 -0.8213694 0.5056077 -0.3105595 -0.8774805 0.3654872 -0.4955357 -0.8504298 0.1766736 -0.4954798 -0.850528 0.1763576 -0.4899553 -0.8700558 -0.05428487 -0.5105713 -0.8551421 -0.08971571 -0.5105434 -0.8551598 -0.08970713 -0.5106385 -0.8550987 -0.08974766 -0.4256917 -0.8690316 -0.2521325 -0.4283577 -0.8450726 -0.3199406 -0.4282394 -0.8451293 -0.3199498 -0.4277475 -0.845511 -0.3195986 -0.2320666 -0.8834875 -0.4069336 -0.1556836 -0.8293463 -0.5366073 -0.1557538 -0.8293774 -0.536539 -0.1556058 -0.8295767 -0.5362737 0.007464945 -0.8799059 -0.4750895 0.2259255 -0.8347592 -0.5021303 0.2083651 -0.8460712 -0.4906603 0.2086103 -0.8461771 -0.4903736 0.2083971 -0.8461099 -0.4905801 0.426276 -0.8679848 -0.2547375 0.4827428 -0.8407564 -0.2451287 0.4825401 -0.840954 -0.2448496 0.4826546 -0.8408008 -0.2451506 0.5018485 -0.8629097 0.05945616 0.5117536 -0.8562787 0.06996572 0.5119385 -0.8561651 0.07000356 0.511932 -0.8561776 0.06989699 0.3945165 -0.8661719 0.306762 0.2148681 -0.8702237 0.4433311 0.2013207 -0.8583863 0.4718506 -0.03747516 -0.8589606 0.5106686 -0.03699606 -0.8589758 0.510678 -0.03746503 -0.8589106 0.5107533 -0.02860903 -0.8631348 0.5041627 -0.02869403 -0.8630532 0.5042976 -0.0285024 -0.8630863 0.5042515 -0.241791 -0.8594511 0.4504231 -0.2663412 -0.849066 0.456234 -0.2663221 -0.8491505 0.4560876 -0.2663419 -0.8490846 0.4561988 -0.4065168 -0.8827869 0.2354392 -0.5452493 -0.8162619 0.1908401 -0.4595313 -0.8858996 -0.06334877 -0.5099583 -0.8340364 -0.2105376 -0.5097408 -0.8342109 -0.2103725 -0.5100181 -0.8339789 -0.2106198 -0.3215399 -0.8486673 -0.4199714 -0.3212744 -0.8487949 -0.4199167 -0.321452 -0.8487471 -0.4198772 -0.09789454 -0.8734284 -0.477011 -0.09805029 -0.8734064 -0.4770195 -0.0980097 -0.8734625 -0.4769249 -0.08784866 -0.8654429 -0.4932456 -0.08781331 -0.8655216 -0.4931138 -0.08755826 -0.8657777 -0.4927093 0.1386281 -0.8430324 -0.5196909 0.2141389 -0.8792518 -0.4255123 0.4003687 -0.8680866 -0.29348 0.4020028 -0.8422867 -0.3590918 0.4020876 -0.842226 -0.3591393 0.4017871 -0.8425052 -0.3588208 0.5132035 -0.8581572 -0.01373338 0.5263997 -0.8502221 -0.005085229 0.5265436 -0.8501335 -0.004984676 0.5264927 -0.8501645 -0.005088925 0.4324885 -0.8683171 0.2428566 0.443779 -0.8500697 0.283623 0.4437102 -0.8502515 0.2831848 0.1947655 -0.8636939 0.464865 -0.001280546 -0.8493871 0.5277689 -0.001257777 -0.8494034 0.5277426 -0.001187443 -0.8494411 0.5276821 -0.3071301 -0.8301585 0.4653041 -0.3069535 -0.8302134 0.4653229 -0.3072656 -0.8301552 0.4652206 -0.6119394 -0.7810362 -0.1245504 -0.03482002 -0.8583968 -0.5118032 0.1919628 -0.8591291 0.4743919 0.19143 -0.8595349 0.4738718 0.1920486 -0.8591151 0.4743825 0.3961302 -0.8526538 0.3406792 0.3955489 -0.8529372 0.3406454 0.3960081 -0.8526902 0.3407304 0.4372279 -0.8356827 0.3323648 0.4374091 -0.8355554 0.3324465 0.4374263 -0.8355399 0.3324627 0.5326553 -0.8457968 0.03010314 0.2508581 -0.8525862 -0.4584397 0.2509685 -0.8523868 -0.4587501 0.2508627 -0.8525139 -0.4585715 -0.1317564 -0.8853932 0.4457795 -0.1317272 -0.8854482 0.4456788 -0.1317116 -0.8854659 0.4456481 -0.3197566 -0.9038855 -0.2841598 -0.001794755 0.9999984 -2.49924e-5 0.004352271 0.9999777 -0.005087912 -0.003309249 0.9999877 -0.003730058 4.91918e-4 0.9999999 4.26089e-4 -0.007965862 0.9999621 -0.00352925 -0.001812458 0.9999985 -3.39965e-5 -0.01676702 0.9998084 0.01010006 0.04646319 0.9989084 0.004826605 -0.005988717 -0.4334781 -0.9011443 0 -0.4380035 -0.8989734 -0.9993847 -0.005688071 -0.03461229 -0.9989188 0.002387106 -0.04642653 -0.00644946 0.9999751 -0.002878963 -0.06700307 0.01619428 -0.9976214 -0.04959863 0.003977775 -0.9987613 0.9969458 0.002940177 -0.07804226 0.9990329 -0.02693003 -0.03476089 0.00887233 0.9999502 -0.004571676 0.04946357 0.03815776 -0.9980468 0.01773107 0.0160762 -0.9997135 -0.3480089 -0.8656796 -0.3598455 0.333473 -0.8671477 -0.3699333 -0.003913581 -0.8681277 -0.4963257 -0.4948977 -0.8689459 -0.003044486 0.4938188 -0.8695492 -0.005204856 0.9035792 -0.4282637 -0.01161241 0.8992089 -0.4375196 0 -0.901775 -0.432168 -0.005733728 -0.8996655 -0.4365799 0 0.07593899 0.0161488 0.9969817 0.04982781 -0.002498805 0.9987547 0.005579531 0.9999819 0.00223422 0.9993896 -0.005584478 0.03448873 0.9989339 0.002355337 0.04610604 0.3466813 -0.8659512 0.360473 -0.2809872 -0.875204 0.3937821 -0.4044192 -0.8785955 0.2539986 0.003507435 -0.8680745 0.4964216 0.005651712 -0.4337524 0.9010144 0 -0.4380237 0.8989635 -0.9972431 0.002816975 0.07415115 -0.9991017 -0.02446323 0.03460252 -0.04956644 -0.03309231 0.9982225 -0.1188844 0.01620894 0.9927759 -0.005038082 0.9999598 -0.007423162 0.001992046 0.9999924 0.003359079 1.21411e-4 -1 2.24374e-4 -1.16865e-4 -1 2.29955e-4 -2.72244e-5 -1 3.37523e-5 -0.03106349 -0.9993715 0.01707893 -8.13581e-6 -1 8.30585e-5 -1.05956e-4 -1 -1.13487e-5 -0.008204519 -0.9997469 0.02095055 -0.004760205 -0.999889 -0.01412391 -2.74143e-4 -1 0 -0.01537531 -0.9998818 0 2.72269e-5 -1 -6.28878e-5 -2.61778e-5 -1 -8.07469e-5 -0.004889428 -0.9999244 0.01129478 2.52495e-5 -1 2.45568e-5 -1.60422e-4 -1 1.52724e-4 -5.10137e-5 -1 4.65115e-5 -4.729e-6 -1 -1.74385e-4 0.003046512 -0.9998083 0.01933991 -0.02860468 -0.9995903 0.001006126 -2.76102e-4 -1 -6.7012e-5 0 -1 -7.79404e-5 1.22239e-6 -1 7.07333e-5 1.67609e-5 -0.9999999 -5.37545e-4 -1.01348e-4 -1 7.09716e-6 -0.01582127 -0.9998391 0.008459925 1.08126e-4 -1 -7.10134e-6 0.1758115 -0.5970712 0.7826853 0.1758278 -0.5968721 0.7828335 0.1758306 -0.5968843 0.7828236 0.4753028 -0.3246253 0.8177444 0.7251141 -0.3809279 0.5736754 0.9157748 -0.2632644 0.3033947 0.9486302 -0.3120682 -0.05209797 0.7001156 -0.6634463 -0.2639647 0.7130348 -0.3773174 -0.5909425 0.4898265 -0.4287424 -0.7591115 0.1381965 -0.7615118 -0.6332468 0.1237101 -0.8665142 -0.4835795 0.330247 -0.8580611 -0.3932787 0.4358189 -0.8779129 -0.19832 0.4307767 -0.9015051 0.04147428 0.4612649 -0.8462819 0.2665365 0.3210325 -0.8660657 0.3832342 0.3216531 -0.8659015 0.3830848 0.3212534 -0.8660579 0.3830668 0.1558548 -0.8457497 0.5103105 0.15558 -0.8457313 0.510425 0.1552194 -0.8459138 0.5102322 -0.07229137 -0.2284098 -0.9708775 -0.4794464 0.02975225 -0.8770667 -0.7923194 -0.210462 -0.5726568 -0.9416455 -0.1695193 0.290804 -0.04156613 -0.7391743 0.6722303 -0.04144555 -0.7390152 0.6724127 -0.04162603 -0.7391197 0.6722866 -0.3822715 -0.8927353 0.2385213 -0.4955649 -0.8681582 0.02677673 -0.4164721 -0.8910786 -0.1803611 -0.2998455 -0.8893485 -0.3451842 -0.1096622 -0.910361 -0.3990202 -0.02029979 0.008191466 -0.9997604 -0.2897058 0.03478133 -0.9564836 -0.5854663 0.03521412 -0.8099316 -0.8649625 0.03076672 -0.5008924 -0.9536136 0.012039 -0.3007928 -0.9998537 0.008738517 0.01470696 -0.9520333 -0.00497359 0.3059543 -0.8781942 0.04326546 0.4763435 -0.7153114 0.01334828 0.6986784 -0.7153152 0.01330089 0.6986753 -0.7153141 0.01332008 0.6986762 -0.479296 0.005017817 0.877639 -0.2349257 -3.88718e-4 0.9720133 -0.2349276 -4.32348e-4 0.9720128 -0.2349273 -4.15228e-4 0.9720129 -0.1212329 -0.03046947 0.9921565 -0.3409311 -0.03501123 0.9394362 -0.5993394 -0.03772753 0.7996056 -0.5993375 -0.03766292 0.7996101 -0.599338 -0.03770649 0.7996076 -0.7892461 -0.01831126 0.6138042 -0.9554736 8.43056e-4 0.2950758 -0.9983812 -0.02905684 -0.04889589 -0.9625921 -0.009441673 -0.2707902 -0.8099304 -0.03521531 -0.5854679 -0.479122 -0.04681479 -0.8764991 -0.07431083 -0.01920855 -0.9970501 0.06140649 0.03456133 0.9975143 0.06139528 0.03444707 0.997519 0.06140196 0.03453582 0.9975154 0.4667068 0.02811485 0.8839651 0.7807676 0.002362608 0.6248172 0.9387528 0.001760959 0.344587 0.9980097 0.0312882 0.05475282 0.9462723 0.01990216 -0.3227581 0.7628846 0.002209365 -0.6465309 0.5845255 0.01942777 -0.8111429 0.2846339 0.02375388 -0.958342 0.2134248 -0.01943761 -0.9767661 0.5420826 -0.01287883 -0.8402265 0.769964 0.009195446 -0.638021 0.9356639 -0.002010345 -0.352887 0.9980097 -0.03128767 -0.05475211 0.9491072 -0.0182591 0.3144235 0.7842099 -0.002071678 0.6204923 0.5025603 -0.002245187 0.8645394 0.2183475 -0.03689402 0.9751734 -0.09930139 0.8753963 -0.4730969 -0.3587965 0.8080936 -0.4671721 -0.5213541 0.8466264 -0.1068348 -0.5297628 0.8427881 0.09518355 -0.2975302 0.8857033 0.3563784 -0.2980065 0.8855677 0.3563174 -0.2977075 0.8856922 0.3562579 -0.08449178 0.8696138 0.4864496 -0.08460915 0.8697761 0.4861387 -0.08463448 0.8697978 0.4860955 -0.170538 0.6878163 0.7055675 -0.1700925 0.6877557 0.7057341 -0.1702299 0.6875205 0.7059302 -0.4537362 0.3223184 0.8308035 -0.8879712 0.4597131 0.01308709 -0.6869693 0.5845796 -0.4316712 -0.4333799 0.672652 -0.5997676 -0.2218683 0.6434667 -0.7326153 -0.01865792 0.380825 -0.9244589 0.1084733 0.8652095 0.4895365 0.3218427 0.7948473 0.514427 0.4550579 0.8315905 0.3184018 0.529231 0.8410132 0.1123005 0.4829822 0.8726245 -0.07249087 0.3855899 0.8840917 -0.2640117 0.165148 0.7975456 -0.5802131 0.1577157 0.8320224 -0.5318501 0.476669 0.5207979 -0.7082064 0.9369959 0.1410163 -0.3196141 0.9037756 0.425117 0.04965239 0.8435066 0.4389295 0.3095768 0.644433 0.5646364 0.5156471 0.4367252 0.3536168 0.8271797 0.4365987 0.3533607 0.8273559 0.05716437 0.3674695 0.9282772 0.05687069 0.3671218 0.9284328 0.05711203 0.3669832 0.9284728 -0.009827673 0.9999516 -6.49057e-4 -0.02002376 0.9995858 0.02067208 -0.01900571 0.9995599 0.02277725 -0.02458852 0.9995034 0.01970851 -0.008098006 0.9999468 -0.006400108 -8.97032e-5 1 -4.04124e-5 -0.03682231 0.9992945 0.007410943 0.001252233 0.9999538 -0.009533822 -0.01927256 0.9995533 -0.02284461 -0.02804052 0.9995992 0.003929615 4.87776e-6 1 -7.00665e-5 -0.001847505 0.9999523 0.009599208 0.008826136 0.9999498 -0.004745781 0.00260812 0.9999572 -0.008880198 0.001646757 0.9999649 -0.008226811 0.0102086 0.9999479 -8.13267e-5 0.01098108 0.9999386 -0.001562774 0.002119958 0.9999528 0.009489953 -0.005380272 0.9999535 0.008014082 0.007659673 0.9999564 0.005354404 -0.001564979 0.999949 0.009980976 0.01261717 0.9994525 -0.03058886 -6.73361e-5 1 0 0.009562015 0.9999523 0.00197792 0.04535382 0.9989633 -0.003934621 0.0096156 0.9999516 0.002118051 0.075414 0.8835113 -0.4622993 0.07527118 0.8835811 -0.4621889 0.07495886 0.8836 -0.4622038 0.3713702 0.8501317 -0.3733099 0.5336765 0.8382881 -0.1116355 0.5085898 0.8424379 0.1778617 0.3985509 0.7549201 0.5208194 0.08574563 0.8024128 0.5905772 0.9433536 0.03753304 0.3296594 0.8754656 0.2781327 0.3952241 0.6067049 0.06236052 0.7924774 0.3473916 0.2792629 0.8951712 0.1520298 0.06357562 0.9863291 0.09157651 0.9884737 0.1205556 0.09182983 0.9884443 0.1206039 0.09205061 0.9884174 0.1206556 0.0662766 0.4611132 -0.8848627 0.2672851 0.05211913 -0.962207 0.3733173 0.5919647 -0.7142913 0.6995196 -0.105333 -0.7068078 0.6814205 0.5945449 -0.4268285 0.9772577 -0.06870669 -0.2006162 0.8914715 0.4530488 0.005040585 0.8038969 0.3289492 0.4955223 0.1500757 0.7105247 0.6874824 0.6498481 0.2706171 0.7102562 0.1430246 0.7359037 0.6618079 0.3950437 0.7583314 0.5185309 0.604878 0.7130787 0.3544594 0.7511605 0.6585705 0.04519879 0.7108556 0.601454 -0.364606 0.3686314 0.6417419 -0.6725164 -0.1951555 0.7749311 0.6011624 -0.5522989 0.7024293 0.4489534 -0.5535305 0.828706 0.08276683 -0.4942448 0.8368226 -0.2354782 -0.295881 0.8583695 -0.4191136 -0.05183041 0.7991464 -0.598898 -0.01798504 0.9874328 -0.1570124 -0.311502 0.05022084 0.9489175 -0.3572337 0.1333625 0.924445 -0.5973484 0.2400882 0.765201 -0.8666722 0.3814935 0.3214687 -0.9864068 -0.06627792 0.1503631 -0.827493 0.5398913 -0.1541846 -0.9064532 -0.063142 -0.4175593 -0.6102253 0.4908375 -0.621855 -0.5535477 0.09683066 -0.8271692 -0.1898567 0.08592087 -0.9780451 -0.291818 0.5180625 -0.8040235 -0.7785896 0.02103716 0.6271809 -0.01797509 0.2786306 0.9602302 -0.422807 0.8533737 -0.3049389 -0.4225034 0.853491 -0.3050314 -0.4229121 0.8533868 -0.3047564 -0.1729249 0.5668241 -0.8054859 -0.1733946 0.5668107 -0.8053943 -0.1731634 0.566735 -0.8054974 -0.6505312 0.5837661 -0.4858255 -0.7918463 0.6106605 -0.008563339 -0.791866 0.6106318 -0.008794426 -0.7920467 0.6103956 -0.008912444 -0.5329372 0.7344759 0.4201467 -0.1904953 0.7314828 0.6547095 0.8444918 -0.09179466 -0.5276433 0.4630925 0.8298007 -0.3114099 0.4632689 0.8819772 0.08659273 0.1354785 0.8731335 0.4682772 0.1356076 0.8731783 0.4681563 0.1355793 0.8731139 0.4682845 0.02815109 0.8449916 0.5340382 0.2293676 0.8544023 0.4662482 0.4396122 0.8862285 -0.1460825 0.4397082 0.8861305 -0.1463888 0.2763867 0.8868917 -0.3701805 0.276461 0.8869788 -0.3699163 0.2762926 0.8869911 -0.3700125 0.2415293 0.840178 -0.4855561 0.04661184 0.8795739 -0.4734735 0.04689401 0.879373 -0.4738188 0.04660123 0.8795806 -0.4734621 0.02823209 0.8648814 -0.5011818 0.02810448 0.8650473 -0.5009026 0.02825963 0.864865 -0.5012086 -0.1300949 0.8630128 -0.4881439 -0.1303166 0.8630887 -0.4879502 -0.1299003 0.8632501 -0.4877756 -0.1233162 0.8679135 -0.4811648 -0.1231729 0.8680758 -0.4809083 -0.1231397 0.8679175 -0.4812024 0.5279638 0.849009 -0.02092784 0.4866455 0.8544057 0.1821185 0.486733 0.8543385 0.1822003 0.4868856 0.8543149 0.1819024 0.3771559 0.8528258 0.3611672 0.3771654 0.8527531 0.3613291 0.3771547 0.8527674 0.3613063 0.331066 0.8703482 0.3645398 0.05111408 -0.3572689 -0.9326019 -0.3719598 0.1969423 -0.9071162 -0.401589 0.04591912 -0.9146681 -0.4601726 0.01372021 -0.8877236 -0.7208911 -0.05521005 -0.6908459 -0.7519726 0.02812361 -0.6585941 -0.9584412 0.05637854 -0.2796643 -0.9649599 -0.1866286 -0.1844511 -0.9627442 0.1669355 0.2127349 -0.7807517 -0.4055619 0.4753383 0.5304334 0.5746816 -0.6232026 0.4694939 -0.4311828 -0.7704914 0.1448433 0.515967 -0.8442739 0.1888712 -0.8730803 0.4495093 0.4861733 -0.8738467 0.005237817 0.4861513 -0.8738577 0.005435168 0.4861677 -0.8738487 0.005433022 0.3951523 -0.8788388 -0.2673894 0.4097946 -0.8450376 0.3434822 0.409866 -0.8450356 0.3434017 0.4098098 -0.8449804 0.3436049 0.2443259 -0.8581686 0.4514992 0.09355282 -0.8511401 0.5165351 0.09348666 -0.8510754 0.5166537 0.0933938 -0.8511381 0.5165671 -0.02837187 -0.8692185 0.4936137 -0.119446 -0.8400714 0.5291625 -0.1195177 -0.8401697 0.5289902 -0.1195037 -0.8400148 0.5292391 0.4073216 -0.8772422 0.2540377 0.1898336 -0.8854545 -0.4241858 0.1899043 -0.8853807 -0.424308 0.1902625 -0.8851665 -0.4245942 -0.01937741 -0.8689062 -0.4945975 -0.007283627 -0.8269175 -0.5622761 0.332338 -0.8402566 -0.4283928 0.3325362 -0.8403132 -0.428128 0.3324491 -0.8403644 -0.4280951 0.1088976 -0.8317176 -0.5444146 0.1087157 -0.8316755 -0.5445153 0.1088519 -0.8318079 -0.5442857 0.4526956 -0.8537941 -0.2571042 0.5434767 -0.8270217 -0.1437649 0.5291589 -0.8387467 0.1284321 0.5291439 -0.8387531 0.1284523 0.5293596 -0.8385869 0.1286484 -0.4507101 0.8596059 0.2407034 -0.3137388 0.8574992 0.4077538 -0.313776 0.8572829 0.4081799 -0.1231729 0.8529784 0.5072047 0.07511878 0.8506575 0.520326 0.07548522 0.8507944 0.5200489 0.2936064 0.8531774 0.4311425 0.3169322 0.8776698 0.3595131 0.4603125 0.8494583 0.25794 0.4601441 0.8494615 0.2582302 0.5176821 0.8534243 0.06059968 0.4828236 0.8588267 -0.1711674 0.4828882 0.8588008 -0.1711146 0.4827001 0.8589529 -0.1708821 -0.4203628 0.8542605 -0.3058335 -0.4430065 0.8437919 -0.3029202 -0.4431405 0.8437741 -0.3027735 -0.4427795 0.8439919 -0.3026947 -0.5298677 0.848026 0.009592235 -0.3099547 0.8636251 0.3975927 -0.2949346 0.840574 0.4543666 -0.2951239 0.8406513 0.4541005 -0.06717574 0.8821738 0.4661081 0.02410423 0.8417297 0.5393609 0.02414572 0.8416085 0.5395482 0.02413439 0.8416236 0.5395253 0.5166497 0.8504648 0.09890878 0.5098093 0.8519183 -0.1197078 0.3875371 0.8376516 -0.3849089 0.04834663 0.8439718 -0.5342044 -0.180888 0.8818086 -0.4355375 -0.181208 0.8817194 -0.4355852 -0.1812073 0.8817185 -0.4355877 -0.4578263 0.8472943 -0.2692353 -0.5424212 0.8391232 0.04063987 -0.5424567 0.8391014 0.04061651 -0.5422888 0.8392065 0.04068654 -0.4364895 0.8790524 0.191687 -0.4507818 0.8453766 0.2865908 -0.450765 0.8453876 0.2865849 -0.450748 0.8453465 0.2867326 0.1324879 0.8772136 0.461458 0.2135105 0.8509035 0.4799757 0.2135205 0.8508788 0.480015 0.2134351 0.850874 0.4800615 0.3490564 0.8513756 0.39156 0.3488627 0.8513307 0.3918303 0.3489482 0.8512805 0.3918631 0.3786734 0.8709439 0.3131505 0.3782388 0.8710786 0.3133013 0.5472896 0.8368941 -0.009088397 0.5472834 0.8369032 -0.008609175 0.5473344 0.8368698 -0.008611738 0.4085704 0.8657146 -0.2891513 0.3547976 0.8274717 -0.4352118 0.3547278 0.827467 -0.4352776 0.3545608 0.8277004 -0.4349698 0.1235331 0.8792437 -0.4600765 0.05986875 0.8424038 -0.5355107 -0.2471293 0.8462336 -0.4720339 -0.2474243 0.8459873 -0.4723204 -0.2470616 0.8462142 -0.4721041 -0.4134886 0.8639824 -0.287335 -0.4136713 0.8640411 -0.2868957 -0.4135 0.8640835 -0.2870152 -0.5333799 0.8397523 -0.101597 -0.5056263 0.8477202 0.1603518 -0.3800688 0.8708829 0.311626 -0.3800211 0.8709098 0.3116092 -0.3800383 0.8708997 0.3116164 -0.3804636 0.8683691 0.3180921 -0.1164844 0.872663 0.4742265 -0.1164988 0.8725231 0.4744803 -0.1164405 0.8724922 0.4745513 -0.1166968 0.8723519 0.4747463 -0.4666046 0.8833634 0.0441516 -0.4665653 0.8833884 0.04406815 -0.4665179 0.8834236 0.04386347 -0.4028465 0.8686941 -0.2882454 -0.4027388 0.8687716 -0.2881619 -0.4027952 0.8687466 -0.2881589 -0.1716259 0.8775144 -0.4477869 -0.01788699 0.8352707 0.5495479 -0.1975634 0.8777706 0.4364486 -0.197475 0.8777995 0.436431 -0.1975261 0.8777146 0.4365782 -0.4691064 0.8810292 -0.06104701 -0.4041221 0.8679282 -0.2887664 -0.2779331 0.8437625 -0.4591495 0.3782247 0.8776951 -0.2942747 0.4846426 0.8730027 -0.05466383 0.4842577 0.8732272 -0.0544871 -0.4795423 0.8765912 -0.04033935 0.01586467 0.8820774 -0.4708374 0.01577866 0.8820328 -0.4709237 0.01589095 0.8820869 -0.4708185 0.2648449 0.8762134 -0.4026256 -0.5128412 0.8584504 0.007551789 -0.4851607 0.8740009 -0.02723306 -0.4230468 0.869128 -0.2562185 -0.4232931 0.8691293 -0.2558072 -0.2404422 0.8622325 -0.4458058 -0.2404361 0.8622282 -0.4458172 -0.2406141 0.8622524 -0.4456743 0.02409464 0.8521822 -0.5226901 -0.0285626 0.8731559 -0.4866036 -0.2618309 0.851268 -0.4547387 -0.2617523 0.851006 -0.4552742 -0.2619255 0.8513025 -0.4546198 -0.2506232 0.8749014 0.4144101 -0.2504379 0.8751033 0.4140958 -0.2503449 0.8751835 0.4139823 0.001619756 0.8796184 0.4756775 0.001541495 0.8795199 0.4758596 0.001598179 0.8795972 0.4757165 0.4633466 0.8786683 0.1151174 0.4633288 0.8786687 0.1151866 0.4629312 0.8788966 0.115046 0.4289056 0.8791713 -0.2076005 0.429208 0.8790364 -0.2075461 -0.2558826 0.87471 -0.4115904 -0.4432905 0.8690883 0.2194978 0.2065421 0.8769148 0.4340056 0.2061251 0.8768963 0.4342413 0.4222235 0.8832948 0.2037594 0.4225143 0.8831406 0.2038243 0.09637081 0.8823854 -0.4605527 0.4857388 0.8726114 0.05106157 -0.2913571 0.8467171 0.4451755 -0.2912881 0.846752 0.4451541 -0.2913101 0.8467399 0.4451631 0.4852816 0.838201 -0.2488394 0.4852371 0.8381302 -0.2491644 0.4772023 0.8417853 0.2523401 0.4773335 0.8416933 0.252399 0.4773268 0.8416975 0.2523975 -0.2543129 0.8579102 0.4464471 0.4204441 0.8505046 0.31602 0.2459821 0.8616251 0.4439539 0.2460789 0.8615456 0.4440546 0.2460748 0.8615745 0.4440006 -0.4499262 0.8567485 0.2520881 -0.1975033 0.839924 -0.50549 -0.1978277 0.8395748 -0.505943 -0.1978371 0.8395676 -0.5059513 0.129965 0.8407059 -0.525664 0.130216 0.8405612 -0.5258333 0.3768914 0.8467682 -0.3754152 -0.4512308 0.8584259 0.2439176 -0.4510378 0.8585832 0.2437213 -0.4512952 0.8583887 0.2439292 -0.4857596 0.8418393 -0.2352535 -0.4854612 0.8420992 -0.2349393 -0.4857433 0.8418565 -0.2352261 0.1412158 -0.8806619 -0.4522086 0.1416789 -0.8806511 -0.452085 -0.4574862 -0.8656409 -0.2034018 -0.45743 -0.8656743 -0.2033863 -0.457549 -0.8656394 -0.2032667 0.1901628 -0.8793022 -0.436653 0.1899126 -0.8793474 -0.436671 0.1899443 -0.8793545 -0.4366429 -0.4330872 -0.8767887 -0.2089911 -0.4332517 -0.8766089 -0.2094039 -0.2396303 -0.870584 0.4297219 -0.239498 -0.8706386 0.4296851 -0.2394932 -0.8706265 0.4297122 -0.01775932 -0.8756214 -0.4826716 -0.01775383 -0.8756079 -0.4826963 -0.01776051 -0.8756238 -0.482667 -0.0363602 -0.8730279 0.4863128 -0.03634542 -0.8730218 0.4863249 -0.03639471 -0.8730443 0.4862808 0.2691652 -0.885983 -0.3776034 0.2691291 -0.8860191 -0.3775444 0.2691897 -0.8859482 -0.3776675 -0.2733124 -0.8777555 0.3935045 -0.4744813 -0.8644042 0.1663519 -0.467272 -0.8677004 0.1695671 -0.4673836 -0.8676155 0.1696938 -0.4673174 -0.867638 0.1697611 -0.5265651 -0.8474837 -0.06708717 -0.5266675 -0.8474307 -0.0669521 -0.5265567 -0.8475079 -0.06684762 -0.4529327 -0.8816848 -0.1322271 -0.3984346 -0.8415938 -0.3646503 -0.3984004 -0.8415691 -0.3647447 -0.3982967 -0.8417239 -0.3645009 -0.2649063 -0.8809386 -0.3921377 0.003639757 -0.884039 -0.4673992 0.1607541 -0.8281155 -0.5370128 0.1607555 -0.8281586 -0.5369459 0.1605019 -0.8286654 -0.5362396 0.4684312 -0.8236487 -0.3196487 0.4683226 -0.8236739 -0.3197428 0.4682323 -0.8237999 -0.3195503 0.4493134 -0.8865701 -0.1100504 0.5339688 -0.8454039 -0.01303052 0.5339351 -0.8454251 -0.01303076 0.5341769 -0.8452727 -0.01300519 0.4334838 -0.8758579 0.2120486 0.4602745 -0.865696 0.1967691 0.4599955 -0.8658107 0.1969162 0.4602749 -0.8656954 0.1967704 0.2329328 -0.8781663 0.4178116 -0.08111852 -0.8494876 0.5213355 -0.08111554 -0.8494977 0.5213193 -0.08115297 -0.8494192 0.5214416 -0.3514916 -0.8659768 0.3557216 -0.3561366 -0.8637762 0.3564512 -0.3561276 -0.8638048 0.3563909 -0.3560014 -0.8639515 0.3561611 -0.5091456 -0.8464294 0.1559749 -0.509111 -0.8465359 0.1555088 -0.4708436 -0.881807 0.02688789 -0.53006 -0.8420536 -0.09991157 -0.4113799 -0.8818584 -0.2304183 -0.4113816 -0.8818194 -0.2305642 -0.4113539 -0.8818337 -0.230559 -0.2667033 -0.8756358 -0.4026556 -0.3815994 -0.838375 -0.3892421 -0.3816146 -0.8382824 -0.3894264 -0.3814705 -0.838459 -0.3891872 -0.08630615 -0.8484081 -0.5222596 0.2723515 -0.8377985 -0.4732002 0.4567754 -0.8373575 -0.300314 0.456763 -0.8804972 -0.126856 0.4715712 -0.8745363 0.1131681 0.4925904 -0.8531336 0.1718077 0.3856908 -0.858776 0.3372632 0.3857336 -0.8588188 0.337105 0.385782 -0.8587364 0.3372596 0.329102 -0.877061 0.3499372 0.2071547 -0.8422968 0.4976174 0.03095889 -0.8816093 0.4709636 0.03094917 -0.8814515 0.4712596 -0.03580683 -0.8551959 0.5170667 -0.2251201 -0.861817 0.4545246 -0.3938543 -0.8539528 0.3400641 -0.4113129 -0.8739966 0.2587506 -0.476543 -0.8774994 0.05386763 -0.5152929 -0.850479 -0.1056361 -0.4344452 -0.8371586 -0.3322995 -0.4346321 -0.8370832 -0.3322448 -0.4343384 -0.8372302 -0.3322588 -0.2650968 -0.8822301 -0.3890935 -0.1331419 -0.8636863 -0.4861268 -0.133297 -0.8637284 -0.4860094 -0.1333441 -0.8636543 -0.4861283 -0.1157544 -0.8392028 -0.5313565 0.1319383 -0.850221 -0.509624 0.1317386 -0.8503739 -0.5094205 0.1318532 -0.8502082 -0.5096673 0.3858701 -0.8741554 -0.2948839 0.4792199 -0.8769168 -0.03695112 0.5244725 -0.8513892 0.008078634 0.4186392 -0.8595806 0.2930234 0.436601 -0.8516699 0.2898935 0.4368556 -0.8515302 0.2899199 0.4366779 -0.8515992 0.2899848 0.1716295 -0.8686964 0.4646612 0.1592625 -0.8486332 0.5044376 0.15917 -0.8487412 0.504285 0.1591393 -0.848571 0.5045812 -0.1614021 -0.8752691 0.4559094 -0.1331293 -0.8586308 0.4950048 -0.3884053 -0.8725134 0.2964151 -0.5021691 -0.8602992 0.08781599 -0.5024405 -0.8601303 0.0879178 -0.5280014 -0.8461511 0.07240754 -0.4608698 -0.8645454 -0.2004005 -0.4609964 -0.8644606 -0.2004753 -0.4609376 -0.8644835 -0.2005113 -0.362513 -0.8540556 -0.3730596 -0.3625069 -0.8540654 -0.3730432 -0.3623922 -0.8541573 -0.3729441 -0.3123139 -0.8698198 -0.3819342 -0.3126095 -0.8697813 -0.38178 -0.3125576 -0.8698334 -0.3817039 -0.09293025 -0.8644138 -0.4941182 -0.1245624 -0.8521996 -0.5081733 0.108622 -0.8624442 -0.4943596 0.1567711 -0.824792 -0.5432688 -0.3821253 -0.843241 0.3780542 0.477343 -0.8493921 -0.2251152 0.349604 -0.8521725 -0.3893316 0.3496527 -0.8522125 -0.3892006 0.3495886 -0.8521995 -0.3892862 -0.5047339 -0.8508703 0.1458204 -0.5046586 -0.8509029 0.14589 -0.5046406 -0.8509148 0.1458831 0.5133762 -0.8555267 -0.06722444 0.2121767 -0.874757 -0.4356391 0.1522322 -0.8502262 0.5039255 0.1523387 -0.8500723 0.5041528 0.1522459 -0.8500747 0.5041768 0.3488538 -0.8484668 0.3980016 -0.1778671 -0.8420265 -0.5092688 -0.1779407 -0.8419097 -0.5094363 -0.1781302 -0.8418816 -0.5094162 -0.3493004 -0.8498026 0.3947465 0.1205793 0.8250855 0.5519916 0.1207857 0.8251296 0.5518804 0.1206588 0.8251163 0.5519282 0.4362031 0.8334519 0.3392414 0.4364992 0.8332942 0.339248 0.5329933 0.8450838 0.04185265 0.4592764 0.844996 -0.2739469 0.2300254 0.8502786 -0.4734075 -0.1005315 0.8369055 -0.5380359 -0.1002146 0.8370526 -0.5378662 -0.100419 0.8368274 -0.5381785 -0.4321491 0.8652573 0.2541202 -0.4897362 0.8439326 0.2189433 -0.4897893 0.8438989 0.2189551 -0.4895561 0.8440698 0.2188172 -0.3076202 0.8515088 0.4246206 -0.3076263 0.8516567 0.4243195 0.274935 0.8326259 0.4807755 0.3629826 0.8873088 0.2844762 0.3625959 0.8873789 0.2847506 0.5027424 0.8350651 0.2234202 0.475601 0.878757 0.03987181 0.4757162 0.8786936 0.03989577 0.4756186 0.8787474 0.03987371 0.436994 0.8786782 -0.1922523 0.4024159 0.8474539 -0.3462417 0.1481029 0.8587067 -0.4906001 0.1441121 0.8549805 -0.498237 -0.2935993 0.8629298 -0.4112808 -0.2947503 0.862132 -0.4121297 -0.2946991 0.8620623 -0.412312 -0.2947632 0.8620967 -0.4121941 0.01169657 0.8544955 0.5193273 0.1993516 0.8747024 0.4417631 0.2774825 0.8415586 0.4634466 0.5172272 0.8301676 0.2080816 0.5245607 0.8391788 -0.1435797 0.3547974 0.8396655 -0.4111941 0.2260667 0.8803665 -0.4169517 0.04522687 0.8366926 -0.5458024 -0.258894 0.8695106 -0.420625 -0.2286384 0.8480615 -0.4780338 -0.4442394 0.8431293 -0.3029595 -0.4443755 0.8430604 -0.3029518 -0.4443909 0.8430698 -0.3029027 -0.5118358 0.8531846 -0.1004998 0.2654339 0.8473678 0.4599053 0.4772728 0.853739 0.208184 0.4078237 0.8580849 -0.3120422 0.4081121 0.8580024 -0.3118917 0.2503951 0.8668827 -0.4310647 0.5215846 0.8467375 -0.1048114 0.5215294 0.8467711 -0.104813 0.521577 0.846742 -0.1048122 0.479611 0.8769008 -0.03191208 0.4886794 0.8390477 0.2391471 0.1993551 0.8804082 0.4302779 -0.03048282 0.8444027 0.5348412 -0.1290729 0.8834201 0.4504544 -0.3080328 0.8330926 0.4594264 -0.3697313 0.8842102 0.2854318 -0.5107384 0.8407115 0.1798627 -0.4759811 0.8752491 0.085913 -0.4759925 0.8752459 0.08588242 -0.4759514 0.8752592 0.08597445 -0.4493259 0.8781198 -0.1643532 -0.05406278 0.872514 -0.485589 -0.05397212 0.8725746 -0.4854901 -0.05370461 0.8726855 -0.4853205 -0.04899078 0.8774078 0.4772375 -0.04892915 0.8773657 0.4773211 -0.04904818 0.8772149 0.4775861 -0.2077179 0.8454719 0.491966 -0.3654993 0.8863154 0.2843508 -0.4143101 0.8120942 0.4109139 -0.4606545 0.8805946 0.111133 -0.4604176 0.8806911 0.1113502 -0.4606909 0.8805671 0.1112 -0.5418515 0.8404737 -0.001054108 -0.4577279 0.8802195 -0.1252951 -0.4578306 0.8801774 -0.1252161 -0.4577293 0.880246 -0.1251043 -0.4681298 0.842005 -0.2681087 -0.06658452 0.8632757 -0.5003216 -0.06656575 0.8632457 -0.5003758 -0.06658285 0.8632736 -0.5003255 0.3455834 0.8672453 -0.35841 0.07109189 0.889375 0.4516172 0.0712428 0.8891839 0.4519696 0.07120382 0.8893541 0.4516409 -0.01689589 0.852918 0.5217714 -0.01701188 0.8528782 0.5218329 -0.01690495 0.8528938 0.5218108 -0.270424 0.8653046 0.4220413 -0.2701852 0.8654912 0.4218117 -0.2701717 0.8652825 0.4222481 -0.4752578 0.8787616 0.04368281 -0.4756796 0.8785316 0.04371809 -0.4753373 0.8787174 0.04370695 -0.4172926 0.8818056 -0.2197406 -0.4121962 0.8372937 -0.3592126 -0.1596797 0.8772373 -0.452722 -0.1596554 0.8772613 -0.452684 -0.159788 0.8772665 -0.4526271 0.1721745 0.873255 -0.4558307 0.1724224 0.8733193 -0.4556139 0.4403326 0.8683144 -0.2283363 0.4401232 0.8684109 -0.2283728 0.4401261 0.8684095 -0.2283726 0.4733129 0.8766964 0.08589798 0.4730836 0.8768344 0.08575242 0.4730901 0.8768308 0.08575379 0.2936806 0.8877551 0.3544611 0.2936054 0.8878229 0.3543537 0.2936119 0.8878239 0.3543457 0.5316537 0.8438217 -0.07286721 0.4201975 0.875631 0.2381271 0.4788975 0.8759413 -0.05817276 0.4788095 0.8759841 -0.05825209 0.4787886 0.8759877 -0.05837035 0.4055566 0.8766149 -0.2589787 0.4054917 0.8766352 -0.2590124 0.4056736 0.8765344 -0.2590686 0.4063765 0.8729191 -0.2699456 0.4062193 0.8729959 -0.2699334 0.4062736 0.8729791 -0.2699063 0.2459942 0.8603696 -0.4463754 0.2460948 0.8603186 -0.4464182 0.2459679 0.8603325 -0.4464616 -0.07299154 0.8606718 -0.5039011 -0.5381051 0.8388618 -0.08218204 0.1495767 -0.8815865 0.4476964 -0.3024833 -0.8833304 -0.3580942 -0.4570714 -0.8782398 -0.1406434 -0.4571356 -0.8782001 -0.1406832 -0.457031 -0.8782656 -0.1406143 -0.4070571 -0.8555948 0.3197847 -0.1150194 -0.8885854 0.4440569 -0.1150981 -0.8884603 0.4442869 -0.1150076 -0.8885982 0.4440346 -0.4749607 -0.8779844 -0.05963134 0.02904713 -0.8813701 0.4715326 0.1786199 -0.8347979 0.5207759 0.3004319 -0.8829417 0.3607697 0.3002551 -0.883099 0.3605317 0.300304 -0.8830953 0.3605001 0.4622215 -0.8789779 0.1172576 0.4660408 -0.8786939 -0.1034558 0.4661171 -0.8786405 -0.103566 0.4661167 -0.8786407 -0.103566 0.3554379 -0.8815237 -0.3107731 0.1277624 -0.8755982 -0.4658377 0.1277683 -0.875581 -0.4658684 0.1278978 -0.8756048 -0.465788 -0.0988453 -0.8787893 -0.466861 -0.09873211 -0.8790176 -0.4664549 -0.09875965 -0.8788584 -0.466749 -0.3698029 -0.8665554 -0.335153 -0.3686298 -0.8706704 -0.3256457 -0.5058801 -0.8579594 -0.08939331 -0.5056872 -0.8580399 -0.08971095 -0.5057861 -0.858 -0.08953636 -0.4689956 -0.8725876 0.1365069 -0.2923277 -0.8697265 0.3976436 0.3315175 -0.8799275 0.3403288 0.4489431 -0.8816551 0.145377 0.4489167 -0.8816565 0.1454501 0.4489241 -0.8816556 0.1454325 0.4749301 -0.8736168 -0.105996 0.4748277 -0.8736795 -0.1059378 0.4748458 -0.8736687 -0.1059466 0.1979957 -0.8632155 -0.4643886 0.3701051 -0.8675246 -0.3323 0.3698739 -0.8676912 -0.3321228 0.4271842 -0.8430927 -0.3266625 0.4271881 -0.8431344 -0.3265496 0.426634 -0.8435621 -0.3261691 0.5454744 -0.8371382 -0.04071158 0.5454444 -0.8371533 -0.04080265 0.5450747 -0.8374071 -0.04053372 0.4609462 -0.8355073 0.2990925 0.4605168 -0.8358913 0.2986807 0.4609272 -0.8354607 0.2992519 0.1767102 -0.8423757 0.5090941 0.1771273 -0.8424274 0.5088635 0.1768183 -0.8424137 0.5089935 -0.09645354 -0.8451099 0.5258195 -0.2876849 -0.8644115 0.4123471 -0.2874415 -0.864627 0.4120652 -0.2876362 -0.8644377 0.4123261 -0.4965302 -0.8367806 0.2307727 -0.5158604 -0.8505741 -0.1020385 -0.2111818 -0.8462474 -0.4891501 -0.2113675 -0.8460147 -0.489472 -0.2113602 -0.8459821 -0.4895316 0.03409093 -0.8540587 -0.5190585 0.2569407 -0.8400474 -0.4778095 0.4733615 -0.8397775 -0.2658996 0.4731727 -0.8399118 -0.2658115 0.4734202 -0.8397253 -0.2659603 0.526691 -0.8494043 0.03330123 0.4503349 -0.8334428 0.3202682 -0.1291497 -0.8459118 0.5174493 -0.4024062 -0.8367584 0.3713553 -0.5091885 -0.8409957 -0.1829029 -0.3736019 -0.8836086 -0.2822366 -0.3349043 -0.8365804 -0.433558 -0.3345917 -0.8366375 -0.4336892 -0.3347377 -0.8366051 -0.4336386 -0.1265886 -0.8880349 -0.4420062 0.006453037 -0.8316318 -0.5552898 0.006472229 -0.8312984 -0.5557888 0.006492614 -0.8312554 -0.5558528 0.1093538 -0.8747373 -0.4720979 0.2985301 -0.86063 -0.4125481 0.2985463 -0.8607191 -0.4123504 0.2985483 -0.8606631 -0.4124656 0.3249271 -0.8483624 -0.4179756 0.3249241 -0.8483683 -0.4179663 0.3249528 -0.8483214 -0.418039 0.4428658 -0.8696031 -0.2183127 0.5090725 -0.8415901 -0.1804754 0.4737177 -0.8804935 -0.01796364 0.5139561 -0.8436659 0.1551674 0.513977 -0.8436531 0.1551688 0.5135213 -0.8439558 0.1550306 0.4397539 -0.8735837 0.2084898 0.2406608 -0.8842181 0.4003009 0.008710324 -0.8300121 0.5576775 -0.4041002 -0.8679308 0.2887892 -0.4680325 -0.8778655 0.1014779 -0.5546067 -0.8321048 0.003612279 -0.5548614 -0.8319355 0.003495395 -0.5548657 -0.8319321 0.003611445 0.009313821 -0.8843289 -0.4667717 0.009306311 -0.8843108 -0.4668061 0.009638905 -0.8842874 -0.4668437 0.3170639 -0.8820698 -0.3484584 0.3171494 -0.8820577 -0.3484115 0.3170629 -0.8820726 -0.3484526 0.5020012 -0.8614456 -0.07685387 0.4698049 -0.8778027 -0.09351938 0.4695172 -0.877986 -0.09324342 0.4698039 -0.8778033 -0.09351813 0.3864913 -0.8892264 0.2447469 0.1080882 -0.8579883 0.5021684 0.1080284 -0.8580572 0.5020636 0.1080862 -0.8579902 0.5021657 -0.09082686 -0.8539288 0.5124024 0.3609615 -0.83184 0.4216032 0.3614085 -0.8316822 0.4215314 0.5282111 -0.8385978 0.1332173 0.5280502 -0.8387003 0.1332101 0.5279968 -0.8387351 0.1332029 0.3977494 -0.8468785 -0.3529761 0.3979351 -0.8467252 -0.3531347 0.39783 -0.8468069 -0.3530573 0.1012022 -0.8316862 -0.5459452 0.1013004 -0.8320374 -0.5453918 0.1012278 -0.8317227 -0.5458849 -0.2547166 -0.8352254 -0.4873581 -0.2548903 -0.8351104 -0.4874645 -0.2548877 -0.8351364 -0.4874215 -0.4539499 -0.8444303 -0.2843711 -0.4543797 -0.8440643 -0.2847715 -0.4542728 -0.8441194 -0.2847788 -0.2652482 -0.8497336 0.4556273 0.3539465 -0.844858 0.4011694 0.353671 -0.8447899 0.4015557 0.3536646 -0.8447441 0.4016578 -0.5309155 -0.839254 0.1173957 -0.5307247 -0.8393936 0.1172606 -0.5309143 -0.8392804 0.1172109 0.03340876 -0.8891829 0.4563306 -0.2101638 -0.8822656 0.4212347 -0.210256 -0.8822683 0.4211832 -0.2102048 -0.8821463 0.421464 -0.4254702 -0.8812828 0.2057083 -0.4253045 -0.8813804 0.2056327 -0.4252592 -0.8814162 0.2055729 -0.087408 0.8724848 -0.48076 -0.1659641 0.8363393 -0.5224869 -0.5424491 0.8352798 -0.08975899 -0.4921752 0.8310759 0.2589914 0.2096801 0.8446236 0.4925904 0.3946523 0.864413 0.3115119 0.529821 0.8469381 0.04455828 0.5294651 0.8471648 0.04448008 0.529737 0.8469907 0.04455929 0.2990115 0.8860791 -0.3541978 0.2989514 0.8861364 -0.3541051 0.298963 0.8861234 -0.3541281 -0.004303634 0.8724129 -0.4887507 -0.2630076 0.8693211 -0.4184589 -0.2938404 0.8567769 -0.4237821 -0.2940716 0.8564483 -0.4242858 -0.2940498 0.8565174 -0.4241613 -0.4437801 0.8600784 -0.2516433 -0.4372344 0.876493 -0.2014603 -0.3957328 0.817595 0.4182515 -0.3958104 0.8175134 0.4183372 -0.3953693 0.8177846 0.4182243 -0.1588362 0.8861021 0.435424 -0.01096177 0.8389179 0.5441477 -0.01089084 0.8388826 0.5442036 -0.01094233 0.8388616 0.5442349 0.4542996 0.8476768 0.2739638 0.4542618 0.847723 0.2738834 0.4540128 0.8477867 0.274099 0.4363617 0.8492751 -0.2971873 0.2781655 0.8510732 -0.4453071 0.2782697 0.8510172 -0.445349 0.2782014 0.8511068 -0.4452205 0.0441479 0.8410701 -0.5391218 -0.5253889 0.8505179 0.02420628 -0.5255307 0.850422 0.02449488 -0.5254736 0.8504564 0.0245251 -0.4431721 0.8490657 0.2875518 -0.4429855 0.849237 0.2873336 -0.4432034 0.8490297 0.2876095 -0.4131583 0.8602209 0.2988651 0.4332867 0.8356424 0.3375865 0.5386512 0.8421743 0.02444154 0.5386037 0.8422023 0.02452605 0.5379695 0.8426095 0.02445864 -0.3251456 0.8550862 -0.4038666 -0.480179 0.8592367 -0.1764664 -0.4883312 0.8710857 0.05236786 -0.5332917 0.8384347 0.1123713 -0.3428287 0.8795186 0.3300239 -0.3471531 0.8543743 0.3866901 -0.001837551 0.8839397 0.4675974 -0.001959502 0.8837823 0.4678943 -0.001889884 0.8838858 0.4676992 -0.1731967 0.8412458 0.5121604 -0.1735266 0.8412066 0.5121134 -0.4726103 0.8626968 -0.179983 -0.2898586 0.8714165 -0.3957464 -0.0111972 0.8427263 -0.538226 0.01129448 0.8616364 -0.5074005 0.3248955 0.843716 -0.4273012 0.3931878 0.8768656 -0.2766049 0.3931425 0.8768934 -0.2765806 0.3929991 0.8768627 -0.2768824 0.4808431 0.8507466 -0.2121797 0.4832783 0.8727592 -0.0688017 0.483513 0.8726247 -0.06885832 0.4832991 0.8727468 -0.06881058 0.4371755 0.8835647 0.1679015 0.2146198 0.8525438 0.476558 0.06418818 0.8762078 0.4776399 0.02194786 0.8600414 0.5097519 -0.2426988 0.8615248 0.445951 -0.4828922 0.8723428 0.0763759 -0.4828605 0.8723431 0.0765711 -0.4828916 0.8723359 0.07645791 -0.4388063 0.8824156 -0.1696814 -0.4387784 0.8824577 -0.1695349 -0.4387937 0.8824313 -0.1696327 -0.4519615 0.8411292 -0.2970398 -0.2992475 0.87642 -0.3772785 -0.2239215 0.8445928 -0.4863356 -0.1050031 0.8762977 -0.4701882 0.1438018 0.8771132 -0.4582508 0.1436765 0.8772731 -0.4579837 0.3385517 0.8756355 -0.3444496 0.4670756 0.8794741 -0.09146529 0.4671023 0.879475 -0.09132009 0.4671238 0.8794626 -0.09132981 0.5251439 0.8504986 -0.02959907 0.442245 0.8764536 0.190391 0.2906052 0.871496 0.3950234 0.2910426 0.8713153 0.3951 0.2597688 0.8504825 0.4573837 0.2597815 0.8504364 0.4574622 0.259767 0.850487 0.4573763 0.08167439 0.8733757 0.4801504 0.08191967 0.8731597 0.4805011 -0.3855617 0.8672828 0.3149013 -0.4780003 0.8731412 0.09560555 0.4609571 0.885434 -0.05937391 0.1364258 0.876281 0.4620818 -0.06250202 0.8562645 0.5127424 -0.1059207 0.8732665 0.4755906 -0.3053003 0.8796015 0.3648191 -0.305278 0.8796067 0.3648252 -0.3052664 0.8796097 0.364828 -0.4500294 0.8851662 0.1181288 -0.3078252 0.8745566 -0.3746926 -0.4454175 0.879705 -0.1665008 -0.4455649 0.8796523 -0.1663843 -0.4454718 0.8796672 -0.1665552 0.2972083 0.8760794 0.3796738 0.2969736 0.8761643 0.3796614 0.2969663 0.8761706 0.3796529 0.2173058 0.8786723 -0.4251039 0.2170048 0.8786749 -0.4252521 -0.2323665 0.8452528 0.4812002 -0.2325234 0.8450691 0.481447 -0.2324824 0.845152 0.4813211 -0.5522035 0.8332605 0.02735465 -0.04782664 0.847872 -0.5280395 0.2726992 0.8298279 -0.4868481 0.271846 0.8305674 -0.4860635 0.2726397 0.8298935 -0.4867696 0.5026469 0.8357198 -0.2211756 0.4182572 0.8536159 0.3104848 0.418044 0.85379 0.3102933 0.4182918 0.8535792 0.3105394 -0.263998 0.8504615 0.454995 -0.2640969 0.8502985 0.4552422 -0.2641273 0.8503321 0.4551616 -0.3980287 0.8460893 -0.3545504 -0.3981959 0.8460047 -0.3545646 -0.3981998 0.8460009 -0.3545693 -0.3773726 -0.8683454 -0.3218171 0.4421983 -0.8893989 0.1158889 0.4421645 -0.8893973 0.1160301 0.4422119 -0.889392 0.1158905 -0.115857 -0.863758 0.4904072 -0.3260074 -0.8370161 0.439458 -0.3259128 -0.8371163 0.4393375 -0.32613 -0.8369432 0.4395059 -0.438235 -0.8770659 0.196737 -0.481691 -0.8568981 0.1835739 -0.4818409 -0.8568217 0.1835374 -0.4819265 -0.856747 0.1836616 -0.5185574 -0.8505934 -0.08711618 -0.5188384 -0.8504167 -0.08716845 -0.5189018 -0.8503779 -0.08716946 -0.4805163 -0.869115 -0.1172316 -0.3784236 -0.8689883 -0.3188339 -0.3784909 -0.8689453 -0.3188713 -0.3786453 -0.8688715 -0.3188888 -0.3824046 -0.8422524 -0.3799707 -0.3823858 -0.8422762 -0.3799368 -0.3824276 -0.8422023 -0.3800586 -0.1330637 -0.8706344 -0.4735925 -0.1173842 -0.8563832 -0.502821 -0.1171298 -0.8564624 -0.5027455 -0.1170765 -0.8567133 -0.5023301 0.1766245 -0.8702617 -0.4598352 0.1482164 -0.8524509 -0.5013579 0.1479479 -0.8524953 -0.5013616 0.1481606 -0.8525221 -0.501253 0.3799744 -0.8543639 -0.3545165 0.4854431 -0.8519238 -0.1963953 0.4853837 -0.851983 -0.1962844 0.4853943 -0.8519737 -0.1962991 0.4690523 -0.8752089 -0.1183195 0.5236066 -0.8464719 0.09654909 0.507773 -0.8577936 0.07972997 0.5073162 -0.8580549 0.0798254 0.5077591 -0.8578013 0.07973587 0.3768722 -0.8640497 0.3337447 0.3793076 -0.853603 0.3570544 0.3791986 -0.8536944 0.3569516 0.3789459 -0.8539276 0.3566619 0.1544075 -0.8600567 0.4862725 0.1545682 -0.8600047 0.4863135 0.1542246 -0.8602117 0.4860563 0.1537731 -0.8591362 0.4880974 -0.1163671 -0.8634532 0.4908233 -0.3673383 -0.8659425 0.3394204 -0.4594843 -0.8222743 0.3357666 -0.4594431 -0.8223245 0.3357002 -0.4590618 -0.8226355 0.3354595 -0.4482528 -0.883889 0.1334533 -0.5328599 -0.8409849 -0.09383487 -0.3734762 -0.863352 -0.3393213 -0.373162 -0.864358 -0.3370985 -0.3728602 -0.8644694 -0.3371467 -0.3731309 -0.8643359 -0.3371896 -0.1515907 -0.8705176 -0.4682089 0.05892235 -0.8569788 -0.5119722 0.06230831 -0.8548966 -0.5150431 0.3071722 -0.8640721 -0.398779 0.4275122 -0.8817937 -0.1991813 0.4274955 -0.8817275 -0.1995098 0.5342637 -0.8366637 -0.120649 0.5343822 -0.8365687 -0.1207835 0.534431 -0.8365333 -0.1208122 0.4717196 -0.8777005 0.08439642 0.3508405 -0.8722473 0.3407281 0.3492083 -0.8467131 0.4014109 0.3492045 -0.8466937 0.4014549 0.3487301 -0.8469932 0.4012356 0.1338871 -0.8685988 0.4770855 0.1013496 -0.8489553 0.5186554 -0.08970385 -0.8780711 0.4700474 -0.1693559 -0.8518062 0.4957267 -0.1694131 -0.8520521 0.4952842 -0.1694189 -0.8518567 0.4956184 -0.3435435 -0.8596913 0.3780328 -0.3434906 -0.8598147 0.3778002 -0.3434531 -0.8597146 0.378062 -0.3233225 -0.8676432 0.3777006 -0.4742603 -0.8633756 0.17222 -0.5158823 -0.8432172 0.1511632 -0.466936 -0.881001 -0.07621127 -0.5191326 -0.8331472 -0.1907023 -0.3273465 -0.8814933 -0.3403145 -0.3122244 -0.8500551 -0.4241726 -0.3120616 -0.8499741 -0.4244546 -0.3123369 -0.8499688 -0.4242628 -0.104974 -0.8684996 -0.484447 0.1693374 -0.884082 -0.4355731 0.4085804 -0.8861263 -0.2187288 0.4898895 -0.8518334 -0.1854412 0.503534 -0.8621588 0.05599743 0.503426 -0.8622353 0.05579143 0.5036038 -0.8621324 0.05577605 0.2489945 -0.8817619 0.4006216 0.2089197 -0.8490307 0.4852828 0.2089455 -0.8491248 0.4851071 0.208943 -0.8489692 0.4853805 -0.0274527 -0.8701432 0.492034 -0.06101304 -0.8529549 0.5184065 -0.2732459 -0.8657004 0.4194039 -0.4097777 -0.8834989 0.2269626 -0.5392428 -0.829918 0.1430154 -0.5393913 -0.8297808 0.143251 -0.5390701 -0.8300685 0.1427922 -0.4650274 -0.8832395 -0.06031328 -0.5021967 -0.8509843 -0.153702 -0.502328 -0.8508718 -0.1538954 -0.5023383 -0.8508868 -0.1537796 -0.3776326 -0.8682579 -0.3217482 -0.1554542 -0.8716411 -0.4648398 -0.2174595 -0.8516755 -0.4768231 0.0807442 -0.8443551 -0.529665 0.05522257 -0.8626332 -0.5028064 -0.3297343 -0.8426835 0.425629 0.4410671 -0.8326616 0.334865 0.306057 -0.8223202 -0.479707 0.3067227 -0.8216928 -0.4803563 0.3064887 -0.8218414 -0.4802515 -0.0623846 -0.8407937 -0.5377493 0.5019363 -0.8526995 0.1447882 0.5022124 -0.8525273 0.144845 0.5020324 -0.852617 0.1449405 0.3531826 -0.8443619 -0.4028836 0.3528437 -0.8450443 -0.401748 0.3531664 -0.8444668 -0.402678 -0.2053185 -0.8542014 -0.4776864 -0.2055737 -0.8536562 -0.4785507 -0.2055702 -0.853586 -0.4786773 -0.5205521 -0.8498176 -0.08267712 0.3499137 -0.8673858 -0.3538394 0.3502666 -0.8673756 -0.3535151 -0.1793889 -0.8866003 0.4263327 -0.1793786 -0.8866563 0.4262208 -0.1793815 -0.8867314 0.4260633 0.4188317 0.871269 -0.2558717 0.4256535 0.8649441 -0.2658778 0.4257444 0.8648997 -0.2658765 0.4256483 0.8648055 -0.2663366 0.2891232 0.8406543 -0.4579392 0.2891433 0.8406338 -0.457964 0.2890527 0.8407504 -0.457807 0.06411397 0.8540669 -0.5161968 0.06405627 0.854097 -0.5161542 0.06409233 0.853919 -0.5164442 -0.1971375 0.8383479 -0.5082417 -0.1971421 0.8381196 -0.5086164 -0.1970725 0.8380832 -0.5087034 -0.4377242 0.8622649 -0.2547487 -0.5369231 0.8436079 0.006274461 -0.5366402 0.8437877 0.006291687 -0.03563362 0.876492 0.480096 -0.03531002 0.8764597 0.4801788 0.05081576 0.8335376 0.5501208 0.490631 0.856983 0.1576755 0.5198722 0.8518234 -0.06426495 0.4553846 0.8816187 -0.1239898 0.4556432 0.881483 -0.124004 0.4554849 0.8815635 -0.1240133 0.1078271 0.8495131 -0.5164309 -0.1014553 0.8680076 -0.4860758 -0.1315177 0.8543046 -0.5028586 -0.5356329 0.8320969 -0.1439181 -0.535534 0.8321508 -0.1439735 -0.5351578 0.8324189 -0.1438227 -0.4666386 0.8776149 0.1097306 -0.1574333 0.8459538 0.5094869 -0.1577387 0.8459792 0.5093502 -0.1574392 0.8459461 0.5094979 0.5111073 0.8483532 -0.1380811 0.5094619 0.8493943 -0.1377604 0.5108837 0.8485074 -0.1379603 0.4018168 0.8639245 -0.3036083 -0.1646748 0.8807744 -0.4439803 -0.3222061 0.8375012 -0.4413333 -0.4326208 0.8734154 -0.2235733 -0.5327371 0.8447915 -0.05018639 -0.5330194 0.8446151 -0.05015921 -0.5331079 0.8445581 -0.0501756 -0.4567931 0.8834328 0.1043396 -0.3131007 0.8870828 0.3391933 -0.3133899 0.887044 0.3390275 -0.3129471 0.8871408 0.3391838 -0.2479467 0.8296489 0.5002053 0.04238563 0.8415144 0.5385696 0.04238921 0.8415135 0.5385707 0.0422756 0.8413473 0.5388392 0.2759482 0.8868358 0.3706414 0.2042876 0.8341843 -0.5122531 0.2041699 0.8343727 -0.5119931 0.2043768 0.8339422 -0.5126117 0.4421671 0.851451 -0.2819924 0.5310809 0.8455715 -0.05442428 0.4614024 0.885348 0.05715519 0.4613465 0.8853654 0.05733811 0.4615648 0.8852545 0.05729371 -0.03685152 0.8819401 0.4699187 -0.03670275 0.8818741 0.4700543 -0.03687334 0.8819135 0.469967 0.1194978 0.883666 -0.4526087 0.2276462 0.8489986 -0.4768425 0.3967434 0.8821893 -0.253647 0.3964833 0.8824042 -0.2533064 0.4701898 0.8757808 0.1092237 0.5217225 0.8482816 0.09068691 0.3622898 0.8769966 0.3156313 0.3440402 0.847029 0.4051892 0.1204286 0.8741376 0.4705108 0.1201075 0.8741295 0.4706078 0.1976829 0.8268239 0.5265774 -0.05040043 0.8764534 0.4788416 -0.3679971 0.8457349 0.3864073 -0.3735567 0.8880321 -0.2680569 0.1372948 0.8705959 -0.4724543 0.1373904 0.8705535 -0.4725045 0.1371898 0.8705505 -0.4725683 0.3909494 0.8448868 -0.3651365 0.4319547 0.8823064 0.1869511 0.3702291 0.8335574 0.4100153 0.3700708 0.8336041 0.4100633 0.3702456 0.833545 0.4100257 -0.4439536 0.8471243 0.2920374 -0.4464526 0.8876675 0.1128123 -0.4462592 0.887817 0.1123999 -0.4461816 0.8877961 0.1128726 -0.1364993 0.8653278 -0.4822614 0.1352679 0.8906367 -0.43413 0.5124818 0.8579821 0.03506177 0.6367197 0.7632188 0.1099336 0.636838 0.7631866 0.1094701 0.3367356 0.9185972 0.2068536 0.538506 0.4830382 0.6904241 0.5386367 0.4839136 0.6897088 0.5385968 0.4831835 0.6902515 0.1198346 0.9557472 0.2686765 0.119495 0.9557781 0.2687178 0.1198186 0.9557775 0.2685758 -0.4077199 0.8767521 -0.2550885 -0.3101565 0.8796592 0.3605591 -0.3099991 0.8796768 0.3606511 -0.3099661 0.8796964 0.3606316 0.2125543 0.8841043 0.4161495 0.3394386 0.8655291 -0.3682947 0.3388191 0.866068 -0.3675975 0.3397911 0.8651099 -0.3689537 -0.2611068 0.8769609 0.4034389 -0.4231263 0.8774021 -0.2261188 0.3480237 0.8501845 0.3950517 0.4331055 0.8719114 -0.2284523 0.220337 0.8728624 -0.4353883 0.2203943 0.8728896 -0.4353049 0.2203564 0.8728463 -0.4354107 0.4945052 0.8354578 0.2397394 -0.4924251 0.836032 0.2420082 -0.4921635 0.8362091 0.2419285 -0.4923754 0.8360629 0.2420026 -0.05354917 0.8395872 -0.5405791 -0.4808807 0.8674398 0.1276797 -0.4812062 0.8673072 0.1273536 -0.4811258 0.8673633 0.1272748 -0.3635709 0.850261 -0.3806212 -0.2710733 0.8396702 0.4706095 -0.2712658 0.8394197 0.4709455 -0.2711998 0.8394842 0.4708684 -0.2387778 -0.9015418 -0.360843 -0.4658826 -0.8480753 0.2524318 -0.466288 -0.8479107 0.2522361 -0.4658768 -0.8480849 0.2524102 -0.2320166 -0.8955358 -0.3797156 -0.4626697 -0.8839756 -0.06725996 -0.4626634 -0.883979 -0.06725853 -0.4625909 -0.8840186 -0.0672366 0.3479021 -0.8825873 -0.3162341 0.3479397 -0.8827577 -0.3157165 0.347699 -0.8829714 -0.3153842 0.3216931 -0.850933 -0.415243 0.4762352 -0.8501491 -0.2246032 0.4764449 -0.8500308 -0.2246065 0.476298 -0.8500499 -0.2248457 0.4836814 -0.8731122 -0.06105238 0.483689 -0.8731082 -0.0610494 0.4835982 -0.8731805 -0.06073451 0.4520048 -0.8627638 0.2265621 0.4520221 -0.86278 0.2264655 0.4516465 -0.8629756 0.2264701 0.4549438 -0.8598526 0.2316889 0.4550085 -0.8598248 0.231665 0.4550781 -0.8597986 0.2316256 0.254066 -0.8520529 0.4576642 0.254114 -0.8520435 0.4576549 0.2540138 -0.8521879 0.4574415 0.1598133 -0.8836458 0.4400339 0.01779294 -0.8406952 0.5412164 0.0176413 -0.8407015 0.5412115 0.01763689 -0.8407133 0.5411932 -0.1918646 -0.8819157 0.4305958 -0.2536166 -0.8539574 0.4543516 -0.4285677 -0.879714 0.2059934 -0.4718331 -0.8788572 -0.07059442 -0.5349998 -0.8444024 0.0275647 -0.489121 -0.8384862 -0.2402118 -0.4890365 -0.8385291 -0.2402343 -0.4887232 -0.8388258 -0.2398354 -0.2991935 -0.8871315 -0.3513985 -0.2992511 -0.8871083 -0.3514084 -0.2991797 -0.8870823 -0.3515346 -0.280815 -0.8445528 -0.4559314 -0.2806202 -0.8446785 -0.4558185 -0.2808204 -0.8446021 -0.4558369 -0.0202651 -0.862335 -0.5059326 -4.40024e-5 -0.8707932 -0.4916495 0.2179107 -0.8477119 -0.4836315 0.2761132 -0.8844388 -0.376204 0.477764 -0.826865 -0.2967084 0.4457968 -0.891087 -0.08502537 0.4327824 -0.8646154 0.2552247 0.4284957 -0.8713831 0.2389204 0.2381289 -0.8627005 0.4461418 0.2378046 -0.8627557 0.446208 0.2378084 -0.8627983 0.4461236 0.2685157 -0.8510528 0.4512301 0.2685839 -0.8511878 0.4509348 0.2684177 -0.851063 0.451269 0.0182566 -0.87327 0.4868947 0.01789176 -0.8731243 0.4871693 -0.2102039 -0.8818488 0.4220868 -0.2103922 -0.8819308 0.4218214 -0.3877757 -0.8777245 0.2814778 -0.3520088 -0.8465926 0.3992128 -0.3518639 -0.8467158 0.3990792 -0.3521084 -0.8465214 0.399276 -0.5076621 -0.8382567 0.1990101 -0.4047507 -0.8362899 -0.3698596 -0.09961372 -0.8355655 -0.5402847 -0.09982609 -0.8353052 -0.540648 -0.09983974 -0.8352468 -0.5407355 0.06152856 -0.8781538 -0.4744051 0.06122714 -0.8782396 -0.4742852 0.06121206 -0.8782231 -0.4743177 0.1654347 -0.8489676 -0.501882 0.1656506 -0.8485501 -0.5025164 0.1656281 -0.8485767 -0.5024788 0.2903736 -0.8746868 -0.3880799 0.3650869 -0.8529766 -0.3730184 0.3650854 -0.8529791 -0.3730139 0.3648971 -0.8530785 -0.3729708 0.4314699 -0.8728591 -0.2279275 0.5062312 -0.8425399 -0.1840017 0.5061447 -0.8425633 -0.1841324 0.5062891 -0.8425057 -0.1839985 0.4646229 -0.8841193 0.04958677 0.5456417 -0.8157785 0.1917831 0.5456354 -0.8158164 0.1916394 0.545404 -0.8159314 0.1918084 0.3173195 -0.8902401 0.3267737 0.2788835 -0.8317397 0.4800345 0.2788047 -0.8318334 0.4799179 0.2784671 -0.8323359 0.4792422 0.0254116 -0.8657485 0.4998338 0.02554267 -0.8657231 0.4998713 0.02552711 -0.8657398 0.4998429 0.04870837 -0.8760334 0.4797844 -0.2056121 -0.858861 0.4691284 -0.1926193 -0.8436301 0.5011847 -0.192441 -0.8438867 0.5008211 -0.6471061 -0.747394 -0.1505193 -0.4911608 -0.8656507 -0.09700417 -0.0542795 -0.8348527 0.547791 0.5405052 -0.8404402 0.03891515 0.5406238 -0.8403567 0.03907185 0.5406424 -0.8403514 0.03892785 -0.4348598 -0.8508012 0.2950155 -0.4348351 -0.8507761 0.2951246 -0.4346876 -0.8508903 0.2950126 0.5120598 -0.8583515 -0.03205651 0.512669 -0.857987 -0.03207933 0.5123571 -0.8581729 -0.03208827 -0.4468854 -0.8582863 0.2522658 -0.4468829 -0.858301 0.2522207 -0.4464566 -0.8584903 0.2523311 -0.4853999 -0.8726055 -0.05428349 -0.4852483 -0.8726878 -0.0543136 -0.4853714 -0.8726218 -0.05427348 -2.94111e-4 1 2.47355e-4 -7.70826e-4 0.9999998 1.74949e-4 -0.1174725 0.9424631 -0.3129912 -0.1175232 0.9424648 -0.3129672 -0.1176506 0.9424729 -0.3128948 -7.30891e-4 0.9999994 8.04748e-4 4.25054e-4 1 -3.36315e-6 -6.11348e-4 0.9999998 3.42991e-4 0.001492381 0.9999982 0.001238822 -0.002970337 0.999995 0.001132071 -0.00584352 -0.4334107 -0.9011776 0 -0.4378212 -0.8990621 -0.9993646 -0.007837057 -0.03477269 -0.9987515 0.002503216 -0.04989111 -0.005970537 0.9999774 -0.003107607 -0.06592887 0.01611942 -0.9976941 -0.04949581 0.004580616 -0.9987639 0.9969506 0.002942681 -0.07797998 0.9990336 -0.02689886 -0.03476053 0.005286335 0.999956 0.007758498 -0.002057611 0.9999917 -0.003517091 0.04947155 -0.03276944 -0.9982379 0.1183516 0.01613628 -0.9928407 -0.3477267 -0.8655869 -0.3603409 0.2805197 -0.8751346 -0.3942692 0.4046594 -0.8785772 -0.2536787 -0.003639817 -0.8681575 -0.4962756 -0.4948402 -0.8689772 -0.003431618 0.9001023 -0.4356621 0.003786861 0.9014584 -0.432866 0 -0.9016132 -0.4325138 -0.005046367 -0.8997536 -0.4363985 0 0.06486481 0.01614344 0.9977635 0.04982858 0.005565226 0.9987423 0.005176246 0.9999842 0.002210676 0.9993896 -0.005581736 0.03448873 0.9989338 0.002356052 0.04610615 0.34737 -0.8658183 0.3601288 -0.2809818 -0.8752046 0.3937845 -0.4039597 -0.8786458 0.2545552 0.003507435 -0.8680727 0.4964249 0.4949054 -0.8689439 0.002322673 0.005653798 -0.4337542 0.9010136 0 -0.4380254 0.8989626 -0.9972431 0.002816975 0.07415199 -0.9991017 -0.02446138 0.03460484 -0.04957067 -0.03319448 0.9982189 -0.1191583 0.0162087 0.992743 -0.005987882 0.9999427 -0.008873045 0.001992106 0.9999924 0.003346145 0.002716779 -0.9992124 0.03959101 -1.16868e-4 -1 2.29957e-4 -8.11616e-5 -1 0 -0.01530426 -0.9997583 0.0157895 -0.008201897 -0.999747 0.0209468 0.01584059 -0.99974 -0.01640844 0.002034306 -0.9991634 0.04084748 -0.03106617 -0.9993715 0.01707863 -0.02091884 -0.9994646 0.02515977 -8.13586e-6 -1 7.26766e-5 1.21411e-4 -1 2.19497e-4 -4.2232e-5 -1 4.71455e-5 0.03087639 -0.999513 0.004526317 1.30478e-4 -1 0 -0.0286048 -0.9995903 0.001007497 2.52496e-5 -1 2.76259e-5 -2.72244e-5 -1 3.06838e-5 -6.4173e-5 -1 -2.36336e-5 0 -1 -7.79405e-5 0.01257407 -0.9997431 0.01886165 0 -1 2.70546e-4 -1.05955e-4 -1 -5.32693e-6 0.03624004 -0.9993424 0.001267969 -0.02115917 -0.9997062 -0.01183855 -3.79861e-6 -1 -1.15754e-4 1.22224e-6 -1 7.07335e-5 1.2992e-4 -1 5.29398e-6 1.08127e-4 -1 -7.10147e-6 0.1701042 -0.6016966 0.7804012 0.1700501 -0.6014639 0.7805922 0.1700516 -0.6014724 0.7805854 0.6186748 -0.4596648 0.6371419 0.6189215 -0.4595194 0.6370073 0.6190682 -0.4592851 0.6370336 0.8449188 -0.5046131 0.1774206 0.8121688 -0.5731049 -0.1092371 0.7630269 -0.4783871 -0.4346674 0.5423091 -0.3149864 -0.7788996 0.138203 -0.7615477 -0.6332024 0.1237108 -0.8665124 -0.4835825 0.3444402 -0.8444508 -0.4101998 0.5436826 -0.7943927 -0.2708312 0.5783599 -0.814526 -0.04524987 0.4365667 -0.8551166 0.2796165 0.4365198 -0.8550739 0.27982 0.4364824 -0.8551027 0.2797904 0.2853627 -0.8583248 0.4264349 0.284956 -0.8585098 0.4263343 0.2849456 -0.8586224 0.4261147 -0.07229173 -0.2284237 -0.9708741 -0.4279144 -0.2984935 -0.8531066 -0.5161213 -0.6716018 -0.531573 -0.6874021 -0.6376394 -0.3476988 -0.8676148 -0.4956867 -0.03923565 -0.765048 -0.3016021 0.5689796 -0.7650431 -0.3013083 0.5691418 -0.04175603 -0.7390708 0.6723324 -0.04168415 -0.7389774 0.6724395 -0.04174596 -0.7390627 0.6723418 -0.3339452 -0.8570796 0.3922949 -0.333672 -0.8568943 0.3929317 -0.3337005 -0.8570746 0.3925138 -0.4217934 -0.8905386 0.1703857 -0.5163791 -0.8233476 -0.2354814 -0.35573 -0.8401005 -0.4094966 -0.1096591 -0.9103624 -0.3990181 -0.1678802 0.04835772 -0.9846207 -0.5524712 0.03059184 -0.8329705 -0.7318862 0.0334382 -0.680606 -0.949122 0.04496806 -0.3116816 -0.9998161 -0.01231217 0.01470696 -0.9517719 -0.01265066 0.3065454 -0.8781921 0.04326432 0.4763475 -0.7144877 0.03019142 0.6989963 -0.7144933 0.03013318 0.6989932 -0.7144251 0.03014683 0.6990622 -0.4792987 0.005016684 0.8776376 -0.234459 -4.31072e-4 0.972126 -0.1207603 -0.03050351 0.992213 -0.12076 -0.03044295 0.9922148 -0.1207593 -0.03048181 0.9922138 -0.3406219 -0.03504031 0.9395472 -0.3406209 -0.03500968 0.9395487 -0.340621 -0.03502178 0.9395482 -0.5788557 -0.03012955 0.8148732 -0.5788534 -0.03009557 0.8148761 -0.578854 -0.03010863 0.8148752 -0.8023796 -0.01021152 0.5967269 -0.9589794 -0.001782178 0.2834704 -0.9990207 -0.03661525 -0.02483904 -0.891526 -0.04497104 -0.4507317 -0.6966069 0.00834012 -0.7174046 -0.448004 -0.03419029 -0.8933776 -0.07431083 -0.01934278 -0.9970476 0.06164121 0.03451406 0.9975014 0.06163471 0.03444743 0.9975042 0.06163859 0.03449922 0.9975022 0.4668369 0.0152409 0.8842121 0.7803363 0.03337335 0.624469 0.9447867 0.01168149 0.3274779 0.9922505 0.02683812 0.1213215 0.9767315 0.01908075 -0.2136158 0.867722 -0.01276826 -0.496886 0.7561413 0.04846465 -0.6526113 0.5838484 -0.004277884 -0.8118515 0.2601569 0.02697765 -0.9651895 0.2134622 -0.008706033 -0.9769126 0.5713084 -0.01740795 -0.820551 0.8687888 -0.01152163 -0.4950489 0.9906446 -0.02947765 -0.1332462 0.9722437 -0.01615279 0.2334125 0.8856661 -0.0317313 0.4632373 0.6965935 -0.02663731 0.7169715 0.6965939 -0.02662342 0.7169716 0.6965937 -0.02658945 0.7169731 0.4587305 0.02141147 0.8883175 0.2458658 -0.04965168 0.9680314 -0.1978092 0.8962044 -0.3971012 -0.4660348 0.7996888 -0.3785623 -0.5295337 0.8371794 -0.1368389 -0.5105641 0.8553341 0.0879088 -0.2973467 0.885804 0.3562813 -0.2981716 0.8855737 0.3561642 -0.2976514 0.8857883 0.356066 -0.08491563 0.8696708 0.4862736 -0.1704102 0.6877769 0.7056369 -0.1705138 0.6875286 0.7058537 -0.1702226 0.6875021 0.7059497 -0.4537666 0.3220279 0.8308995 -0.4534804 0.32225 0.8309696 -0.4536068 0.3219471 0.8310181 -0.8984287 0.43892 0.01323664 -0.7961952 0.5456921 -0.2613305 -0.1636621 -0.2264657 -0.9601708 0.1089907 0.8652678 0.4893186 0.1084646 0.8655294 0.4889729 0.1086217 0.865506 0.4889793 0.3218475 0.7948623 0.5144007 0.45506 0.8315878 0.3184055 0.4583476 0.8887705 0.00217384 0.5182333 0.8246001 -0.2268681 0.24655 0.8659651 -0.4351065 0.02734428 0.9044466 -0.4257097 0.2541337 0.216411 -0.9426465 0.9093225 0.365472 -0.1989043 0.8188533 0.4802725 0.3143528 0.6444429 0.5646554 0.5156139 0.436756 0.3536225 0.8271611 0.05716747 0.3674706 0.9282765 0.05706024 0.3671418 0.9284132 0.05711078 0.3669834 0.9284728 -0.02190709 0.9996526 -0.01465404 -0.009640097 0.9995499 -0.02840828 -0.008556008 0.9999633 4.46755e-4 7.83973e-4 0.9999476 -0.01021754 -0.001647889 0.9999588 -0.008933722 -0.007781505 0.999959 -0.004641473 -0.009667575 0.9999502 -0.002460122 -0.02108544 0.9995863 0.01956504 -0.02012228 0.9995242 0.02337706 -0.02453798 0.9995001 0.01993745 -0.02804023 0.9995992 0.003929615 0.005277872 0.999924 0.01114779 1.15443e-4 1 3.69088e-4 0.01229912 0.9999219 0.002235531 0.02621996 0.999535 -0.01556414 9.83302e-5 1 3.66805e-4 -0.001036703 0.9999705 0.007615923 0.001765906 0.9999542 -0.009420156 1.40011e-4 1 3.41979e-4 0.008246779 0.9999494 0.005761861 0.006372869 0.9995948 -0.02774435 0.02576434 0.9995176 -0.01734536 0.02849149 0.9994406 0.01751363 0.02796792 0.9994906 -0.01537221 0.03244251 0.9987727 -0.0374245 0.09430348 0.8479394 -0.5216376 0.3645533 0.8559563 -0.3666602 0.3644906 0.8561083 -0.3663677 0.5318243 0.8395171 -0.1112383 0.4933674 0.8525356 0.1725449 0.5237968 0.507305 0.6843089 0.07203847 0.8592399 0.5064755 0.07192736 0.8591286 0.50668 0.07196021 0.859182 0.5065847 0.9385134 0.107813 0.3279774 0.9035346 0.2412402 0.3541587 0.6067081 0.06235134 0.7924757 0.3473808 0.2792527 0.8951786 0.1520279 0.06358391 0.9863288 0.09726864 0.9842063 0.1479085 0.09755122 0.9841591 0.1480363 0.09753543 0.9842104 0.1477051 0.0657773 0.4611266 -0.8848931 0.06584906 0.4613976 -0.8847465 0.06584841 0.4613967 -0.884747 0.2672974 0.05210661 -0.9622042 0.3733205 0.5919293 -0.7143189 0.6995444 -0.1053328 -0.7067833 0.7023348 0.5355468 -0.4689516 0.9755148 0.09008222 -0.200639 0.916835 0.3838824 -0.1097634 0.1558526 -0.9777649 0.1403065 0.6519656 0.2877041 0.7015463 0.3560432 0.7605406 0.5429654 0.5944244 0.7169267 0.3642468 0.7660002 0.6425251 0.02013206 0.6854704 0.6091217 -0.3988748 0.2860769 0.5878047 -0.7567337 -0.1949981 0.775241 0.6008139 -0.1951777 0.7751395 0.6008864 -0.1950356 0.7752419 0.6008003 -0.4811533 0.7840443 0.3921303 -0.5628107 0.8222866 0.08419632 -0.4676275 0.8552371 -0.2233698 -0.3161095 0.8351475 -0.450115 -0.03065592 0.8539109 -0.5195156 -0.03082531 0.8537963 -0.5196939 -0.03115081 0.8537456 -0.5197579 -0.05754804 0.9713963 0.2303855 -0.311502 0.05022275 0.9489175 -0.3572377 0.1333676 0.9244428 -0.5973497 0.2400934 0.7651983 -0.8666735 0.3814924 0.3214666 -0.9864056 -0.06629669 0.1503624 -0.8274918 0.5398963 -0.1541737 -0.9064491 -0.0631392 -0.4175686 -0.6102296 0.4908798 -0.6218175 -0.5535241 0.09684097 -0.8271837 -0.1898666 0.08578276 -0.9780553 -0.2918736 0.5179936 -0.8040475 -0.778586 0.02103686 0.6271852 -0.01796978 0.2786273 0.9602312 -0.2076575 -0.97803 0.01832532 -0.2080224 -0.977958 0.01802188 -0.207648 -0.978026 0.01864033 -0.215941 0.6473715 -0.7309444 -0.2157604 0.647271 -0.7310867 -0.2158291 0.6470861 -0.73123 -0.6307459 0.5932648 -0.5001965 -0.630643 0.5932568 -0.5003358 -0.6305961 0.5931659 -0.5005026 -0.6802498 0.7290301 -0.0759955 -0.6802492 0.7290197 -0.07610207 -0.6802014 0.729041 -0.07632356 -0.6626203 0.7318585 0.1591153 -0.505316 0.7429881 0.4388899 -0.5054092 0.7429935 0.4387735 -0.5054605 0.742987 0.4387254 -0.1636672 0.5291967 0.8325648 0.8444983 -0.09180337 -0.5276314 0.441555 0.8385542 -0.3191488 0.1529718 0.8765881 0.4562817 0.1529091 0.8763772 0.4567075 0.1529316 0.8763731 0.4567082 0.0281493 0.8449968 0.53403 0.2297304 0.8536866 0.4673792 0.2296556 0.8537626 0.4672771 0.2298198 0.8535131 0.4676521 0.3829467 0.8673496 0.3178941 0.3829026 0.8673862 0.3178473 0.382858 0.8674325 0.3177748 0.5062132 0.8520721 0.1331219 0.4745138 0.8678233 0.147375 0.5154295 0.8522573 -0.08938759 0.515429 0.852278 -0.08919161 0.5153797 0.8522716 -0.08953893 0.4584922 0.8781401 -0.1365832 0.4586383 0.878047 -0.1366914 0.4585078 0.8781836 -0.1362508 0.2763099 0.8868932 -0.3702341 0.2761909 0.8870261 -0.3700045 0.2762024 0.8870068 -0.370042 0.2417495 0.8403411 -0.4851639 0.2415277 0.8401782 -0.4855564 0.241663 0.8403784 -0.4851424 0.04676574 0.8796181 -0.4733763 0.04689717 0.8793672 -0.4738291 0.0466786 0.8796006 -0.4734173 0.02820694 0.8648737 -0.5011967 0.02808684 0.8650398 -0.5009167 0.02830713 0.8648861 -0.5011696 -0.129899 0.8632326 -0.4878072 -0.1231769 0.8680813 -0.4808975 0.3782598 0.8538862 0.3574884 0.3784853 0.8536759 0.357752 0.3786106 0.8535837 0.3578394 0.05111193 -0.3572758 -0.9325995 -0.3719552 0.1969503 -0.9071162 -0.4015931 0.04589444 -0.9146676 -0.46022 0.01371246 -0.887699 -0.7208946 -0.05519413 -0.6908434 -0.7519613 0.02812242 -0.6586071 -0.9584392 0.05638766 -0.279669 -0.9649562 -0.186654 -0.1844449 -0.9627427 0.1669424 0.2127363 -0.7807503 -0.4055564 0.4753453 0.5304032 0.5746811 -0.6232287 0.469505 -0.4311882 -0.7704816 0.1448376 0.5159377 -0.8442929 0.260678 -0.8625328 0.4336868 0.425005 -0.8597314 0.283254 0.4802185 -0.8769395 0.0191695 0.4801434 -0.8769804 0.0191825 0.4801623 -0.8769701 0.01918029 0.3951528 -0.8788356 -0.2673991 0.4275371 -0.8502243 0.3071332 0.4275348 -0.850223 0.3071397 0.4275233 -0.8502172 0.3071721 0.2512111 -0.8495298 0.4638881 -0.004454255 -0.8562686 0.5165116 0.1899179 -0.8854584 -0.4241399 0.1899824 -0.8853904 -0.4242529 0.1902574 -0.885169 -0.4245914 -0.01937896 -0.8689037 -0.4946019 -0.007283627 -0.8269179 -0.5622755 0.0115748 -0.8669325 0.4982913 0.3325801 -0.8403633 -0.4279953 0.3326207 -0.8403366 -0.4280163 0.3325282 -0.8404405 -0.4278843 0.1087136 -0.8317174 -0.5444518 0.1087193 -0.8316744 -0.5445163 0.1086817 -0.8317821 -0.5443593 0.4527021 -0.8537928 -0.2570971 0.54369 -0.8269556 -0.1433378 0.5434759 -0.8270227 -0.1437615 0.5277397 -0.8416734 0.1143543 -0.4507071 0.8596041 0.2407156 -0.3139435 0.8572651 0.4080885 -0.3137973 0.857282 0.4081655 -0.3137021 0.8575117 0.4077556 -0.123169 0.8529829 0.5071977 0.0751183 0.8506615 0.5203195 0.2936084 0.8531712 0.4311532 0.3169327 0.8776695 0.3595138 0.4600898 0.8493883 0.2585674 0.4600695 0.8494652 0.2583505 0.4601716 0.8493972 0.2583925 0.5178264 0.8533703 0.06012624 0.5177629 0.8534101 0.06010788 0.5178095 0.8533809 0.06012004 0.4827004 0.8589504 -0.1708936 -0.4203667 0.8542565 -0.3058392 -0.4429252 0.8438203 -0.3029597 -0.4429101 0.8438394 -0.3029288 -0.4427775 0.8439961 -0.3026859 -0.5298988 0.8480067 0.009587883 -0.3099569 0.8636257 0.3975895 -0.2949385 0.8405702 0.454371 -0.2948746 0.8405267 0.4544931 -0.2951221 0.8406512 0.4541019 -0.06718444 0.8821735 0.4661076 0.02410668 0.8417338 0.5393545 0.02427732 0.8416418 0.5394905 0.02413511 0.8416276 0.5395187 0.5166544 0.8504617 0.09891122 0.5098088 0.8519174 -0.1197152 0.3875262 0.8374553 -0.3853468 0.3872984 0.8375716 -0.3853229 0.3874703 0.8375393 -0.3852205 0.04834675 0.8439723 -0.5342035 -0.1808855 0.8818051 -0.4355459 -0.1813395 0.8816729 -0.435625 -0.5360983 0.830134 -0.1532193 -0.4688069 0.8608906 0.1977062 -0.4697701 0.8600021 0.1992804 -0.3457133 0.8461086 0.4056878 -0.345798 0.8461226 0.4055867 -0.345791 0.8461218 0.405594 0.1339989 0.8593608 0.493501 0.1336023 0.8592759 0.4937565 0.1337673 0.859268 0.4937254 0.349125 0.8430557 0.4091075 0.3492289 0.843159 0.4088056 0.3491062 0.8429989 0.4092404 0.3759421 0.8734278 0.3095022 0.5012776 0.8415691 0.2012026 0.501252 0.8416213 0.2010478 0.5013774 0.8416208 0.2007366 0.5450782 0.8381314 -0.02062684 0.4085686 0.865715 -0.2891529 0.4088816 0.865688 -0.2887908 0.354802 0.827471 -0.4352097 0.3548005 0.8274723 -0.4352084 0.3546056 0.8276927 -0.4349479 0.1235269 0.8792422 -0.4600809 0.05986922 0.8424068 -0.535506 -0.2471224 0.8462321 -0.4720401 -0.2471083 0.8462291 -0.4720527 -0.2470548 0.8462126 -0.4721106 -0.4134832 0.8639837 -0.2873391 -0.5333775 0.8397531 -0.1016043 -0.5057109 0.8476102 0.1606655 -0.5056133 0.8476368 0.1608327 -0.505652 0.8476147 0.1608275 -0.3801762 0.8709492 0.3113095 -0.380458 0.8683691 0.3180988 -0.1164831 0.8726611 0.4742301 -0.1164985 0.872524 0.4744788 -0.116509 0.8725177 0.4744877 -0.1166965 0.8723528 0.4747448 -0.466602 0.8833652 0.04414147 -0.4665628 0.8833903 0.0440576 -0.466516 0.8834251 0.04385298 -0.4028583 0.8686889 -0.2882445 -0.4028218 0.8687545 -0.288098 -0.4027702 0.8687484 -0.288188 -0.1716246 0.8775107 -0.4477947 -0.138217 0.8488411 0.5102598 -0.1382171 0.8488405 0.5102605 -0.1378908 0.8488468 0.5103385 -0.1902654 0.8836882 0.4276617 -0.1902398 0.883901 0.4272329 -0.4943941 0.8663363 -0.07096546 -0.3877072 0.8813842 -0.2698982 -0.3084019 0.8295166 -0.4656077 -0.3086425 0.8295564 -0.4653773 -0.3086327 0.8296536 -0.4652105 0.3782495 0.8775347 -0.2947207 0.3782477 0.8775354 -0.294721 0.3782175 0.8775467 -0.2947257 0.4846404 0.8730031 -0.05467522 0.4846544 0.8729981 -0.05463212 0.4847952 0.8729128 -0.05474352 -0.4795414 0.8765899 -0.0403766 0.01617252 0.8819012 -0.4711569 0.2652406 0.8762004 -0.4023934 0.2651827 0.8762533 -0.4023161 0.265275 0.8761514 -0.4024776 -0.5127491 0.8585109 0.0068897 -0.5128306 0.8584623 0.006880819 -0.512813 0.8584728 0.006881594 -0.4851571 0.8740029 -0.0272327 -0.423044 0.8691269 -0.2562271 -0.24015 0.8623673 -0.4457026 -0.2405632 0.8621752 -0.4458515 0.02409243 0.8521876 -0.5226817 -0.02856463 0.8731518 -0.4866107 -0.2619559 0.8512008 -0.4547925 -0.2618491 0.8509678 -0.4552901 -0.2620027 0.8512525 -0.4546688 -0.2507216 0.8749245 0.4143019 -0.2505253 0.8751026 0.4140442 -0.2504832 0.8751698 0.4139276 0.0017066 0.8795996 0.4757118 0.001635134 0.8795108 0.4758763 0.00164324 0.87959 0.4757298 0.4629274 0.8788995 0.1150401 0.4293514 0.8789713 -0.2075259 0.4293525 0.8789601 -0.2075707 0.4289196 0.8791625 -0.2076085 -0.2558809 0.8747169 -0.4115765 -0.4431452 0.869228 0.2192375 -0.4431567 0.8692861 0.2189837 -0.4430823 0.8693148 0.2190201 0.2065205 0.8769202 0.434005 0.422516 0.8831422 0.203814 0.09637397 0.8823838 -0.460555 0.4871791 0.8717786 0.05156296 0.4875498 0.8715589 0.05177301 -0.2914631 0.8468352 0.4448813 0.4852443 0.8381267 -0.2491618 0.125378 0.8639935 0.487643 0.1253548 0.863893 0.4878271 0.1256809 0.8640286 0.4875029 0.4204391 0.8505014 0.3160355 0.2460302 0.8616032 0.4439699 0.2460376 0.8615431 0.4440823 0.2460778 0.8615663 0.4440148 -0.4499244 0.8567498 0.2520869 -0.1975949 0.8399108 -0.5054764 -0.1978726 0.8395703 -0.5059332 -0.1978789 0.8395655 -0.5059386 0.1299692 0.8407046 -0.5256652 0.376855 0.8467826 -0.3754193 -0.4512459 0.8584151 0.2439278 -0.4510486 0.8585734 0.243735 -0.4513075 0.8583798 0.2439379 -0.485758 0.8418429 -0.2352442 -0.4854574 0.8421031 -0.2349331 -0.4857425 0.8418589 -0.2352188 0.1412183 -0.880668 -0.4521961 -0.457648 -0.8655832 -0.2032836 -0.4576085 -0.8656065 -0.2032726 -0.4577292 -0.8656163 -0.2029596 0.1900076 -0.8793736 -0.4365769 0.1899138 -0.8793431 -0.4366791 0.1899456 -0.8793504 -0.4366505 -0.4332479 -0.8766002 -0.209448 -0.2391931 -0.8707289 0.4296718 -0.01775825 -0.8756244 -0.482666 -0.01775312 -0.8756109 -0.4826908 -0.01775932 -0.8756269 -0.4826619 -0.03619164 -0.8731181 0.4861636 -0.03618299 -0.8731145 0.4861708 -0.0362119 -0.8731276 0.486145 0.268747 -0.8860151 -0.3778257 -0.239247 -0.8556699 0.4589008 -0.2393548 -0.855635 0.4589098 -0.2393361 -0.8557657 0.4586759 -0.2732475 -0.8778438 0.3933524 -0.457417 -0.87554 0.1555614 -0.5257693 -0.8442389 0.1040542 -0.5254654 -0.8443862 0.1043943 -0.4519838 -0.8821793 -0.1321761 -0.2583705 -0.8855257 -0.3861206 0.003637075 -0.8840401 -0.4673969 0.1608464 -0.8280962 -0.5370151 0.1608952 -0.8281356 -0.5369397 0.1606189 -0.8286871 -0.5361711 0.468411 -0.8236629 -0.3196417 0.4680948 -0.8237034 -0.3199998 0.4493067 -0.8865726 -0.1100575 0.5339816 -0.8453956 -0.01303887 0.5339421 -0.8454198 -0.01308757 0.5341929 -0.8452625 -0.01300948 0.4334846 -0.8758594 0.2120412 0.4600023 -0.8658047 0.1969268 0.232932 -0.8781658 0.4178128 -0.08111566 -0.8494898 0.5213323 -0.08092385 -0.8494982 0.5213485 -0.08096879 -0.8494001 0.5215014 -0.3514948 -0.8659751 0.3557227 -0.3561327 -0.8637802 0.3564452 -0.3560346 -0.8638334 0.3564144 -0.3559259 -0.8639556 0.3562268 -0.5091493 -0.8464282 0.1559697 -0.5090504 -0.8464863 0.155977 -0.5091857 -0.846408 0.1559602 -0.4712464 -0.8815966 0.02672809 -0.4712264 -0.8816089 0.02667313 -0.4711805 -0.881636 0.02658993 -0.5300655 -0.8420501 -0.09991163 -0.5303865 -0.8418854 -0.0995959 -0.4114948 -0.8818855 -0.2301086 -0.2668582 -0.8754723 -0.4029082 -0.2668634 -0.8754723 -0.4029048 -0.2667568 -0.8754823 -0.4029535 -0.3816407 -0.8384167 -0.3891118 -0.3817567 -0.8385042 -0.3888094 -0.3815512 -0.8384755 -0.3890731 -0.08630663 -0.8484086 -0.5222584 0.2723532 -0.8377994 -0.4731978 0.4567401 -0.8373669 -0.300342 0.4567369 -0.8806066 -0.1261888 0.4568024 -0.8805595 -0.12628 0.4567363 -0.8805933 -0.1262839 0.4715659 -0.874539 0.1131688 0.4925919 -0.8531344 0.1717991 0.3859617 -0.8586944 0.3371614 0.3859022 -0.8587881 0.3369907 0.3857923 -0.8587368 0.3372471 0.3290964 -0.8770648 0.3499327 0.2071632 -0.8422975 0.4976126 0.03094601 -0.8816238 0.4709374 -0.03580743 -0.8551939 0.5170701 -0.225121 -0.8618049 0.4545469 -0.3938261 -0.8539566 0.3400872 -0.4112992 -0.8740017 0.258755 -0.4764408 -0.8775255 0.05434578 -0.4764087 -0.8775433 0.05433666 -0.476406 -0.8775544 0.05418074 -0.5153114 -0.8504672 -0.1056399 -0.4344821 -0.8371784 -0.3322011 -0.4346199 -0.8370763 -0.3322784 -0.434361 -0.8372395 -0.3322055 -0.2650969 -0.8822277 -0.3890991 -0.1332293 -0.8636948 -0.4860877 -0.1332931 -0.8637331 -0.4860023 -0.1333421 -0.8636588 -0.4861209 -0.1157597 -0.8392068 -0.531349 0.1321001 -0.850259 -0.5095188 0.1321151 -0.8503707 -0.5093283 0.1321774 -0.850279 -0.5094653 0.3858658 -0.8741632 -0.294867 0.4792866 -0.8768664 -0.03728145 0.4792192 -0.8769168 -0.03695666 0.4793536 -0.876831 -0.03725188 0.5241798 -0.8515722 0.007772922 0.4191125 -0.8593907 0.2929038 0.4369032 -0.8516219 0.2895786 0.1716473 -0.8686672 0.4647091 0.1588855 -0.8487983 0.5042784 -0.161379 -0.875373 0.4557182 -0.1328849 -0.8586469 0.4950427 -0.388441 -0.8724925 0.2964295 -0.5021169 -0.8603313 0.08779978 -0.5279909 -0.8461627 0.07234752 -0.52815 -0.8460406 0.07261651 -0.4610489 -0.8643316 -0.2009097 -0.3622038 -0.854139 -0.3731687 -0.3623666 -0.8541138 -0.3730686 -0.3621677 -0.854224 -0.3730093 -0.3126528 -0.8697365 -0.3818466 -0.3126363 -0.8697642 -0.3817969 -0.3123409 -0.8698026 -0.3819512 -0.0929287 -0.8644104 -0.4941245 -0.1245222 -0.8522205 -0.5081481 0.1088149 -0.8622917 -0.4945831 0.1086249 -0.8624469 -0.4943542 0.1563215 -0.8247852 -0.5434086 0.1563457 -0.8249568 -0.5431413 0.1563118 -0.8248116 -0.5433714 -0.3821529 -0.8431002 0.3783404 0.4773389 -0.8493927 -0.2251214 0.3495917 -0.8521788 -0.389329 0.3495594 -0.8522271 -0.3892521 0.3495759 -0.8522052 -0.3892853 -0.5048208 -0.8508415 0.1456874 -0.5047318 -0.8508835 0.14575 -0.5047062 -0.8509005 0.14574 0.5133812 -0.8555242 -0.06721824 0.2121823 -0.8747529 -0.4356444 0.152142 -0.8502168 0.5039687 0.1522401 -0.8500787 0.504172 0.1522401 -0.8500786 0.5041721 0.3488449 -0.848469 0.3980047 -0.2085308 -0.8316516 -0.5146558 -0.2081533 -0.8315703 -0.5149399 -0.208616 -0.8315271 -0.5148226 -0.5097517 -0.8211122 -0.2567642 -0.4218652 -0.8457559 0.3266907 -0.4220407 -0.8455991 0.32687 -0.422032 -0.8456048 0.3268661 0.1277972 0.8659737 0.4834849 0.1279354 0.8659369 0.4835143 0.1282257 0.8658242 0.4836392 0.1046923 0.8545104 0.5087745 0.1049126 0.8545715 0.5086265 0.1048137 0.854556 0.508673 0.3250885 0.8641009 0.3842489 0.4373856 0.8491957 -0.2959063 0.2302988 0.8503108 -0.4732168 0.2303373 0.8502607 -0.4732881 0.230024 0.8502795 -0.4734067 -0.100201 0.8367842 -0.5382862 -0.09998357 0.8370397 -0.5379292 -0.1002473 0.8367514 -0.5383286 -0.4321622 0.8652536 0.2541108 -0.4897856 0.8439405 0.218803 -0.4898316 0.8439111 0.2188133 -0.4895398 0.8440694 0.2188556 -0.3076178 0.8515075 0.4246249 0.2721698 0.8381975 0.4725975 0.330956 0.8890057 0.3164446 0.5072159 0.8316173 0.2261521 0.4708847 0.8808527 0.04864263 0.4710456 0.8807649 0.04867643 0.4709125 0.8808377 0.04864472 0.436989 0.8786807 -0.192252 0.4022674 0.8475084 -0.346281 0.1481042 0.8587124 -0.4905896 0.1441106 0.8549809 -0.4982368 -0.2936007 0.8629311 -0.4112768 -0.2948486 0.8621054 -0.4121149 -0.2947933 0.8620399 -0.4122914 -0.2947707 0.862087 -0.4122092 0.01185768 0.8545272 0.5192713 0.2003016 0.87471 0.4413183 0.2776673 0.8416704 0.4631327 0.2772774 0.8418921 0.4629635 0.2776576 0.8416654 0.4631475 0.5171646 0.8301975 0.2081179 0.524608 0.839154 -0.1435514 0.3547347 0.8396964 -0.4111856 0.3549234 0.8394407 -0.4115446 0.2259402 0.8803433 -0.4170691 0.04523289 0.8366906 -0.545805 -0.2589818 0.8696287 -0.4203265 -0.2285666 0.8480816 -0.4780325 -0.4437884 0.8433569 -0.3029871 -0.5115799 0.8533392 -0.1004905 0.2653777 0.8475394 0.4596212 0.4776619 0.85359 0.2079018 0.4076386 0.8582051 -0.3119536 0.2503961 0.8668905 -0.4310483 0.5214641 0.8467842 -0.1050322 0.5214091 0.846818 -0.1050336 0.521456 0.8467893 -0.1050329 0.4793644 0.8770491 -0.03154188 0.489053 0.8389403 0.23876 0.1994569 0.880509 0.4300243 -0.03033602 0.8443219 0.5349768 -0.1294807 0.8832584 0.4506546 -0.3080667 0.832831 0.4598776 -0.3700674 0.8842864 0.2847591 -0.5106354 0.8408046 0.1797199 -0.4761579 0.875148 0.08596271 -0.4761695 0.8751448 0.08593165 -0.4761279 0.8751583 0.08602488 -0.4497697 0.8780585 -0.1634641 -0.4497553 0.8780745 -0.1634178 -0.4497676 0.8780612 -0.1634558 -0.05395591 0.8725666 -0.4855064 -0.05408793 0.8725286 -0.4855598 -0.05370444 0.8726862 -0.4853191 -0.04848146 0.8772621 0.4775573 -0.04850786 0.8772342 0.4776056 -0.04849076 0.8770701 0.4779088 -0.2077096 0.8453304 0.4922125 -0.3650099 0.88664 0.283967 -0.4138127 0.8122872 0.4110334 -0.4138842 0.8122971 0.4109423 -0.413963 0.8122656 0.410925 -0.4604742 0.8806605 0.1113583 -0.5418713 0.840461 -0.001030385 -0.4577523 0.8802336 -0.1251068 -0.4578596 0.8801751 -0.1251254 -0.4577324 0.8802441 -0.1251059 -0.4682128 0.8421174 -0.2676098 -0.4682292 0.842108 -0.2676112 -0.4681881 0.8420872 -0.2677482 -0.06703168 0.8631632 -0.5004559 0.345582 0.8672455 -0.358411 0.04577845 0.8800926 0.4725903 0.04595792 0.8798007 0.4731158 0.04577922 0.8800264 0.4727134 -0.01739042 0.8529332 0.5217305 -0.01707041 0.8528853 0.5218194 -0.269874 0.8654183 0.4221602 -0.4752197 0.8787792 0.04374337 -0.4756515 0.8785434 0.04378551 -0.475301 0.878734 0.04376888 -0.4172919 0.881806 -0.2197401 -0.4121944 0.8372941 -0.3592137 -0.159524 0.877209 -0.4528317 -0.15949 0.8772426 -0.4527786 -0.1594996 0.8772323 -0.452795 0.1725393 0.8733389 -0.4555319 0.1723924 0.873338 -0.4555894 0.1724203 0.8733205 -0.4556123 0.4264762 0.8761655 -0.2246156 0.4260932 0.8763465 -0.2246361 0.4259968 0.8764111 -0.2245668 0.5243579 0.8460023 -0.09658634 0.4585882 0.8851031 0.07930642 0.458084 0.8853696 0.07924479 0.4579049 0.8854714 0.0791434 0.4980186 0.8445311 0.1968371 0.4980341 0.8444463 0.1971614 0.3360042 0.8589472 0.3864079 0.3358721 0.8589612 0.3864918 0.3361872 0.8589042 0.3863441 0.5317068 0.8437809 -0.07295125 0.4214029 0.8751223 0.2378667 0.4787598 0.876034 -0.05791145 0.4786716 0.8760768 -0.05799096 0.4786505 0.8760805 -0.05810934 0.4051211 0.8766891 -0.2594094 0.4050464 0.8767001 -0.2594892 0.4052121 0.8766083 -0.2595404 0.4061002 0.8729259 -0.270339 0.4059543 0.8730115 -0.2702815 0.4060096 0.8729941 -0.2702546 0.2457578 0.8600736 -0.4470755 0.2458289 0.8600373 -0.4471064 0.2457686 0.8600687 -0.4470792 -0.07298988 0.860669 -0.5039064 -0.5381004 0.8388645 -0.08218574 0.1733538 -0.8781579 0.4458557 -0.302484 -0.8833289 -0.3580973 -0.456999 -0.8782628 -0.1407357 -0.4570714 -0.8782179 -0.1407806 -0.4569537 -0.8782916 -0.1407031 -0.4070577 -0.8555957 0.3197812 -0.1330529 -0.8825856 0.450932 -0.1330577 -0.882574 0.4509534 -0.1331589 -0.8826424 0.4507895 0.202688 -0.875867 0.4379208 0.2027693 -0.8756857 0.4382458 0.2026928 -0.8758376 0.4379777 -0.4750362 -0.877927 -0.05987274 0.03039294 -0.8816087 0.4710015 0.1787715 -0.8352074 0.5200667 0.300937 -0.8828748 0.360512 0.3009323 -0.8829463 0.3603411 0.3010563 -0.8828749 0.3604124 0.4620205 -0.8790496 0.1175112 0.4658669 -0.878785 -0.1034649 0.4658209 -0.8787533 -0.103941 0.3553815 -0.8815068 -0.3108857 0.1279011 -0.8755981 -0.4657997 0.1277685 -0.8755812 -0.4658679 0.1277595 -0.8756039 -0.4658275 -0.09890234 -0.8790342 -0.4663874 -0.3698407 -0.8665613 -0.3350964 -0.3683335 -0.8711293 -0.3247525 -0.3683998 -0.8711296 -0.3246766 -0.3685848 -0.8709666 -0.3249041 -0.5061001 -0.8578505 -0.08919227 -0.4689049 -0.8727566 0.1357363 -0.2925177 -0.8696792 0.3976073 0.331802 -0.8798928 0.3401412 0.4483479 -0.8819189 0.1456138 0.4745029 -0.8738237 -0.1062033 0.4743767 -0.873901 -0.1061314 0.4743982 -0.873888 -0.1061419 0.1980073 -0.8632113 -0.4643914 0.3699448 -0.8675385 -0.3324425 0.4272468 -0.8430705 -0.3266382 0.4271669 -0.8431391 -0.3265653 0.4266669 -0.8435928 -0.3260471 0.5454732 -0.8371383 -0.0407266 0.5454842 -0.8371307 -0.04073411 0.5451083 -0.8373816 -0.04060781 0.4607386 -0.8356671 0.2989655 0.4602835 -0.836074 0.2985287 0.4608003 -0.8355922 0.29908 0.1770004 -0.8426032 0.5086167 -0.09630507 -0.8451905 0.525717 -0.2878375 -0.8642186 0.4126451 -0.2874964 -0.8643631 0.41258 -0.287731 -0.8642037 0.4127504 -0.4966967 -0.8367024 0.2306982 -0.5159853 -0.8504958 -0.1020603 -0.2112973 -0.8463322 -0.4889532 -0.2114232 -0.8460608 -0.4893686 -0.2114621 -0.8460095 -0.4894403 0.03409028 -0.8540614 -0.5190539 0.2566463 -0.8401869 -0.4777224 0.2566164 -0.8401195 -0.4778569 0.2566271 -0.840079 -0.4779224 0.4730561 -0.8399265 -0.2659726 0.4728465 -0.8400758 -0.265874 0.4731329 -0.8398781 -0.2659892 0.5267311 -0.8493816 0.03324675 0.4503648 -0.8334781 0.3201343 -0.128983 -0.8458197 0.5176413 -0.4022697 -0.8366721 0.3716973 -0.4020352 -0.8367447 0.3717878 -0.4024094 -0.8366267 0.3716486 -0.5091801 -0.8409988 -0.1829121 -0.3736016 -0.8836095 -0.2822341 -0.3734167 -0.8835983 -0.2825139 -0.3733902 -0.8836156 -0.2824946 -0.3349028 -0.8365819 -0.4335561 -0.3349265 -0.8367946 -0.4331272 -0.3348156 -0.8366851 -0.4334244 -0.1265904 -0.888036 -0.4420034 0.006450593 -0.8316264 -0.5552982 0.006286323 -0.83127 -0.5558332 0.006265461 -0.8312112 -0.5559214 0.1093508 -0.8747354 -0.4721022 0.2980841 -0.8608194 -0.4124754 0.3251019 -0.8483349 -0.4178957 0.325231 -0.8483157 -0.4178344 0.325118 -0.8483073 -0.4179393 0.4430994 -0.8695485 -0.2180558 0.4432089 -0.869515 -0.2179667 0.4432167 -0.8695088 -0.2179765 0.4825021 -0.8536741 -0.1960423 0.4943518 -0.8689323 -0.02393996 0.5225268 -0.8524474 0.01729667 0.5224538 -0.8524926 0.01728111 0.5227262 -0.8523237 0.01737147 0.4309048 -0.8760719 0.2163774 0.2319115 -0.8656612 0.4436755 -0.003080785 -0.8477759 0.5303456 -0.192557 -0.8620852 0.4687547 -0.4069283 -0.8561978 0.3183313 -0.4680282 -0.8778664 0.1014904 -0.5546022 -0.8321071 0.003796339 -0.5549588 -0.83187 0.003631532 -0.5549029 -0.831907 0.003682911 0.00964123 -0.8842907 -0.4668372 0.3166111 -0.8821823 -0.3485856 0.5019972 -0.8614473 -0.07685947 0.4697077 -0.8778454 -0.09360754 0.469494 -0.8779947 -0.09327769 0.4697072 -0.8778456 -0.09360694 0.3864905 -0.8892261 0.2447494 0.1099549 -0.8547928 0.5071877 0.1099255 -0.854833 0.5071263 0.1098497 -0.8548039 0.5071915 -0.04257369 -0.8704987 0.490326 -0.04257625 -0.8704903 0.4903406 -0.0424866 -0.8704738 0.490378 -0.09087288 -0.853014 0.5139156 0.3609542 -0.8318451 0.4215991 0.5282112 -0.8385829 0.1333105 0.5280412 -0.8386912 0.1333032 0.5279844 -0.8387281 0.1332955 0.3978586 -0.8468687 -0.3528769 0.3979188 -0.8467153 -0.3531767 0.3978382 -0.8468021 -0.3530595 0.1011748 -0.8317075 -0.5459179 0.1013138 -0.8320459 -0.5453761 0.1012436 -0.8317295 -0.5458715 -0.254415 -0.8352013 -0.487557 -0.254875 -0.8351269 -0.4874441 -0.4539444 -0.8444358 -0.2843639 -0.4543746 -0.8440715 -0.2847582 -0.4543754 -0.844099 -0.2846752 0.4498528 -0.8446781 0.2900886 0.4496064 -0.844668 0.2904996 -0.5307639 -0.8393598 0.1173239 -0.530521 -0.8395134 0.1173233 -0.5306684 -0.8394232 0.1173025 0.03341776 -0.8893315 0.4560406 -0.2099528 -0.8821427 0.4215969 -0.2099984 -0.8821531 0.4215528 -0.2099452 -0.8820359 0.4218243 -0.4246206 -0.8816978 0.2056854 -0.08362019 0.8475807 -0.5240369 -0.08330094 0.847656 -0.5239661 -0.08362925 0.847599 -0.5240059 -0.4431242 0.8565497 -0.2645062 -0.532927 0.8436564 -0.06506049 -0.4922074 0.8310526 0.2590048 0.2092317 0.8446691 0.4927033 0.2097 0.8445923 0.4926355 0.2092365 0.8446419 0.4927475 0.3840063 0.8649324 0.3231583 0.5048689 0.8619533 0.04630607 0.5047919 0.861999 0.0462929 0.5048131 0.8619865 0.0462948 0.5128088 0.857535 0.04075437 0.5127988 0.8575413 0.04074847 0.5128815 0.8574899 0.04079073 0.4671162 0.8571476 -0.2170266 -0.2387954 0.8779647 -0.4149156 -0.2391205 0.8779024 -0.4148602 -0.2938477 0.8567631 -0.4238049 -0.2940868 0.8564338 -0.4243045 -0.2940196 0.8565081 -0.424201 -0.4438976 0.8601102 -0.2513276 -0.443938 0.8600844 -0.2513443 -0.4440054 0.8600867 -0.2512173 -0.4372165 0.8764244 -0.2017972 -0.4371458 0.8764277 -0.2019355 -0.4371416 0.8764634 -0.2017898 -0.3957519 0.8176313 0.4181624 -0.3958183 0.8175551 0.4182484 -0.3953665 0.8177871 0.4182222 -0.1587197 0.8863182 0.4350265 -0.1586492 0.8863177 0.4350531 -0.1587887 0.8863136 0.4350107 -0.01096069 0.8389225 0.5441406 -0.01095139 0.8389267 0.5441344 -0.01094222 0.8388659 0.5442282 0.4542945 0.8476766 0.2739725 0.4542571 0.8477217 0.273895 0.4543653 0.847693 0.2738046 0.4359953 0.8493584 -0.297487 0.4360951 0.8493445 -0.2973803 0.4360907 0.8493499 -0.2973715 0.2781679 0.8510721 -0.4453078 0.2783098 0.8510475 -0.445266 0.2781435 0.8510874 -0.4452939 0.04414767 0.8410692 -0.5391229 -0.5254257 0.8504943 0.02423387 -0.4431277 0.849082 0.2875721 -0.4429419 0.8492534 0.2873522 -0.4431981 0.849034 0.2876055 -0.4135593 0.8601172 0.2986087 -0.4131644 0.8602195 0.2988604 0.4332876 0.8356444 0.3375801 0.538621 0.8421894 0.02459067 0.5386112 0.8421971 0.02453762 0.5379905 0.8425933 0.024558 -0.325138 0.8550835 -0.403878 -0.4549247 0.8755318 -0.1627505 -0.5279029 0.8419303 0.1116783 -0.5280231 0.8418455 0.1117497 -0.5281454 0.8417301 0.1120401 -0.3327133 0.8403871 0.4278453 -0.3315344 0.8539786 0.4010059 -0.3312428 0.8542013 0.4007725 -0.3315215 0.8540292 0.4009088 -0.1156896 0.8701072 0.4790923 -0.08999758 0.8556544 0.5096626 -0.08992445 0.8558276 0.5093848 -0.4356947 0.8824704 0.1772462 -0.4357308 0.8824706 0.1771569 -0.4357825 0.8824592 0.1770857 -0.4879795 0.8594578 -0.152343 -0.2898666 0.8714097 -0.3957558 -0.0111863 0.8427277 -0.5382239 0.01129317 0.8616318 -0.5074084 0.3248986 0.8437159 -0.4272992 0.3932608 0.8768685 -0.276492 0.3931947 0.8769087 -0.276458 0.3933187 0.8768277 -0.2765384 0.4808412 0.8507511 -0.2121664 0.4833481 0.8727353 -0.06861346 0.4835315 0.8726304 -0.06865543 0.4833356 0.8727346 -0.06871122 0.4371724 0.8835659 0.1679033 0.2146201 0.8525437 0.476558 0.2145062 0.8524119 0.4768449 0.2145059 0.8524121 0.4768447 0.06418782 0.8762032 0.4776483 0.02194339 0.8600386 0.5097571 -0.2428271 0.8613518 0.4462153 -0.2426932 0.8615222 0.4459592 -0.4830483 0.8722558 0.07638114 -0.4826312 0.8724803 0.07645446 -0.4830473 0.8722463 0.07649791 -0.4388195 0.8824505 -0.1694656 -0.4387445 0.8824618 -0.1696009 -0.4387804 0.8824431 -0.1696054 -0.4519586 0.8411263 -0.2970521 -0.2994563 0.8765285 -0.3768607 -0.2994372 0.8765788 -0.3767588 -0.2992429 0.876649 -0.3767497 -0.2234618 0.8447357 -0.4862987 -0.2234978 0.8447815 -0.4862027 -0.2234718 0.8447532 -0.486264 -0.1046825 0.8762832 -0.4702864 -0.1050034 0.8762968 -0.4701895 -0.1045694 0.8762432 -0.470386 0.1436768 0.8772723 -0.457985 0.3385512 0.8756338 -0.3444541 0.4671792 0.8794428 -0.0912373 0.4671083 0.879473 -0.09130871 0.4671299 0.8794605 -0.09131872 0.5251446 0.850498 -0.02960705 0.4427222 0.8761808 0.1905369 0.4427699 0.8761335 0.190644 0.4428406 0.8761679 0.1903209 0.290602 0.8714962 0.3950253 0.2599533 0.8504542 0.4573312 0.2599688 0.8503945 0.4574338 0.2599506 0.8504614 0.4573197 0.08167183 0.8733763 0.4801498 -0.3855594 0.8672815 0.3149075 -0.4780018 0.8731406 0.09560281 0.124889 0.8953106 -0.4275766 0.1248586 0.8953379 -0.4275285 0.1249712 0.8953225 -0.4275279 0.1371363 0.8759722 0.4624568 -0.06211411 0.8563895 0.5125807 -0.06196433 0.8563902 0.5125976 -0.0624144 0.8564497 0.5124435 -0.1051738 0.8733693 0.4755676 -0.3055518 0.879873 0.3639527 -0.4502389 0.8850716 0.1180391 -0.2893037 0.8603801 -0.4195825 -0.2414458 0.8782702 -0.4127293 -0.4396892 0.8803715 -0.1778188 -0.4396615 0.8803902 -0.1777943 -0.4397778 0.880293 -0.1779881 0.2971174 0.8760938 0.3797119 0.2968913 0.8761683 0.3797166 0.296958 0.8761758 0.3796473 0.2173081 0.878674 -0.4250991 0.2169463 0.8786141 -0.4254079 -0.232415 0.8452586 0.4811667 -0.2325302 0.8450696 0.4814429 -0.2324896 0.8451539 0.4813143 -0.5522048 0.8332598 0.0273512 -0.04639643 0.8311749 -0.5540719 0.2557336 0.8475062 -0.4651169 0.2555514 0.8476975 -0.4648681 0.2554895 0.8477748 -0.4647611 0.4636482 0.8608902 -0.20952 0.463756 0.8608119 -0.2096025 0.4636916 0.8608604 -0.2095457 0.426666 0.8463681 0.3187745 0.4264228 0.8465469 0.3186254 0.4266867 0.8463469 0.3188034 -0.2641672 0.850459 0.4549016 -0.2642906 0.8502622 0.4551976 -0.264183 0.8503183 0.4551553 0.429799 -0.8778982 0.2111107 0.2503162 -0.8662033 -0.432474 0.2808798 -0.8971193 -0.3410037 0.281064 -0.8971666 -0.3407273 0.2808782 -0.8971202 -0.3410028 -0.1158576 -0.8637624 0.4903994 -0.2740511 -0.8642204 0.4219231 -0.3180834 -0.8472861 0.4253578 -0.3179981 -0.8473747 0.425245 -0.3181787 -0.8472034 0.4254513 -0.4030067 -0.87704 0.2615079 -0.5047056 -0.8406546 0.1963984 -0.504546 -0.8407575 0.1963675 -0.5048534 -0.840555 0.1964449 -0.4732447 -0.8808531 0.01171284 -0.5369825 -0.8390466 -0.08746784 -0.5371186 -0.8389588 -0.08747422 -0.53676 -0.8391857 -0.08749926 -0.3760778 -0.8803105 -0.2891696 -0.3760276 -0.8802685 -0.2893624 -0.3761808 -0.8801981 -0.2893773 -0.3821152 -0.8423087 -0.3801369 -0.1330643 -0.8706359 -0.4735897 -0.1173803 -0.8563868 -0.5028155 -0.1171258 -0.8564682 -0.5027363 -0.1171228 -0.856707 -0.5023301 0.1770005 -0.8700693 -0.4600548 0.1770345 -0.8700879 -0.4600065 0.1770874 -0.8701441 -0.4598799 0.1477048 -0.8526409 -0.5011856 0.1479518 -0.8524954 -0.5013601 0.3799653 -0.8543668 -0.3545192 0.4855222 -0.8518841 -0.1963714 0.4853838 -0.85198 -0.1962977 0.4855344 -0.8519184 -0.1961926 0.4690557 -0.8752079 -0.118314 0.5236091 -0.8464671 0.09657669 0.5077843 -0.8577828 0.07977509 0.5073142 -0.858056 0.07982647 0.5077572 -0.8578023 0.07973641 0.3765616 -0.8641756 0.3337695 0.3768722 -0.8640526 0.3337372 0.3765627 -0.8641811 0.3337539 0.3793683 -0.8536277 0.3569309 0.3791992 -0.8536924 0.3569556 0.3789474 -0.8539255 0.3566653 0.1543407 -0.860032 0.4863375 0.1544823 -0.8599596 0.4864205 0.1541075 -0.8601872 0.4861367 0.1537721 -0.8591303 0.4881079 -0.1163665 -0.8634546 0.4908208 -0.3673328 -0.8659431 0.3394246 -0.4596741 -0.8222289 0.3356179 -0.4595148 -0.8223143 0.335627 -0.4590916 -0.8226601 0.3353586 -0.4482508 -0.8838908 0.1334481 -0.5328535 -0.8409941 -0.0937885 -0.3734743 -0.8633784 -0.3392565 -0.3731923 -0.8644496 -0.3368303 -0.373027 -0.8645292 -0.3368088 -0.373178 -0.8644554 -0.336831 -0.1515896 -0.8705153 -0.4682133 0.05892252 -0.8569779 -0.5119737 0.0623086 -0.854895 -0.5150459 0.3072946 -0.8638426 -0.3991817 0.3072886 -0.8638437 -0.3991841 0.3072245 -0.8638572 -0.3992043 0.4275093 -0.8817959 -0.1991777 0.5346021 -0.8364873 -0.1203732 0.5343807 -0.8365685 -0.1207906 0.5344284 -0.8365342 -0.1208176 0.4717178 -0.8777016 0.08439373 0.3511503 -0.8722673 0.3403577 0.3508447 -0.8722463 0.3407264 0.3511195 -0.8722882 0.3403359 0.349261 -0.8468061 0.4011686 0.349268 -0.8468033 0.4011685 0.3488423 -0.8470034 0.4011163 0.1340307 -0.8683638 0.4774726 0.1340365 -0.868364 0.4774706 0.1340553 -0.8683652 0.4774633 0.101354 -0.8489462 0.5186693 -0.08970296 -0.8780734 0.4700431 -0.1694064 -0.8517979 0.4957236 -0.1693207 -0.852061 0.4953005 -0.1693277 -0.8518766 0.4956152 -0.3434591 -0.8597037 0.3780813 -0.343399 -0.8598424 0.3778204 -0.3434524 -0.8597132 0.3780657 -0.3233313 -0.8676404 0.3776997 -0.3236486 -0.8675448 0.3776474 -0.3237841 -0.8674871 0.3776639 -0.4742555 -0.8633798 0.1722126 -0.515484 -0.8434295 0.1513381 -0.5156536 -0.843315 0.151398 -0.5156838 -0.8432903 0.1514326 -0.4669318 -0.8810021 -0.07622456 -0.510485 -0.8428179 -0.1704792 -0.3397133 -0.8737364 -0.3481085 -0.3653379 -0.8651545 -0.3435636 -0.1983794 -0.8522663 -0.484033 -0.1984139 -0.8521544 -0.4842157 -0.1985064 -0.852127 -0.4842262 -0.06981343 -0.8817405 -0.4665403 0.4593231 -0.8874103 -0.03905808 0.5195482 -0.8460534 0.1194304 0.5195158 -0.8460695 0.1194562 0.5195838 -0.8460197 0.1195139 0.2320408 -0.8853925 0.4027868 0.1317053 -0.8288398 0.5437633 -0.02998346 -0.881644 0.4709618 -0.02999389 -0.8816506 0.4709487 -0.03026217 -0.8815486 0.4711225 -0.2194974 -0.8362315 0.5025314 -0.2190333 -0.8368567 0.5016925 -0.219411 -0.8362582 0.5025248 -0.2667583 -0.8757151 0.4024461 -0.4332307 -0.8663601 0.2484577 -0.4866161 -0.840416 0.2385493 -0.4865393 -0.8404904 0.2384439 -0.4863461 -0.8405249 0.2387161 -0.4970803 -0.8658394 -0.05686265 -0.4976416 -0.8654757 -0.05748713 -0.4292932 -0.8558498 -0.2884938 -0.4291895 -0.8558688 -0.2885919 -0.4292504 -0.8558925 -0.2884302 -0.3538792 -0.8787978 -0.3201312 -0.2896658 -0.8438053 -0.4517594 -0.07993507 -0.8764221 -0.4748629 -0.02681469 -0.8464408 -0.5318073 -0.02686905 -0.8463926 -0.5318812 -0.0260896 -0.8476879 -0.5298535 0.4097878 -0.8417204 0.3515406 0.409952 -0.8416462 0.3515269 0.4100341 -0.8415982 0.3515458 0.5193293 -0.817256 -0.2497794 0.01905196 -0.8460496 -0.5327637 0.5019652 -0.8527005 0.1446816 0.5022136 -0.8525286 0.1448325 0.502126 -0.8525924 0.144761 0.3530949 -0.8443856 -0.4029107 0.3528089 -0.8450444 -0.4017785 0.3530797 -0.8444886 -0.4027079 -0.2051943 -0.854191 -0.4777584 -0.2054343 -0.8536813 -0.4785655 -0.2054314 -0.8536154 -0.4786845 -0.5205885 -0.8497957 -0.08267414 0.3499157 -0.8673858 -0.3538374 0.5323488 0.8388368 -0.1138325 0.5320733 0.8390329 -0.1136752 0.5323152 0.8388637 -0.1137908 0.5185749 0.8469417 -0.1173453 0.333386 0.8889524 -0.3140345 0.126672 0.8836089 -0.4507656 0.03233462 0.8455337 -0.5329421 -0.5356978 0.8380054 -0.1038026 -0.5355509 0.8381066 -0.1037433 -0.5357944 0.8379651 -0.1036278 -0.498077 0.8195827 0.2832022 -0.2171453 0.8830441 0.41603 -0.1723181 0.8430039 0.5095596 0.03912526 0.8746044 0.4832562 0.2956598 0.8562144 0.4236534 0.5416935 0.8398119 -0.03583675 0.5417111 0.8398208 -0.03535777 0.4437873 0.8440507 -0.3010503 0.4437916 0.8440483 -0.3010507 0.4434977 0.8441683 -0.3011474 0.2732332 0.8719419 -0.4062772 0.2728619 0.8719171 -0.4065794 0.2549133 0.8541384 -0.4532844 0.2548587 0.8541781 -0.4532403 0.2549251 0.8541285 -0.4532964 0.05564761 0.8729276 -0.4846658 -0.02023458 0.8284572 -0.5596868 -0.01982134 0.8283281 -0.5598926 -0.2529042 0.8822418 -0.3971008 -0.2529072 0.8822376 -0.3971081 -0.2528319 0.8822807 -0.3970604 -0.4568873 0.8712503 -0.1793796 -0.4604738 0.8800294 0.1162418 -0.4692181 0.8333683 0.2921161 -0.4694069 0.8331458 0.2924472 -0.4692299 0.8332403 0.2924618 -0.16961 0.821628 0.5442059 -0.09324079 0.8567908 0.5071644 0.2421692 0.8231793 0.5135467 0.2419114 0.8231252 0.5137546 0.4873903 0.8391059 0.2415617 0.4873904 0.8391986 0.2412392 0.5205169 0.8507906 -0.07223248 0.3366702 0.8787798 -0.3382294 0.3366316 0.8787282 -0.3384023 0.3366787 0.8787839 -0.3382105 -0.1325805 0.8660597 -0.4820406 -0.1327801 0.8661669 -0.481793 -0.3436534 0.8756207 -0.3393979 -0.343783 0.8755574 -0.3394298 -0.3436746 0.8756115 -0.3394001 -0.4898229 0.8488494 -0.1988173 -0.4736126 0.8764309 -0.08694958 -0.4334475 0.8377637 0.3320775 -0.433463 0.8377519 0.3320868 -0.4332082 0.8378745 0.3321098 -0.3542848 0.8692174 0.3448819 0.2292249 0.828965 0.5101696 0.02476984 0.8785961 -0.4769228 0.02483439 0.8784753 -0.4771421 0.02478891 0.8786299 -0.4768598 0.4519553 0.8304935 -0.3256026 0.4448992 0.8816858 -0.157146 0.5330843 0.8460013 0.01014602 0.4888404 0.8698107 0.06681811 0.4888905 0.8697798 0.06685268 0.4893216 0.8695232 0.06703603 0.4644726 0.847258 0.257719 0.1074644 0.8818711 0.4590805 -0.1584399 0.8714311 0.4642248 -0.1585325 0.8713827 0.4642843 -0.158699 0.871235 0.4645043 -0.4878 0.8709058 0.05978494 -0.3995604 0.8495976 -0.3442898 0.04458391 0.8775185 -0.4774656 0.04429769 0.8774463 -0.4776253 0.4660527 0.8768878 -0.1177406 0.4659445 0.8769271 -0.1178755 0.4656966 0.8771083 -0.1175073 0.4696437 0.8702374 0.148734 -0.279455 0.888731 0.3634038 -0.4680956 0.8661577 -0.1750926 -0.4680297 0.8661624 -0.1752454 -0.4681128 0.8661713 -0.1749796 0.4691531 0.8806414 0.06607776 0.4768256 0.8380519 0.265154 0.3224591 0.8806283 0.3471515 -0.4140002 0.8359898 -0.3601732 -0.4141772 0.8359243 -0.3601219 -0.4141429 0.8358821 -0.3602592 -0.1934295 0.8701757 -0.4531879 -0.1730171 0.8798992 -0.4425408 -0.1729778 0.8798971 -0.4425604 -0.1730567 0.8799036 -0.4425168 0.4715407 0.8625066 0.1836622 0.2809042 0.8883633 0.3631856 0.2809822 0.8883887 0.3630627 0.2809772 0.8885446 0.3626847 0.495151 0.8485195 0.1866554 0.4949824 0.8486786 0.1863789 0.4951548 0.8485112 0.186683 -0.4443724 0.8820006 -0.1568695 -0.4442187 0.8795543 0.1704524 -0.4445632 0.8793811 0.1704482 -0.4442009 0.8795441 0.1705514 0.439276 0.8805961 -0.1777281 0.1382135 0.8704704 0.4724177 0.1382566 0.8704891 0.4723706 0.1382631 0.8704454 0.4724491 0.3414264 0.8808509 0.3279172 0.3414117 0.8808619 0.3279031 0.3415517 0.8808336 0.3278331 0.3490486 0.8468939 -0.4011683 0.3491442 0.8468534 -0.4011703 0.3492488 0.8467898 -0.4012137 -0.172638 0.8420605 -0.5110092 -0.5394389 0.8343372 0.1135222 0.3688493 0.8845993 0.285367 0.3687682 0.8846437 0.2853344 0.3687975 0.8846287 0.2853427 0.3094307 0.8818093 -0.3559002 0.3090862 0.8817957 -0.3562333 0.3094857 0.8817617 -0.3559705 0.1516756 0.8443826 -0.5138217 0.1516313 0.8444402 -0.5137401 0.1517272 0.8444349 -0.5137203 -0.1186913 0.8352228 0.53695 -0.1187486 0.8347544 0.5376652 -0.1187429 0.8349077 0.5374283 0.1591609 0.8424155 -0.5147854 0.1592398 0.8419865 -0.5154623 0.1592411 0.8419911 -0.5154547 -0.5280939 0.8490129 0.0171507 -0.5284208 0.8488118 0.01703435 -0.5285527 0.8487296 0.01703637 -0.3473961 0.8423619 -0.4119982 0.08334958 0.8545538 0.5126312 0.08335083 0.854494 0.5127305 0.08344316 0.8545109 0.5126875 0.3428019 0.8221864 -0.4544188 0.3422075 0.8225106 -0.4542801 0.3426165 0.82226 -0.4544255 -0.4523388 -0.7361338 -0.5034846 -0.4450727 -0.8954807 -0.00497508 -0.4450988 -0.8954675 -0.005013108 -0.4454488 -0.8952945 -0.004821658 -0.5108599 -0.8239752 0.245127 -0.5109223 -0.8239471 0.2450914 -0.5109511 -0.82389 0.2452232 -0.3535054 -0.8828264 0.3092761 -0.3536036 -0.882809 0.3092135 -0.353756 -0.8826055 0.3096199 -0.3535625 -0.882646 -0.3097252 -0.3534747 -0.8827035 -0.3096615 -0.3534749 -0.8827033 -0.3096616 -0.448417 -0.8728039 0.1927059 0.2085399 -0.8723759 -0.4421216 0.2088041 -0.8723391 -0.4420694 0.2086616 -0.8724374 -0.4419428 0.4347776 -0.8658522 -0.2475249 0.4383278 -0.8577936 -0.2684381 0.4381883 -0.8579058 -0.268307 0.4383295 -0.8578361 -0.2682992 0.513473 -0.8580329 0.01118302 0.4327993 -0.8735837 0.2225673 0.2372854 -0.8865286 0.3971936 0.1446159 -0.8205356 0.5529989 0.1446164 -0.8205861 0.5529238 0.1442871 -0.8206016 0.5529867 -0.06837189 -0.8884153 0.4539203 -0.2636258 -0.8221456 0.5045574 -0.2635102 -0.8222231 0.5044915 -0.2636961 -0.8220396 0.5046934 -0.3086429 -0.8772584 0.3676375 -0.4954807 -0.8505269 0.1763603 -0.4899532 -0.8700571 -0.05428451 -0.5105624 -0.8551478 -0.08971345 -0.5105375 -0.8551633 -0.08970642 -0.5106286 -0.8551052 -0.0897423 -0.425692 -0.8690314 -0.2521325 -0.4274184 -0.8556596 -0.2918222 -0.4272386 -0.8557331 -0.2918699 -0.4268106 -0.856054 -0.2915549 -0.2484905 -0.8506227 -0.4633505 -0.2485269 -0.8506031 -0.4633669 -0.24839 -0.850692 -0.4632769 -0.2565082 -0.864176 -0.4329011 0.005169987 -0.8743863 -0.4852032 0.08269256 -0.8371409 -0.5407007 0.2097649 -0.878911 -0.4283857 0.3547488 -0.8445101 -0.4011932 0.4114556 -0.8790416 -0.2408115 0.4884513 -0.848985 -0.2015936 0.4882561 -0.8491288 -0.2014607 0.4883925 -0.8490193 -0.2015916 0.5018488 -0.8629092 0.05946081 0.5140581 -0.8546935 0.07241046 0.5142789 -0.8545556 0.07247143 0.5142641 -0.8545742 0.07235753 0.3923333 -0.867623 0.3054588 0.3923645 -0.8676589 0.3053169 0.3923985 -0.8676447 0.3053132 0.2148903 -0.8702107 0.4433457 0.2016823 -0.8583399 0.4717808 0.2018148 -0.8583417 0.4717207 0.2018294 -0.8582811 0.4718247 -0.03699052 -0.8589898 0.5106547 -0.02882313 -0.863118 0.5041793 -0.0287171 -0.8630585 0.5042871 -0.02871775 -0.8630825 0.5042459 -0.2420402 -0.8594766 0.4502407 -0.2420994 -0.8595361 0.4500954 -0.2421459 -0.859498 0.4501429 -0.2658962 -0.8491896 0.4562633 -0.4065041 -0.8827925 0.2354397 -0.5452468 -0.8162652 0.1908331 -0.4595341 -0.8858981 -0.06334888 -0.5099817 -0.8340318 -0.2104988 -0.509752 -0.8342155 -0.2103273 -0.5100442 -0.8339723 -0.2105828 -0.3215167 -0.8487654 -0.4197909 -0.3213504 -0.8488529 -0.4197414 -0.3214452 -0.8487983 -0.4197791 -0.09758353 -0.8733949 -0.477136 -0.08784741 -0.8654335 -0.4932623 -0.08774703 -0.865482 -0.4931951 -0.0874601 -0.8657666 -0.4927463 0.1386277 -0.8430328 -0.5196903 0.2141401 -0.8792524 -0.4255108 0.4003702 -0.8680899 -0.2934683 0.4019667 -0.8422874 -0.3591305 0.4020109 -0.8422353 -0.3592031 0.401791 -0.8424994 -0.3588298 0.5124424 -0.8585708 -0.01609188 0.5122005 -0.8587117 -0.01627707 0.528319 -0.8490284 -0.005474388 0.528513 -0.8489078 -0.005462586 0.5284221 -0.8489654 -0.005285739 0.4316525 -0.8695383 0.2399575 0.443706 -0.850251 0.2831932 0.1947705 -0.863704 0.4648442 -8.90239e-4 -0.8492411 0.5280045 -0.3070598 -0.8303417 0.4650235 -0.6119614 -0.7810147 -0.1245772 -0.03483974 -0.8584715 -0.5116766 0.192054 -0.8591789 0.4742648 0.1915636 -0.859553 0.4737848 0.1921095 -0.8591523 0.4742905 0.3935539 -0.8531798 0.3423444 0.3930051 -0.8534806 0.3422249 0.3934311 -0.853234 0.3423503 0.4370925 -0.8355738 0.332816 0.437318 -0.8355544 0.3325682 0.5326519 -0.845799 0.03010326 0.2510353 -0.8525715 -0.4583702 0.251103 -0.8523798 -0.4586895 0.2510834 -0.8524996 -0.4584774 -0.1312708 -0.8854193 0.4458707 -0.131713 -0.8854458 0.4456877 -0.3197625 -0.9039006 -0.2841053 -0.001794815 0.9999985 -1.66609e-5 0.003825306 0.9999878 -0.00315845 -0.003309249 0.9999875 -0.003750264 0.002283096 0.9999973 -6.68907e-4 -0.007969081 0.999962 -0.003527462 -0.001812398 0.9999985 -3.39952e-5 -0.02227222 0.9996962 0.01055681 0.04647248 0.9989079 0.004824221 0.00108987 0.9999994 3.74597e-4 0.6076484 0.3825855 -0.6959826 -0.1588784 0.4081776 -0.898971 -0.5819858 0.7779327 -0.2368829 0.198009 0.9683364 -0.152043 0.1979922 0.9683274 -0.1521226 0.1979776 0.9683247 -0.1521586 -0.572444 0.8108433 -0.1218246 -0.3025265 0.8015282 -0.5157814 0.4899738 0.8539314 -0.1752907 -0.6518985 0.7333419 0.1929714 -0.1602548 0.7434447 0.6493139 0.5114655 0.7095541 0.4847021 0.6648026 0.7408088 0.09612381 -0.02695268 0.9927948 0.116757 -0.04898303 0.8264582 0.5608634 -0.1919784 0.5701272 0.7988111 -0.9459648 1.90501e-4 -0.3242693 -0.2730039 0.00134027 -0.962012 -0.2968268 2.86182e-4 -0.9549314 0.7459002 9.26999e-4 -0.6660571 0.7501556 6.6642e-4 -0.6612612 -0.9594781 0.001966416 -0.2817763 0.9873442 0.003633737 0.1585505 0.6530216 0.006372332 0.7573125 0.2255275 -3.97352e-4 0.9742367 -0.651876 0.001081228 0.7583248 -0.9337298 0.005748152 0.3579325 -0.7414222 -0.00168085 0.6710368 0.2097749 -0.001056969 0.9777491 0.9488402 -8.82517e-4 0.3157556 0 1 0 -1.41398e-5 1 0 -9.4331e-6 1 0 0 1 -2.55015e-5 2.96255e-6 1 1.6558e-5 0 1 8.6478e-6 0 1 1.54034e-5 0 1 -9.69993e-6 0 1 -1.96337e-5 -1.12936e-6 1 -1.63299e-5 -0.9147734 0.1176136 -0.3864671 -0.4613838 0.07770043 -0.8837918 0.2172676 0.06527042 -0.9739274 0.7778587 0.0814144 -0.6231434 0.8144183 -0.1176364 -0.5682295 0.26708 -0.07781225 -0.9605277 -0.4044834 -0.09807664 -0.9092713 -0.8904143 -0.08141374 -0.4478103 0.9902729 0.1056872 0.09049743 0.6718739 0.091021 0.7350515 -0.2189627 0.1039307 0.9701824 -0.9008928 0.1495453 0.4074661 -0.9325754 -0.1205094 0.3402659 -0.2798129 -0.1603157 0.9465748 0.616148 -0.1495018 0.7733116 0.9849417 -0.08090591 0.1527882 0 1 -3.70569e-6 0 1 4.90754e-6 0 1 -5.38445e-6 0 1 5.08208e-6 0 1 -1.46123e-6 -2.71088e-4 0.9999977 0.002140104 8.98578e-4 0.9999977 -0.001961112 0.002101182 0.9999977 4.88455e-4 0 1 2.73809e-6 0 1 2.48641e-6 0 1 5.16275e-6 -0.002482771 0.9999906 -0.003587245 0.001686275 0.9999905 0.004022896 -0.004021644 0.9999906 0.001689672 0 1 -2.10196e-6 0 1 -2.25289e-6 0 1 -8.37945e-6 0 1 -2.29939e-6 0 1 1.97533e-5 0 1 5.20748e-6 0 1 2.41622e-6 0 1 1.65236e-6 0 1 -1.06857e-4 0 1 -2.00981e-5 0 1 -9.45826e-5 0 1 4.22105e-6 0 1 -4.71192e-6 0 1 6.03462e-6 0 1 -7.64119e-6 0 1 2.21738e-6 0 1 3.18972e-6 0 1 1.14887e-5 0 1 7.18871e-6 0 1 -4.07683e-6 0 1 -1.29106e-5 0 1 9.12327e-6 0 1 -1.97871e-6 0 1 1.19792e-5 0 1 -1.0496e-5 0 1 0 0 1 4.01772e-6 0 1 -4.50145e-6 0 1 8.4886e-5 0 1 -3.90742e-6 0 1 3.34008e-6 0 1 1.52006e-6 0 1 1.07274e-5 0 1 -1.03147e-5 0 1 -7.93368e-6 0 1 -6.8536e-6 0 1 -1.36219e-5 0 1 3.61269e-6 0 1 -6.83608e-6 0 1 1.16293e-5 0 1 -7.76468e-6 0 1 -1.10306e-5 0 1 -2.78001e-6 0 1 2.65942e-6 0 1 2.64356e-6 0 1 -3.29493e-6 0 1 5.46099e-6 0 1 2.86572e-6 0 1 -3.26618e-6 0 1 1.3603e-6 0 1 2.17106e-6 0 1 -1.29345e-4 0 1 -6.39404e-7 0 1 -1.36091e-6 0 1 -5.75022e-6 0 1 -3.65383e-6 0 1 -3.22459e-6 0 1 4.40881e-6 0 1 -6.3346e-6 0.9999074 0.001677274 0.01350921 0.9990226 -8.91954e-4 0.044196 0 1 -4.54672e-6 0 1 -2.72426e-6 0 1 9.06322e-6 -0.6868352 -0.001706421 0.7268112 -0.09836775 -0.004719376 0.995139 0.660119 -0.004109442 0.7511499 0.7475316 0.001437842 0.6642248 0.2018649 0.004718363 0.979402 -0.5892208 0.004341065 0.8079604 -0.9986057 0.001400291 0.05276989 -0.9981582 0.002088129 0.06062972 0.9990488 -9.94766e-4 0.04359668 0.9533971 1.92171e-4 0.3017185 0.8087201 -0.003933191 0.5881807 0.601168 -0.004398167 0.7991106 0.3082364 2.81001e-4 0.9513098 -0.4549121 -0.003048717 0.8905311 -0.6701424 -7.86599e-4 0.7422323 -0.7995636 1.83485e-4 0.6005814 -0.9241871 -8.59413e-4 0.3819391 -0.9954797 -0.003487586 0.09491115 0.1094042 -9.86871e-4 0.9939969 0.05083894 -0.004844665 0.9986951 -0.2122315 1.26618e-4 0.9772194 -0.161898 -0.02864634 0.9863917 0.005641818 0.02537667 0.9996621 -0.9862058 0.002400636 0.1655067 -0.9234532 -0.001075387 0.3837099 -0.8032392 7.44317e-4 0.5956562 -0.655075 8.68477e-4 0.7555634 -0.4836826 -7.60285e-5 0.8752436 -0.2744252 0.004397571 0.9615984 0.2981016 -0.001169383 0.9545335 0.5234433 0.003149449 0.8520547 0.7139754 0.003102064 0.700164 0.8532137 0.002681136 0.5215546 0.9565516 -0.001121163 0.2915612 0.9987067 -0.001828372 0.05081099 -0.7032039 0.4645814 -0.5382086 -0.1587 -0.2874563 -0.9445546 0.4973239 0.09809225 -0.8620017 0.8472937 0.4555263 -0.2731102 0.5966089 -0.3446013 -0.7247812 -0.2146344 -0.0906623 -0.9724776 -0.8096193 -0.5403893 -0.2291204 0.7523896 0.3198512 0.5758517 0.1553785 0.3482006 0.9244533 -0.4856534 0.2358272 0.8417401 -0.8870449 0.3624918 0.2859216 -0.7929318 -0.2553442 0.5532256 -0.2133795 -0.3132694 0.9253818 0.5987694 -0.2768438 0.7515536 0.8855622 -0.4555228 0.09098696 -0.8438532 0.3494368 -0.4071926 -0.2045617 0.4328516 -0.8779488 0.4856482 0.235788 -0.841754 0.8870258 0.3625226 -0.2859416 0.7929628 -0.255307 -0.5531983 0.2133803 -0.3133296 -0.9253613 -0.5696554 -0.4052433 -0.7150319 -0.9271075 -0.3624905 -0.09524857 0.7031675 0.4646475 0.5381991 0.1587547 -0.287477 0.9445391 -0.4973073 0.09808075 0.8620126 -0.857153 0.3988454 0.3259007 -0.5965963 -0.3445928 0.7247956 0.2147054 -0.09067678 0.9724605 0.8096678 -0.5403068 0.2291435 -0.7031832 0.4646155 -0.5382063 -0.1586763 -0.2874602 -0.9445573 0.4973161 0.09809058 -0.8620064 0.8472962 0.4555197 -0.2731136 0.5966269 -0.3446027 -0.7247657 -0.2146424 -0.0906701 -0.972475 -0.7610116 -0.6253224 -0.1727238 0.7032112 0.4645863 0.5381948 0.1587001 -0.2874534 0.9445554 -0.497307 0.09808492 0.8620123 -0.84727 0.4555537 0.2731383 -0.5966304 -0.3446449 0.7247428 0.2146462 -0.09066355 0.9724748 0.7609858 -0.6253579 0.1727088 -0.9019932 0.2029907 -0.3810555 -0.461757 -0.06703209 -0.88447 0.2172694 0.06526756 -0.9739273 0.7778598 0.08141255 -0.6231423 0.8144205 -0.1176325 -0.568227 0.2670826 -0.07781314 -0.960527 -0.4489299 -0.1099101 -0.8867817 -0.9247806 -0.3222987 -0.2022486 0.9902702 0.1056901 0.09052491 0.6718562 0.09103316 0.7350661 -0.2189843 0.1039166 0.970179 -0.8625086 0.3223311 0.390105 -0.8030028 -0.2030331 0.5603251 -0.2238863 0.08520436 0.9708838 0.616107 -0.1494538 0.7733535 0.9849379 -0.08091109 0.1528095 -0.7523661 0.3199091 -0.5758502 -0.1553336 0.3481305 -0.9244872 0.48566 0.2357628 -0.8417544 0.8870356 0.3625054 -0.2859333 0.7929646 -0.2553106 -0.5531939 0.2133399 -0.3133705 -0.9253567 -0.5987799 -0.2767614 -0.7515756 -0.8855576 -0.4555267 -0.09101223 0.7032069 0.4645733 0.5382115 0.1587674 -0.2874046 0.9445589 -0.4973018 0.09807926 0.862016 -0.8472805 0.4555433 0.2731227 -0.5966004 -0.3446258 0.7247766 0.2146893 -0.09067267 0.9724645 0.8096278 -0.5403844 0.229102 -0.9719511 0.1364321 -0.1915654 -0.2798873 0.2039508 -0.938119 0.4973234 0.09800606 -0.8620118 0.8472822 0.455538 -0.2731263 0.596608 -0.3446456 -0.724761 -0.2147232 -0.09052795 -0.9724704 -0.9409606 -0.2090201 -0.2662776 0.7524302 0.3197778 0.5758395 0.1118249 0.3931323 0.9126567 -0.6886828 0.3155673 0.6527889 -0.8144267 -0.1176285 0.568219 -0.2066272 -0.3929696 0.8960359 0.5987712 -0.2769362 0.7515182 0.8855869 -0.4554804 0.09095847 -0.9719514 0.1364299 -0.1915656 -0.2467885 0.5047976 -0.827209 0.4856503 0.2357927 -0.8417515 0.900866 0.26667 -0.3425313 0.7929514 -0.2553024 -0.5532169 0.2133792 -0.3133258 -0.9253628 -0.5561997 -0.4507703 -0.6981747 -0.9428743 0.2993123 -0.1462885 0.9019972 0.2029815 0.3810508 0.46175 -0.06702202 0.8844745 -0.2173309 0.06521445 0.9739171 -0.7778518 0.08142077 0.6231512 -0.8144389 -0.1176304 0.568201 -0.2671194 -0.07781028 0.9605169 0.4489667 -0.1098567 0.8867697 0.9248013 -0.3222175 0.2022832 -0.7032024 0.4645801 -0.5382117 -0.1586912 -0.2874447 -0.9445596 0.4973259 0.09809374 -0.8620004 0.8473075 0.4554956 -0.2731189 0.5966219 -0.3446304 -0.7247566 -0.214646 -0.09067195 -0.972474 -0.7609829 -0.6253618 -0.1727076 0.7032376 0.4645435 0.5381971 0.1587082 -0.2873839 0.9445751 -0.4973329 0.09809416 0.8619964 -0.8472977 0.4555166 0.2731137 -0.596626 -0.3445974 0.7247691 0.214635 -0.09066832 0.9724768 0.7609701 -0.6253765 0.1727105 -0.7031964 0.464576 -0.5382231 -0.1587057 -0.2874471 -0.9445564 0.4973021 0.09808588 -0.862015 0.8472961 0.4555203 -0.2731128 0.5966438 -0.3446199 -0.7247436 -0.2146363 -0.09066033 -0.9724773 -0.7609881 -0.6253588 -0.1726956 0.7032131 0.4645828 0.5381954 0.1586896 -0.2874417 0.9445608 -0.4973217 0.0980947 0.8620027 -0.847294 0.4555244 0.2731129 -0.5966107 -0.3445985 0.724781 0.2146387 -0.09066259 0.9724765 0.7609864 -0.6253589 0.1727027 -0.7524103 0.3198226 -0.5758407 -0.1118097 0.3929595 -0.9127329 0.6887279 0.3155491 -0.6527501 0.814466 -0.1176151 -0.5681654 0.2065622 -0.393105 -0.8959915 -0.598805 -0.2768353 -0.7515284 -0.8855724 -0.455504 -0.09098231 0.971947 0.1364281 0.1915894 0.2798691 0.2039024 0.938135 -0.497307 0.09808623 0.8620121 -0.8472889 0.4555206 0.2731349 -0.5965974 -0.3446136 0.7247848 0.2146857 -0.09066629 0.9724658 0.9409574 -0.2090122 0.266295 -0.8747776 0.2379123 -0.4220926 -0.2267103 -0.04310995 -0.9730077 0.497317 0.09800833 -0.8620153 0.8472685 0.4555638 -0.2731262 0.5965973 -0.3446759 -0.7247552 -0.2147254 -0.09053629 -0.9724692 -0.8376902 -0.5119937 -0.190099 0.703177 0.4646496 0.5381847 0.1587544 -0.2874811 0.9445379 -0.4973071 0.09808254 0.8620124 -0.8571479 0.398848 0.3259105 -0.5965943 -0.3445955 0.7247961 0.2146967 -0.09067445 0.9724627 0.7610383 -0.6252934 0.1727113 -0.9863008 -0.002607047 -0.1649366 -0.9200918 -0.002640902 -0.3916941 -0.7711955 -0.004417359 -0.6365832 -0.5798644 -0.003105044 -0.8147072 -0.3816417 -0.002858817 -0.924306 -0.1210724 -0.003628075 -0.992637 0.2083877 -0.003845512 -0.9780387 0.4626579 -0.002562463 -0.8865332 0.6437782 -0.001912176 -0.7652099 0.8044683 -0.003679096 -0.5939841 0.956408 -0.005469322 -0.2919825 0.9900755 0.003578066 -0.1404907 0.9330798 0.001231014 -0.3596674 0.8472265 0.002415835 -0.5312264 0.7061195 0.002184391 -0.7080893 0.564964 0.001884877 -0.8251134 0.3816518 0.002855479 -0.9243018 0.1467809 0.002014577 -0.989167 -0.06273406 0.001101851 -0.9980297 -0.2434056 0.002518653 -0.9699213 -0.470229 0.003078103 -0.8825392 -0.6889109 0.003959 -0.7248353 -0.8622183 0.003561615 -0.5065244 -0.9460191 0.001703917 -0.3241066 -0.996299 0.003125727 -0.08589953 0.9109027 0.4081723 -0.06042993 0.8468129 0.3914508 -0.3601032 0.6199672 0.5064697 -0.5992739 0.4111769 0.6004129 -0.6858848 0.1877896 0.628018 -0.7552011 -0.04303658 0.5872338 -0.8082725 -0.2444593 0.5528064 -0.7966459 -0.4610213 0.5819919 -0.6698842 -0.7455976 0.4148195 -0.5215451 -0.8334636 0.5057137 -0.2226929 -0.6124427 0.7839009 -0.1020457 -0.522139 0.8234011 -0.22222 -0.4720155 0.7907972 -0.3896681 -0.4321092 0.6668291 -0.6071414 -0.2308323 0.7964295 -0.5589425 -0.07224005 0.8030036 -0.5915797 0.1343079 0.7649038 -0.629987 0.2923431 0.7751216 -0.560109 0.4127922 0.7673879 -0.4906306 0.4375647 0.8390832 -0.3232286 0.5222621 0.8377789 -0.159276 -0.7422153 0.6113313 0.2745733 -0.6454011 0.6150917 0.4529014 -0.5530323 0.3924542 0.7349389 -0.2506238 0.4129455 0.8755934 -0.01981312 0.6125339 0.7901961 0.1740391 0.5994872 0.7812334 0.3699678 0.5146607 0.773465 0.5216162 0.5967005 0.6098074 0.6913031 0.5733423 0.4397485 0.6378279 0.7485756 0.1811363 0.5657063 0.82424 0.02459782 0.7847448 0.5679157 0.2482893 0.4808773 0.8039647 0.3498542 0.3617303 0.7987851 0.480722 0.1792486 0.8141692 0.5522667 0.03086757 0.7759419 0.6300488 -0.09869641 0.7874822 0.6083837 -0.2387584 0.8517826 0.466327 -0.4356991 0.7598463 0.4824934 -0.5442765 0.7325279 0.4088596 -0.6044913 0.7564121 0.2498623 -0.5842466 0.8096876 0.0553351 -0.8106778 0.5850982 0.02148699 0 1 -5.07627e-6 0 1 -3.37119e-5 0 1 3.92922e-5 0 1 1.9925e-5 0 1 3.1491e-5 0 1 -1.50022e-5 0 1 1.02982e-5 0 1 3.48891e-5 0 1 -1.5977e-5 0.9703385 0.004235208 0.2417135 0.3730208 0.003857433 0.927815 -0.3344994 0.006439447 0.9423741 -0.923936 0.005613565 0.3825059 -0.7414243 -0.002593755 0.6710315 0.2098029 -0.001007199 0.9777433 0.9483899 0.001299798 0.3171043 -0.9436283 8.40472e-5 -0.3310073 -0.3516201 0.004755318 -0.9361308 0.7614358 0.00139141 -0.648239 0.761234 0.00140357 -0.6484758 -0.2261127 -7.62524e-4 -0.9741008 -0.9538607 0.001279354 -0.3002473 -0.5762097 0.7927231 0.1989287 -0.2287806 0.7007995 0.675677 0.2130182 0.7994421 0.5617077 0.7014239 0.6859524 0.1935817 0.02501189 0.9959512 0.08634543 0.02509045 0.9959502 0.08633446 0.02511668 0.9959503 0.08632642 -0.0841028 0.995826 0.03545892 -0.08408677 0.9958262 0.0354914 -0.08402669 0.9958285 0.03556883 0.1999864 0.7851088 0.5861823 -0.5883264 0.7854589 0.1921625 0.599422 0.3752686 -0.7070126 0.4493176 0.8616759 -0.235857 0.4262921 0.8230086 -0.3754093 -0.2274984 0.7872723 -0.5731029 -0.6782671 0.7132325 -0.1767859 -0.0935685 0.8736264 -0.4775164 -0.09348845 0.8736919 -0.4774124 -0.09346908 0.8736303 -0.4775288 -0.2264023 0.306586 -0.9245254 -2.5862e-5 1 8.47627e-6 3.0498e-5 1 -1.23003e-4 3.35892e-6 1 3.8318e-5 -7.56196e-6 1 0 -1.41637e-5 1 0 3.15017e-5 1 -1.90833e-5 -1.13179e-5 1 0 -1.24305e-4 1 -7.54308e-5 0 1 4.93573e-5 2.65626e-6 1 0 -2.75887e-5 1 7.8046e-5 1.18643e-5 1 -1.89285e-5 3.34567e-6 1 -1.66788e-5 -1.1856e-5 1 -1.79236e-5 0.9550987 0.005244851 0.2962417 0.6709461 0.001512587 0.7415047 -0.2208894 0.004912316 0.9752865 -0.9496514 0.009249687 0.3131722 -0.3965288 -0.002054035 0.91802 0.6702111 0.001475334 0.7421691 -0.9902482 -0.006732583 -0.1391523 -0.6731885 0.004228651 -0.7394589 -0.4078551 -0.004265248 -0.9130367 0.1910259 -0.004388153 -0.9815753 0.3648425 0.003563046 -0.9310625 0.8338179 0.00353682 -0.5520283 0.9767045 -0.001249194 -0.2145848 0.9773151 -0.001259446 -0.2117865 0.9773159 -0.001309931 -0.2117828 0.9772166 -8.41784e-4 -0.212243 -0.5796304 0.7786419 0.2403026 -0.1461753 0.7370331 0.6598598 0.4011428 0.8156484 0.416896 0.606904 0.7794352 0.1553974 0.2274524 0.8764092 0.4244673 0.2272772 0.8764874 0.4243996 0.2273702 0.8764643 0.4243975 -0.9543864 0.06626892 0.2911273 0.5666571 0.4437092 -0.6942781 0.1882675 0.227238 -0.9554676 -0.1953203 0.5078781 -0.8389933 -0.6667218 0.1481667 -0.7304304 -0.8170901 0.4644717 -0.3415112 0.4988126 0.8346722 -0.2334708 0.4986845 0.8347343 -0.2335222 0.4985588 0.834843 -0.2334017 0.5340677 0.6967781 -0.4788237 0.534314 0.6967389 -0.4786059 0.5341104 0.6967452 -0.4788238 0.4793384 0.8056637 -0.3480529 -0.1431262 0.7717764 -0.6195774 -0.142656 0.7718697 -0.6195696 -0.451237 0.8835938 -0.1250889 -0.3912822 0.9074501 -0.1530777 0.02049458 0.9997891 0.00136125 0.02051651 0.9997881 0.001757383 0.02048438 0.9997889 0.001571476 1.51685e-5 1 -4.97149e-6 7.66043e-6 1 -2.44456e-5 -1.17107e-5 1 2.30702e-5 -1.95045e-6 1 0 1.08145e-5 1 1.63484e-5 -1.85892e-5 1 1.24572e-5 7.74669e-6 1 1.53055e-5 -2.68271e-5 1 -5.02621e-5 -2.26675e-5 1 0 1.15147e-5 1 8.98663e-5 2.17057e-5 1 -2.61965e-5 -1.46988e-5 1 2.34542e-5 5.99691e-5 1 7.25282e-5 -3.69589e-5 1 2.04039e-5 0.9118297 -0.006518959 0.4105168 0.9994956 0.002607226 0.031654 0.7579161 0.001229047 0.652351 0.1264907 0.00142616 0.9919668 -0.1106152 -0.007296204 0.9938365 -0.7759804 0.004989266 0.6307374 -0.943085 -0.005070626 0.3325133 -0.9887685 0.001920461 -0.1494433 -0.7487363 -3.32168e-4 -0.6628679 -0.8074612 -0.00274831 -0.5899144 -0.1370594 -0.001571536 -0.9905617 -0.1571462 -8.98856e-4 -0.9875749 0.7835649 -0.004852116 -0.6212911 0.6318327 0.001700222 -0.775103 0.9942606 0.003446757 -0.1069311 -0.677967 0.4192388 0.6038209 -0.7175011 0.3634609 0.5942124 0.2800757 0.4596804 0.8427643 0.1216813 0.2684698 0.9555719 0.7318589 0.2621828 0.6290015 0.8329102 0.3911225 0.3915147 -0.4481024 0.8745863 0.1852114 -0.4486408 0.8744416 0.1845898 -0.4480587 0.8745873 0.1853117 -0.4931113 0.7546822 0.4327771 0.1673172 0.8408688 0.5147278 0.1673069 0.8408732 0.514724 0.1673285 0.8407842 0.5148624 0.6159267 0.7729423 0.1522981 0.2406312 0.9026623 0.3567876 0.2406363 0.902655 0.3568028 0.2405858 0.9027097 0.3566985 0.7949389 0.4336565 -0.4242809 0.6227495 0.1832817 -0.7606517 -0.1461638 0.4414744 -0.885289 -0.1113012 0.4837608 -0.8680943 -0.727896 0.2352548 -0.6440673 -0.839465 0.4154549 -0.3502796 -0.9520032 0.2632715 -0.156135 -0.952015 0.2633836 -0.1558739 -0.9520035 0.2632724 -0.1561316 0.6153811 0.7617141 -0.2027263 0.615354 0.7617182 -0.2027933 0.6153317 0.7617138 -0.2028769 -0.08959656 0.8780679 -0.4700737 -0.5179561 0.830826 -0.203592 0.05713194 0.9454144 -0.3208231 0.05682092 0.9453912 -0.3209469 0.05684393 0.9453749 -0.3209908 0.02576959 0.999468 0.01999354 0 1 -3.03364e-5 -1.93524e-5 1 0 0 1 -2.16665e-5 1.33901e-5 1 2.13495e-5 4.53321e-6 1 3.35246e-5 -1.39807e-6 1 -4.00393e-5 1.80928e-5 1 3.16058e-5 -2.59402e-7 1 1.97017e-5 -1.54217e-5 1 1.49156e-5 -3.26534e-5 1 0 -1.49655e-5 1 7.62164e-5 1.6421e-5 1 -1.63545e-5 2.21768e-5 1 2.09958e-5 0.941891 -0.00496757 0.3358819 0.9976842 0.001612901 0.06799632 0.757885 0.002023577 0.652385 0.208 2.03589e-4 0.9781289 0.1264978 -0.003393948 0.9919611 -0.7851141 0.003646433 0.6193406 -0.673876 -0.002518832 0.7388402 -0.9548817 9.95389e-4 -0.2969847 -0.9930565 -0.003838419 -0.1175756 -0.5947237 -0.002502739 -0.8039264 -0.4854356 0.001677811 -0.8742709 0.2562456 -0.002380311 -0.9666088 0.5083948 0.004799544 -0.8611108 0.827546 -0.002149403 -0.5613939 0.9670371 0.003765523 -0.254608 -0.6780208 0.4191414 0.6038281 -0.7388689 0.3303169 0.587336 0.2800973 0.4597512 0.8427184 0.1216834 0.2685021 0.9555625 0.7318452 0.2621941 0.6290127 0.8345355 0.3938478 0.3852719 -0.4445664 0.8723042 0.2035833 -0.445023 0.8722121 0.2029801 -0.444489 0.8723264 0.2036571 -0.4939097 0.753385 0.434125 -0.4938399 0.7534643 0.4340665 -0.4938468 0.7534554 0.4340744 0.1759784 0.8234125 0.539466 0.6777116 0.7157185 0.1686834 0.276884 0.9073169 0.3164038 0.2769051 0.9072888 0.3164658 0.2769174 0.9072747 0.3164953 -0.005807638 -0.01008296 0.9999324 0.2688372 0.908456 0.3200536 0.2688332 0.9084604 0.3200445 0.268795 0.9084948 0.3199787 0.4516284 0.2137665 -0.8662193 -0.2828182 0.4662197 -0.8382441 -0.2828984 0.4662516 -0.8381993 -0.2827774 0.4663656 -0.8381767 -0.4662916 0.2730625 -0.8414329 -0.8617179 0.3671472 -0.3502073 -0.9160777 0.2802042 -0.286858 -0.9160805 0.2802054 -0.2868475 -0.916083 0.2803359 -0.2867117 0.6343792 0.7181121 -0.2861436 0.6343728 0.7181243 -0.2861272 0.6346149 0.7179841 -0.285942 0.4930359 0.8535104 -0.1686289 0.4929562 0.8535395 -0.1687144 0.4927801 0.8535878 -0.1689845 0.3810946 0.3395014 -0.8599452 0.3806208 0.3398836 -0.8600041 0.3804303 0.3399348 -0.8600682 9.82705e-5 0 -1 0.5082388 0.7436907 -0.4343013 0.5081596 0.7437171 -0.4343486 0.5082458 0.7436727 -0.4343239 -0.1503502 0.87645 -0.457417 -0.150365 0.8764168 -0.4574759 -0.1503471 0.8764627 -0.4573938 -0.5205066 0.831067 -0.1959608 -0.5204466 0.8311103 -0.1959365 -0.5205695 0.8310247 -0.1959729 0.01972562 0.9293477 -0.3686783 0.01972812 0.9293504 -0.3686714 0.0195086 0.9293904 -0.3685824 0.01091969 0.9997813 0.01784116 3.28969e-5 1 -6.29873e-5 1.31507e-5 1 -2.4033e-5 6.30148e-5 1 -2.47828e-5 2.28483e-6 1 0 -1.30097e-5 1 0 -3.11483e-5 1 1.53141e-5 -7.31655e-6 1 0 -4.43381e-5 1 9.8758e-5 -1.36993e-5 1 -1.51344e-5 -1.84833e-6 1 -3.55265e-5 -4.79319e-5 1 0 -7.35223e-6 1 1.46627e-5 1.93121e-6 1 3.76657e-5 -1.79937e-7 1 -3.95054e-5 2.58731e-5 1 1.95586e-5 0.9206195 -0.003875017 0.3904418 0.9990769 0.002210855 0.04290091 0.7453033 0.002388119 0.6667213 0.1871885 -0.003973901 0.982316 0.1139668 -0.001451253 0.9934836 -0.4980638 0.002131342 0.8671379 -0.7567153 -0.005733072 0.6537196 -0.9445822 0.002121806 0.3282683 -0.9466753 -0.003565907 -0.3221697 -0.9546659 -0.002699315 -0.2976672 -0.9547658 -0.002688825 -0.297347 -0.4928979 0.003314137 -0.8700808 -0.3100907 -0.00261265 -0.9507035 0.4253109 -1.82878e-4 -0.9050474 0.5104088 0.003355741 -0.8599254 0.9745487 0.002136886 -0.2241659 0.9414529 -6.23356e-4 -0.337144 -0.9116391 0.2594995 0.3187072 -0.9115552 0.2595142 0.3189353 -0.9115981 0.2593774 0.3189238 -0.6201996 0.5594517 0.5498784 -0.4742522 0.2982175 0.8283424 0.2761428 0.4820616 0.8314817 0.1085512 0.3005553 0.947567 0.7219377 0.2517607 0.6445328 0.8325852 0.3905701 0.3927556 -0.4458714 0.8765127 0.1814503 -0.4463667 0.8764074 0.1807398 -0.4458818 0.8764883 0.1815431 -0.4940122 0.7533441 0.4340791 -0.4942206 0.7533586 0.4338165 0.1685063 0.8381425 0.5187706 0.1684902 0.8381493 0.5187647 0.1685959 0.8381104 0.5187934 0.618835 0.7720148 0.1450392 0.2434526 0.9029352 0.3541738 0.2434563 0.9029299 0.3541845 0.2434081 0.9029812 0.3540871 0.4556152 0.2116947 -0.8646388 -0.283344 0.4663636 -0.8379865 -0.4773126 0.2594298 -0.8395648 -0.4769427 0.25927 -0.8398243 -0.856638 0.3811783 -0.3476703 -0.9074569 0.3055109 -0.2884182 -0.9074482 0.3055054 -0.2884517 -0.9074446 0.3056235 -0.2883378 0.6041092 0.731886 -0.3152698 0.6040253 0.7319551 -0.3152702 0.6040955 0.7319284 -0.3151974 0.5094781 0.7511877 -0.4197014 0.5094767 0.7511905 -0.4196981 0.5094832 0.751176 -0.4197161 -0.1525829 0.873386 -0.4625099 -0.1521294 0.8733829 -0.4626652 -0.5140904 0.8357185 -0.1930953 -0.5140244 0.835759 -0.1930955 -0.514165 0.835676 -0.1930805 0.0537666 0.931492 -0.3597663 0.05330598 0.931562 -0.3596536 0.05332255 0.9315788 -0.3596078 0.02025192 0.9994928 0.02457535 0 1 5.07621e-6 0 1 -2.67297e-5 0 1 3.45673e-5 0.9741433 0.004212856 0.2258917 0.67991 0.004952609 0.7332789 -0.1834331 0.004054248 0.9830239 -0.7010668 0.003174245 0.7130886 -0.7414296 9.5107e-4 0.67103 0.2097905 -0.005600094 0.9777304 0.9483914 0.001092612 0.3171005 -0.9733945 0.00399357 -0.2291009 -0.351554 0.00475645 -0.9361555 0.7614837 0.001391649 -0.6481826 0.7612752 0.001404166 -0.6484275 -0.2260228 -7.62422e-4 -0.9741218 -0.9538523 0.00127846 -0.3002737 -0.5222519 0.7142373 0.4659593 0.1861975 0.742387 0.6435776 0.6766884 0.7240302 0.1336905 0.0250076 0.9959775 0.08604449 -0.08410793 0.9958266 0.0354318 -0.08409422 0.9958266 0.03546279 -0.08379584 0.9958571 0.03531235 0.2047213 0.7736819 0.5995878 -0.5316196 0.8287762 0.1746732 0.2331628 0.5701148 0.7877845 0.5994265 0.375306 -0.706989 0.4493374 0.8616713 -0.2358358 0.4496511 0.8616051 -0.2354794 0.4495232 0.8616506 -0.2355571 0.4263169 0.8230096 -0.375379 -0.2275123 0.7872862 -0.5730783 -0.7094442 0.6918758 -0.1341525 -0.09356367 0.8736296 -0.4775116 -0.09353691 0.873691 -0.4774044 -0.09355688 0.8736174 -0.4775352 -0.226386 0.3064779 -0.9245651 0 1 5.51306e-6 0 1 3.99928e-5 4.95166e-5 1 3.15796e-5 -1.09965e-5 1 -1.09181e-5 -7.17225e-6 1 2.28867e-5 -1.29243e-5 1 0 -3.45175e-5 1 -3.33493e-5 2.43312e-5 1 0 -1.02118e-5 1 5.29546e-5 7.0177e-6 1 1.19478e-5 4.00706e-5 1 -1.64442e-5 -1.05914e-5 1 0 -5.34121e-7 1 1.77562e-5 8.8777e-6 1 -3.07534e-5 3.77913e-5 1 7.79656e-5 0.9145517 -0.00669682 0.4044137 0.9976935 0.001612782 0.06786143 0.6941387 0.003739655 0.7198316 -0.3022256 0.003601551 0.9532296 -0.04330503 -0.005218803 0.9990483 -0.7474799 -0.003661692 0.6642743 -0.9448227 0.002900719 0.3275694 -0.9399418 7.32029e-4 -0.3413342 -0.9930539 -0.003993511 -0.117593 -0.5947508 -0.002502799 -0.8039063 -0.4854357 0.001678824 -0.8742708 0.2562306 -0.002380609 -0.9666128 0.5083906 0.004799664 -0.8611133 0.8275236 -0.002148568 -0.5614271 0.9670403 0.003765761 -0.2545955 -0.9152018 0.245974 0.3192217 -0.9151589 0.2459438 0.3193681 -0.9151582 0.2459437 0.3193701 -0.6142159 0.5714018 0.5442785 -0.3001264 0.1169038 0.9467089 0.2647216 0.540748 0.7984448 0.67963 0.2094962 0.7030039 0.8344938 0.3938915 0.3853175 -0.4537153 0.8653383 0.212913 -0.4542552 0.865232 0.2121927 -0.45366 0.8653367 0.2130379 -0.5170167 0.7252219 0.4546944 0.1824547 0.8092341 0.5584359 0.6777042 0.7157254 0.1686843 0.3877595 0.8765211 0.2852252 0.3877846 0.8765234 0.2851841 0.3876295 0.8766198 0.2850987 -0.00583291 -0.01010632 0.9999319 -0.01469188 0.9980245 0.06108582 -0.01398056 0.9980292 0.06117594 -0.01435267 0.9980168 0.06129097 0.2362138 0.876091 0.4203186 0.2362617 0.8760372 0.4204037 0.2361966 0.8761671 0.4201697 0.4515957 0.2137803 -0.8662328 -0.2833878 0.4663315 -0.8379895 -0.4663007 0.2730313 -0.8414378 -0.8617247 0.367154 -0.3501836 -0.8863847 0.330726 -0.3239485 -0.8863279 0.3308593 -0.3239677 -0.8863985 0.3307328 -0.3239039 0.5829694 0.7627674 -0.2798798 0.4723262 0.8184 -0.3273067 0.4724245 0.8183498 -0.3272902 0.4724229 0.8183496 -0.3272929 0.6025867 0.533173 -0.5938147 0.6022801 0.533392 -0.5939289 0.6024921 0.533191 -0.5938946 0.2178825 0.9730159 -0.07594335 0.2179205 0.9730188 -0.07579565 0.2181211 0.9729991 -0.07547229 9.88924e-5 0 -1 0.5111991 0.7235358 -0.4638658 0.5114212 0.7234399 -0.4637706 0.5111829 0.7235566 -0.4638513 -0.1853782 0.809408 -0.5572196 -0.4993844 0.8461273 -0.1862363 0.01942533 0.9989166 -0.04228693 0.01887011 0.998917 -0.04252964 0.01916891 0.9989136 -0.04247778 -0.2584592 0.8976684 -0.3569177 -0.2585296 0.8976288 -0.3569667 -0.2583703 0.8977084 -0.3568817 4.59063e-5 1 -5.01531e-6 -8.33866e-5 1 1.20954e-4 8.53596e-5 1 -6.23673e-5 2.36364e-5 1 1.25774e-4 -7.81546e-5 1 -5.90767e-5 -7.7568e-5 1 -2.95441e-5 -9.05771e-6 1 6.88179e-5 6.33066e-5 1 -1.55616e-5 -3.73902e-7 1 -4.51271e-5 1.40177e-5 1 1.49742e-5 0 1 1.5978e-5 0 1 1.98311e-5 0.9722203 0.001901447 0.2340598 0.2642019 0.001230418 0.9644667 -0.6580435 0.00110048 0.7529791 -0.9470219 0.006750822 0.3210983 -0.7497763 -0.00176227 0.6616892 0.209769 -0.001060068 0.9777505 0.952369 -0.001065254 0.304946 -0.9523667 -0.004789233 -0.3049178 -0.7858878 0.002734065 -0.6183632 -0.1508023 6.98566e-4 -0.9885638 -0.3006443 -0.004496395 -0.9537258 0.7510338 -0.003121256 -0.6602564 0.6848208 7.77993e-4 -0.7287111 -0.9545322 0.1798211 0.2377665 0.2635904 0.06740432 0.9622769 0.9717139 0.04028648 0.2327002 -0.6172225 0.7562051 0.2172337 -0.6172112 0.7562034 0.217271 -0.6172297 0.756205 0.2172134 -0.1811785 0.8493972 0.4956801 0.4949181 0.7370072 0.4603006 0.4950267 0.7369697 0.4602438 0.4950355 0.7367877 0.4605256 -0.1830201 0.8485753 0.4964109 -0.1830028 0.8485774 0.4964136 -0.1830604 0.8486658 0.4962411 0.626345 0.5220574 0.5789197 -0.2286341 0.5370779 0.8119568 0.7760463 0.5373178 -0.3302148 0.675255 0.1760312 -0.7162707 -0.1420148 0.4258109 -0.8935977 -0.1169982 0.4563605 -0.8820695 -0.7640662 0.2300733 -0.6027183 -0.8253577 0.446814 -0.3451697 -0.825183 0.4469366 -0.3454286 -0.8252288 0.4468126 -0.3454796 0.4885476 0.8595117 -0.1502027 0.4885113 0.8595165 -0.1502939 0.4887917 0.8593452 -0.1503618 -0.07513487 0.912198 -0.4028024 -0.6056152 0.7660403 -0.2154358 -0.6057249 0.7659456 -0.215464 -0.6056174 0.7660371 -0.2154412 0.001709103 0.999973 -0.007150709 -0.4674865 0.5270087 -0.7097312 -0.4673368 0.5274011 -0.7095383 -0.4674897 0.5274683 -0.7093875 0.4620366 0.8726836 -0.1579422 -7.8718e-5 1 3.09599e-5 0 1 -3.21367e-5 0 1 4.00765e-5 -7.03601e-7 1 5.72988e-5 -1.1813e-5 1 -2.79018e-5 1.76061e-5 1 3.80339e-5 -4.83929e-5 1 1.58608e-5 -2.79271e-5 1 1.70136e-5 8.00618e-6 1 0 -1.68584e-5 1 -6.21125e-5 2.58735e-5 1 3.91152e-5 -2.75975e-5 1 4.52383e-5 0.9382175 -0.004943549 0.346011 0.8117117 0.002652823 0.5840523 0.2079831 2.02235e-4 0.9781324 0.126503 -0.003394365 0.9919605 -0.7709903 0.002554476 0.6368418 -0.6814926 -0.00253731 0.7318207 -0.9640015 -0.002573609 -0.2658845 -0.2732853 -1.83753e-4 -0.961933 -0.2325514 0.001753926 -0.9725825 0.3577934 0.004626393 -0.9337894 0.7525406 -0.006838798 -0.6585105 0.9663035 0.004333853 -0.2573688 -0.9708994 -0.001380801 -0.2394843 -0.6780263 0.4191846 0.603792 -0.7125772 0.3707335 0.5956429 0.2800711 0.4596899 0.8427606 0.121688 0.2684935 0.9555644 0.7889474 0.2202491 0.573631 0.8404569 0.4227448 0.3389974 -0.4565885 0.8617192 0.2212848 -0.4571256 0.8616081 0.2206073 -0.4565236 0.8617159 0.2214314 -0.5170334 0.7252097 0.4546947 0.1822008 0.809044 0.5587942 0.1824212 0.8092511 0.5584222 0.1822754 0.8090143 0.5588127 0.601395 0.7722302 0.2049014 0.2778715 0.9070928 0.3161808 0.2779807 0.9070423 0.3162291 0.2779126 0.9070325 0.3163175 -0.3230082 -0.5582192 0.7642363 0.009555518 0.9987034 0.05000287 0.2691084 0.9084424 0.3198645 0.2690932 0.9084582 0.3198323 0.2690683 0.9084801 0.319791 0.9542375 0.1507895 -0.2582506 0.9543016 0.1509794 -0.2579026 0.9542591 0.1508163 -0.2581551 0.5942235 0.5953224 -0.5408234 -0.3301464 0.2706137 -0.9043073 -0.8829431 0.327588 -0.3362998 -0.9399027 0.2155607 -0.2647955 -0.9399204 0.2156084 -0.2646935 -0.9398964 0.2155543 -0.2648229 0.5000054 0.8655905 -0.02734398 0.4999349 0.8656283 -0.02743756 0.4997991 0.865698 -0.02771133 0.5478613 0.7300088 -0.4085771 0.5474725 0.7302575 -0.4086537 0.5473283 0.7303574 -0.4086685 0 0 -1 0.5267543 0.6887098 -0.4982056 -0.08063477 0.8600649 -0.5037722 -0.5377685 0.8123935 -0.2254371 -1.62492e-4 0.8832649 -0.4688745 5.70216e-5 0.8832939 -0.4688199 1.02723e-4 0.8832936 -0.4688203 1.31499e-5 1 -2.40331e-5 1.80485e-6 1 3.94523e-5 -1.62385e-5 1 0 6.239e-5 1 -7.84906e-5 -1.30092e-5 1 -1.96668e-5 1.47585e-6 1 0 2.95441e-5 1 4.80959e-5 -1.36987e-5 1 -1.51334e-5 -3.11472e-5 1 2.0418e-5 -7.3165e-6 1 0 3.36987e-6 1 2.55698e-5 -4.04959e-5 1 -3.09904e-5 3.10486e-5 1 -2.08096e-5 -7.35211e-6 1 3.22572e-5 0.920597 -0.003874957 0.3904949 0.9981398 0.001905441 0.06093734 0.7453266 0.002386868 0.6666952 0.1871879 -0.003972887 0.9823161 0.1139822 -0.001451015 0.9934818 -0.4980615 0.002130448 0.8671392 -0.7567015 -0.005734026 0.6537355 -0.9445844 0.002120971 0.3282622 -0.9466888 -0.003567218 -0.3221298 -0.9546986 -0.002698421 -0.2975625 -0.4929247 0.003315329 -0.8700657 -0.3100913 -0.002612709 -0.9507032 0.425285 -1.82883e-4 -0.9050596 0.5104205 0.003356635 -0.8599185 0.9716659 0.00184524 -0.2363514 0.9414337 -6.23636e-4 -0.3371977 -0.9115672 0.2596856 0.3187612 -0.9115862 0.2594424 0.3189051 -0.9115248 0.2596218 0.3189341 -0.6202224 0.559448 0.5498565 -0.4744557 0.2984169 0.8281542 -0.4744703 0.2983994 0.8281521 -0.4745476 0.2982342 0.8281673 0.2761301 0.4820643 0.8314843 0.1085678 0.3005778 0.947558 0.7219941 0.2517717 0.6444655 0.8345941 0.3939818 0.3850079 -0.4641583 0.850969 0.2457824 -0.4644573 0.85098 0.2451784 -0.4641133 0.8509922 0.2457867 -0.5170199 0.7252122 0.4547062 0.182414 0.8092327 0.5584513 -0.002835571 -0.004797875 0.9999845 0.6755038 0.7175344 0.169821 0.2921259 0.903829 0.312659 0.2921427 0.903814 0.3126868 0.2921214 0.9038333 0.3126509 -1.97161e-4 0 1 0.006555199 0.9982765 0.0583195 0.006642341 0.998274 0.05835223 0.006566405 0.9982763 0.05832225 0.2668677 0.9064989 0.3271722 0.2667437 0.9065093 0.3272444 0.2669658 0.9065405 0.3269766 0.45563 0.2116826 -0.864634 -0.2833384 0.4663694 -0.8379851 -0.477334 0.2594025 -0.8395611 -0.8565927 0.3812537 -0.3476992 -0.9073541 0.3058494 -0.2883831 -0.9072441 0.3061663 -0.2883928 0.5823367 0.7614117 -0.2848446 0.4722674 0.8184255 -0.3273275 0.4722954 0.8184315 -0.327272 0.4723303 0.818404 -0.3272903 0.6024447 0.534056 -0.5931649 0.6021431 0.5341915 -0.5933491 0.6023609 0.5340655 -0.5932416 0.3477551 0.9157547 -0.2011458 0.347831 0.9157157 -0.2011925 0.3477433 0.9157528 -0.2011755 0.5144497 0.7220331 -0.462612 0.5144805 0.7219793 -0.4626618 0.5144332 0.7220554 -0.4625955 -0.1849248 0.8093201 -0.5574978 -0.1850374 0.809363 -0.5573982 -0.1848934 0.809247 -0.5576144 -0.4940988 0.849573 -0.184641 -0.4940817 0.849607 -0.1845299 -0.4941544 0.8495374 -0.1846554 2.41964e-4 0.9983431 -0.05754142 4.14339e-4 0.9983391 -0.05760926 4.01934e-4 0.998329 -0.05778461 -0.2648538 0.9039004 -0.3358819 -2.58594e-5 1 1.69509e-5 3.04983e-5 1 -1.23003e-4 3.35892e-6 1 3.83181e-5 -1.41637e-5 1 4.51967e-5 -1.13179e-5 1 0 -1.24304e-4 1 -7.54304e-5 3.15019e-5 1 -3.18056e-5 -7.56194e-6 1 -2.49466e-5 2.65688e-6 1 -2.22256e-5 -2.75885e-5 1 6.50383e-5 3.34564e-6 1 -1.66785e-5 1.18642e-5 1 -1.89285e-5 -1.18559e-5 1 -1.79234e-5 0.9550963 0.00524497 0.2962493 0.6709412 0.001512229 0.741509 -0.2208933 0.004912197 0.9752857 -0.9496514 0.009249746 0.3131724 -0.3965283 -0.002053976 0.9180202 0.6702154 0.001475334 0.7421653 -0.990248 -0.006732761 -0.1391527 -0.6731883 0.004228591 -0.7394591 -0.4078551 -0.004265308 -0.9130367 0.1910254 -0.004387378 -0.9815754 0.3648362 0.003562986 -0.931065 0.8338302 0.003535747 -0.5520099 0.976693 -0.001249611 -0.2146375 0.9773315 -0.001239359 -0.2117112 0.9773327 -0.001305282 -0.2117056 0.9772135 -7.4738e-4 -0.2122579 -0.5796291 0.7786431 0.240302 -0.1461775 0.7370324 0.6598602 0.4011373 0.8156443 0.4169093 0.606911 0.7794301 0.1553958 0.2272706 0.8764579 0.424464 0.2271385 0.8765151 0.4244168 0.2272781 0.8764809 0.4244125 -0.954383 0.0662586 0.291141 0.5666909 0.4437289 -0.6942378 0.1882702 0.2272366 -0.9554674 -0.195325 0.5078931 -0.8389832 -0.6667122 0.1481709 -0.7304384 -0.8170909 0.4644806 -0.3414974 0.4987273 0.8346936 -0.2335758 0.4987022 0.8347205 -0.2335331 0.4987826 0.8347237 -0.2333502 0.5340443 0.6967868 -0.478837 0.5342782 0.6967797 -0.4785865 0.5340595 0.6967881 -0.4788181 0.4793704 0.8056584 -0.3480212 -0.1431268 0.7717743 -0.61958 -0.1426566 0.7718675 -0.6195721 -0.451236 0.8835945 -0.1250879 -0.3912837 0.9074492 -0.1530788 0.02049452 0.9997891 0.001333057 0.02051645 0.9997881 0.00172913 0.02048432 0.999789 0.001543223 -2.63094e-5 1 -5.25572e-5 3.74406e-6 1 -7.13777e-5 9.36536e-5 1 0 1.19942e-5 1 -1.03741e-4 1.58923e-5 1 -5.84985e-5 -6.16343e-5 1 -1.35039e-4 -1.07874e-4 1 -7.75661e-5 -9.06453e-5 1 -4.68489e-5 7.54131e-5 1 -2.16748e-5 1.3053e-4 1 -4.28801e-5 1.06424e-4 1 -1.17258e-4 4.32587e-5 1 -3.2119e-5 -9.10784e-5 1 1.21039e-5 -1.27147e-4 1 9.5683e-5 1.77393e-5 1 -5.66982e-5 -2.76406e-5 1 -4.6728e-5 -6.8475e-5 1 -1.10386e-4 -5.47786e-5 1 -1.2232e-4 -7.94764e-5 1 -2.94585e-5 4.65572e-5 1 -2.89753e-5 -1.31128e-4 1 -8.4266e-6 -2.8874e-5 1 5.77276e-5 7.01454e-5 1 -1.82712e-5 -1.3425e-4 1 -2.45406e-5 -6.17577e-5 1 1.62718e-5 1.02131e-4 1 5.07009e-5 6.7274e-5 1 4.62631e-5 1.49143e-5 1 -5.67335e-5 -6.34017e-5 1 2.14801e-5 3.2789e-5 1 5.11108e-5 8.49285e-5 1 8.07169e-5 9.70597e-5 1 3.07778e-6 -1.04587e-4 1 5.06063e-5 -8.94979e-5 1 1.4926e-4 3.19807e-5 1 3.13392e-5 -1.83928e-5 1 5.58337e-5 -1.39608e-5 1 1.13443e-4 6.18028e-6 1 3.69541e-5 9.26453e-5 1 2.44388e-5 4.78107e-5 1 8.47685e-5 -1.53699e-5 1 1.16024e-4 1.89195e-5 1 2.72802e-5 6.77659e-6 1 3.11311e-5 3.36914e-5 1 7.97213e-5 0.6393947 0.7671414 -0.05166 0.6789242 0.6953399 -0.2357212 0.7181092 0.5220435 -0.4602063 0.5173683 0.6219134 -0.5878383 0.3936969 0.5382992 -0.7451422 0.1948716 0.5809749 -0.7902489 0.005533456 0.4019544 -0.915643 -0.2439401 0.4804349 -0.8424226 -0.4646507 0.4875913 -0.739158 -0.6610103 0.4977908 -0.5614889 -0.8170013 0.4561181 -0.3527963 -0.7976756 0.5853133 -0.1453346 -0.6012852 0.7981305 -0.03799915 -0.5486727 0.8178161 -0.1735945 -0.4581922 0.8240022 -0.3332871 -0.3598597 0.8154539 -0.4533609 -0.2536373 0.8070563 -0.5332245 -0.09241628 0.8451864 -0.5264214 0.08519458 0.8190477 -0.5673649 0.2284694 0.8122348 -0.5367276 0.401247 0.7709583 -0.4945952 0.467311 0.8112621 -0.3513892 0.5896697 0.7771025 -0.2200035 0.6934248 0.7188782 -0.04874759 -0.8421817 0.5382093 0.03257167 -0.8242667 0.5097163 0.2465235 -0.7236136 0.5267124 0.4460465 -0.6026548 0.493332 0.6272407 -0.4049931 0.6279527 0.6645722 -0.2601645 0.5629343 0.7844867 -0.02106511 0.4402948 0.8976061 0.2506499 0.4335848 0.8655512 0.4969947 0.3577322 0.7905846 0.6333155 0.5367989 0.5574572 0.7786478 0.4811949 0.4026899 0.8481515 0.5044748 0.161692 0.5129008 0.8466274 0.1419686 0.4944889 0.807447 0.3217298 0.370007 0.8363062 0.4045823 0.2081664 0.852549 0.479403 0.05812102 0.8281162 0.5575351 -0.07709485 0.8105811 0.5805296 -0.2333256 0.7725949 0.5904712 -0.3441753 0.8006414 0.4904252 -0.4446861 0.8203764 0.3594955 -0.5332678 0.8070375 0.253606 -0.5665904 0.8167168 0.1093115 -0.9992451 -0.006106972 0.03836679 -0.9505997 -0.02101546 0.3097073 -0.8564819 0.005708932 0.5161455 -0.735854 -0.02822744 0.6765516 -0.6070199 -0.03339719 0.7939847 -0.4290137 -0.04684382 0.9020826 -0.2062872 -0.05375945 0.9770136 -0.007255196 0.04755836 0.9988422 0.2595725 -0.01078307 0.9656634 0.4854547 -0.0349363 0.8735636 0.7067791 -0.05002129 0.7056636 0.8439214 -0.02974027 0.5356421 0.9238268 -0.03954052 0.3807633 0.9818643 0.02251237 0.1882444 0.9820109 0.02441507 0.1872395 0.8872142 0.04859316 0.4587917 0.7499706 0.04111021 0.6601926 0.531478 0.05359065 0.8453752 0.2780559 0.02451127 0.9602522 -0.02346175 0.01180535 0.9996551 -0.3141233 0.06178057 0.9473699 -0.5199758 0.03943616 0.8532703 -0.6923414 0.03847831 0.7205435 -0.8510593 0.02220559 0.5246 -0.9578244 0.02273273 0.286454 -0.9992379 -0.005633831 0.03862661 0.9987891 -0.02763545 -0.04070103 0.9504762 -0.02341866 -0.3099137 0.8474544 -0.008567869 -0.530799 0.6747174 -0.01013123 -0.7380066 0.5208369 -0.02368068 -0.8533278 0.3322823 -0.05206167 -0.9417421 0.09474468 -0.04316228 -0.9945655 -0.1147283 -0.04922616 -0.9921765 -0.2854767 0.03893226 -0.9575946 -0.4630408 -0.02823269 -0.8858873 -0.6096906 -0.0395528 -0.7916521 -0.7128285 0.00270617 -0.7013333 -0.8497222 -0.02558177 -0.5266097 -0.9207864 0.02213883 -0.3894384 -0.9820299 -0.007401227 -0.1885803 -0.9837905 0.006726861 -0.179196 -0.9180132 0.008298397 -0.396463 -0.759101 0.08961927 -0.6447745 -0.5313564 0.05746179 -0.8451973 -0.2780531 0.02451592 -0.9602529 0.00600028 0.05214887 -0.9986213 0.2391629 0.05191433 -0.9695907 0.4667382 0.04269802 -0.8833643 0.6606019 0.02088618 -0.7504459 0.8418835 0.01043856 -0.5395585 0.9446734 0.007670104 -0.3279231 0.9960352 0.03797882 -0.08044624 -0.4962011 0.8629365 0.09552508 -0.4314415 0.8451105 0.3156686 -0.2575684 0.8985427 0.3553583 -0.124141 0.8457674 0.518909 -0.1241765 0.845938 0.5186222 0.04729527 0.9479891 0.3147696 0.1337943 0.9337933 0.3318571 0.2830651 0.8930013 0.3498899 0.4780206 0.8299546 0.2875269 0.4698383 0.8769609 0.1009537 -0.9873815 0.08241021 0.135227 -0.9030867 0.2171447 0.3705167 -0.797931 0.2361104 0.5545793 -0.6619952 0.1670262 0.7306604 -0.3978751 0.4650915 0.7908131 -0.2551221 0.2303508 0.9390695 -0.0329625 0.5187141 0.8543121 0.1512935 0.1487789 0.9772284 0.3939099 0.1029927 0.9133607 0.6453118 0.07309067 0.7604147 0.8169117 0.1910236 0.5442109 0.9456789 0.1417374 0.2925783 0.9923565 0.1139206 0.04744052 0.8346657 0.52731 0.1589886 0.7855985 0.5272328 0.323822 0.7907676 0.3504211 0.5018882 0.5895901 0.5532618 0.5884598 0.3935139 0.5859251 0.7084057 0.2104676 0.5860136 0.7824906 -0.007033169 0.284032 0.958789 -0.1776983 0.5093113 0.8420365 -0.4109058 0.2912294 0.8639108 -0.5196912 0.5176158 0.6797021 -0.6409317 0.4918171 0.5893408 -0.7395054 0.5044878 0.4456726 -0.7855081 0.5633929 0.2560575 -0.8242786 0.5653148 0.03136932 0.241236 0.9703973 0.01159685 0.2815239 0.9556006 0.08701688 0.2925102 0.936186 0.1949195 0.2326714 0.9331359 0.2740833 0.1849064 0.8842441 0.4288613 0.04775303 0.9498909 0.3089126 -0.009360373 0.9696246 0.2444192 -0.1026509 0.9202609 0.3776012 -0.1109951 0.968965 0.2208775 -0.1821813 0.9625025 0.2009947 -0.3410531 0.9096701 0.2370299 -0.2268025 0.9694817 0.09309041 -0.3175636 0.9472375 0.04352486 0.4750043 0.8758118 -0.08558553 0.2950883 0.9361282 -0.1912774 0.2752161 0.8891927 -0.3655031 0.06682747 0.9839199 -0.1656381 0.01613408 0.9358574 -0.3520098 -0.1539386 0.8821064 -0.445187 -0.4168417 0.7439297 -0.5223138 -0.2583957 0.955728 -0.1407683 -0.2584553 0.9557024 -0.1408328 -0.2585664 0.9556862 -0.1407383 -0.7920143 0.5850676 -0.1743831 0.9523557 0.1240988 -0.2786003 0.815287 0.03334939 -0.578096 0.5684523 0.03909444 -0.8217869 0.2835209 0.1555666 -0.9462637 0.03717392 0.2683198 -0.9626124 -0.1470026 0.276942 -0.9495754 -0.373523 0.177652 -0.9104506 -0.5510995 0.2600944 -0.7928684 -0.7156935 0.256851 -0.6494694 -0.7939789 0.2776206 -0.5408552 -0.9190533 0.2171043 -0.3289481 -0.9758834 0.1863963 -0.1136136 -0.8469557 0.5062291 -0.162476 -0.7995025 0.4964452 -0.3381391 -0.5406762 0.4633938 -0.7020937 -0.4016338 0.4984056 -0.7682982 -0.2440491 0.5197275 -0.8187329 -0.1031 0.4414495 -0.8913432 0.08028721 0.5313668 -0.8433287 0.2920442 0.4794782 -0.8275331 0.4757381 0.4077242 -0.7793808 0.5384947 0.6023246 -0.5892611 0.7426414 0.4818789 -0.4650555 0.8725039 0.3969306 -0.2849262 0.8100301 0.5855485 -0.03137534 -0.3252149 0.9448795 -0.03792142 -0.29152 0.9508627 -0.1042901 -0.3117181 0.9312138 -0.1888723 -0.2317376 0.9427483 -0.2398405 -0.2127867 0.9278812 -0.3061998 -0.1221737 0.9468144 -0.2976846 -0.03827095 0.9680807 -0.2476996 0.01449882 0.9260159 -0.3772059 0.08130979 0.959048 -0.271322 0.08138626 0.9589131 -0.2717756 0.1735427 0.9523177 -0.2509464 0.5695993 0.7158816 -0.4038197 0.2277209 0.9714453 -0.06661343 1.65786e-4 1 1.0809e-4 -5.72859e-5 1 -2.4538e-4 1.16996e-4 1 2.45568e-4 7.50082e-4 0.9999997 2.4849e-4 -0.0182386 0.9998078 0.007197856 4.79491e-4 0.9999998 3.22845e-4 0.06300026 0.9977474 -0.02304548 1.24034e-4 1 4.41435e-4 -1.80939e-4 1 -2.68283e-4 -0.01406896 0.9998766 -0.007007479 -0.003250122 0.9999947 2.44261e-4 0.007698416 0.9999597 -0.004633307 -6.18882e-4 0.9999998 4.32467e-4 0.0186963 0.9998251 -5.11502e-4 -7.63006e-4 0.9999995 6.63287e-4 0.008102536 0.9993995 -0.03369224 -0.004470109 0.9999893 0.001201927 4.35285e-4 0.9999999 -3.8877e-4 -0.012636 0.9998655 -0.01045501 -5.74673e-4 0.9999999 -1.39692e-4 0.0136677 0.9998148 -0.01354813 0.007276356 0.9999298 0.009362876 -3.23146e-4 1 -7.24311e-5 -0.005272805 0.9999802 0.003436207 -0.004817545 0.9993864 0.03469449 0.004607856 0.9999547 0.008332669 -2.08955e-4 1 -3.04905e-4 0.1121207 0.7209864 -0.6838185 0.2495792 0.7190715 -0.6485726 0.3591232 0.7249815 -0.5877349 0.5248864 0.7419657 -0.4171105 0.6354743 0.7348165 -0.2371016 0.6771959 0.7338944 -0.05296099 0.67578 0.7333425 0.07436484 0.6380209 0.725362 0.258417 0.5494304 0.7253212 0.4147714 0.410741 0.7374467 0.536157 0.237482 0.7338086 0.6364962 0.06021136 0.7193347 0.6920492 0.03904694 0.7016528 0.7114484 0.176984 0.6890268 0.7027936 0.3310552 0.6747596 0.6596226 0.4962698 0.6807443 0.5387983 0.5842796 0.7020701 0.407081 0.6520174 0.6983639 0.2952309 0.709681 0.6899399 0.1426039 0.7081133 0.7060177 0.01070034 0.7181344 0.6813643 -0.1415122 0.665437 0.6711235 -0.3267828 0.5368406 0.677143 -0.5032689 0.367117 0.7184219 -0.5908427 0.2324849 0.6945729 -0.6808225 0.05562561 0.6798077 -0.7312778 -0.07561081 0.7397278 0.6686448 -0.257825 0.7272079 0.6361564 -0.3522874 0.7355759 0.5786378 -0.5163748 0.7196644 0.4641554 -0.6055742 0.7288556 0.3194519 -0.6617813 0.7173009 0.2180024 -0.7136778 0.6987466 0.04916512 -0.6886333 0.7073665 -0.1594269 -0.5840501 0.7348957 -0.344694 -0.5032153 0.7254087 -0.4696347 -0.3543965 0.7340136 -0.5793335 -0.1631671 0.733038 -0.660327 -0.03411883 0.7334036 -0.6789367 -0.132229 0.6986116 -0.7031766 -0.3120872 0.6786438 -0.664864 -0.4443889 0.685948 -0.5761893 -0.5515902 0.695522 -0.4604318 -0.6565093 0.6839477 -0.3181369 -0.6785025 0.719422 -0.1485474 -0.7099655 0.7023478 0.05154246 -0.6680839 0.7070094 0.2319517 -0.612542 0.6984814 0.3700217 -0.5301933 0.7102517 0.4630741 -0.4428433 0.6836525 0.5800942 -0.3038244 0.7048006 0.6410514 -0.1570137 0.6789816 0.7171686 0.05854904 0.001467943 0.9982836 0.2397111 -4.05197e-4 0.9708443 0.4439752 -6.4567e-4 0.8960388 0.673576 -8.11987e-4 0.7391176 0.8177846 -5.05982e-4 0.5755244 0.9089915 -4.465e-4 0.4168145 0.9794183 -6.35747e-4 0.2018402 0.9998049 -4.05646e-4 0.01974934 0.9821001 -5.99736e-4 -0.1883587 0.911002 -6.35945e-4 -0.4124015 0.8154439 -0.008273005 -0.5787771 0.6514198 -0.008817017 -0.7586663 0.4406986 -0.006935834 -0.8976284 0.2442306 -0.005285739 -0.9697028 0.0633881 0.004229903 -0.9979801 0.07584595 7.35528e-4 -0.9971193 0.3231076 0.006934583 -0.9463368 0.5277821 0.007856428 -0.8493435 0.7295393 0.01036536 -0.6838603 0.8975704 0.006380319 -0.440825 0.9811246 6.8524e-4 -0.1933755 0.9998864 5.06021e-4 0.01506912 0.980386 4.46971e-4 0.1970867 0.9110019 6.3594e-4 0.4124017 0.8204685 4.05174e-4 0.5716917 0.6774177 6.46296e-4 0.7355983 0.4486364 8.12292e-4 0.8937141 0.2442467 5.05365e-4 0.969713 0.05466425 4.88291e-4 0.9985048 -0.1882404 -7.85435e-4 -0.9821227 -0.4516303 -0.003079533 -0.8921999 -0.6138415 0.00143367 -0.7894281 -0.7644294 -5.99493e-4 -0.6447072 -0.8976487 -6.8593e-4 -0.4407112 -0.9757555 -6.47123e-4 -0.2188628 -0.9977508 -8.63512e-4 0.06702673 -0.9463598 -6.85376e-4 0.3231142 -0.8583864 -5.05709e-4 0.5130037 -0.7562122 -4.0516e-4 0.6543263 -0.5968212 -6.46491e-4 0.802374 -0.3608235 -0.006365656 0.9326125 -0.1673434 -0.003694951 0.9858918 -0.2137813 0.006024599 0.976863 -0.4282662 0.006650745 0.9036281 -0.6067906 -0.004142284 0.7948511 -0.7531423 5.06211e-4 0.6578576 -0.8559775 4.05036e-4 0.517013 -0.9446969 5.9929e-4 0.3279443 -0.9973784 7.84432e-4 0.07235962 -0.9768828 8.12285e-4 -0.2137742 -0.8998902 5.99388e-4 -0.4361161 -0.7677158 6.86031e-4 -0.6407902 -0.6107196 5.52599e-4 -0.7918468 -0.4248781 0.003894805 -0.9052423 -0.1848061 -0.001862943 -0.9827733 0.1158041 -0.7495224 0.6517711 0.252673 -0.7525906 0.6080821 0.3758167 -0.792525 0.4802771 0.5172634 -0.7899793 0.3291981 0.6166195 -0.7698487 0.1646615 0.6864864 -0.7267765 0.02307534 0.6891531 -0.7119871 -0.134693 0.5652047 -0.7705106 -0.2947156 0.4766343 -0.7665413 -0.4303885 0.399008 -0.7474066 -0.5312025 0.2314627 -0.7853519 -0.5741493 0.02092647 -0.7943553 -0.6070929 0.04315745 -0.7334052 -0.6784205 0.1936936 -0.6090074 -0.7691507 0.3337618 -0.6529925 -0.6798559 0.505426 -0.630919 -0.5886306 0.6330636 -0.6303959 -0.4492567 0.6771076 -0.6689797 -0.3065806 0.680425 -0.7211096 -0.1304712 0.7120609 -0.7019762 0.01409757 0.7274745 -0.6695702 0.1498556 0.7139452 -0.6189253 0.3274351 0.5798116 -0.7052315 0.4080038 0.5289261 -0.6192503 0.5803157 0.3474576 -0.6223729 0.7013739 0.1792888 -0.663615 0.7262718 0.04483366 -0.6443623 0.7634051 -0.184903 -0.8235793 -0.5362163 -0.4091227 -0.7541974 -0.5136197 -0.5244329 -0.7508488 -0.4014927 -0.5974714 -0.7609302 -0.2530083 -0.6348519 -0.7668695 -0.09420281 -0.7567538 -0.6502582 0.06699287 -0.5802761 -0.7798198 0.2348637 -0.5091421 -0.7551119 0.4130141 -0.4269151 -0.7118794 0.5576481 -0.2445697 -0.7564051 0.6066606 -0.03705978 -0.789306 0.6128807 -0.1327517 -0.6092711 0.781771 -0.2502547 -0.7201787 0.647082 -0.4392712 -0.6770508 0.5904601 -0.538593 -0.7019784 0.4659871 -0.6707168 -0.6240425 0.4008866 -0.7055586 -0.6664375 0.2409319 -0.6883814 -0.7238714 0.04627579 -0.7676184 -0.6173312 -0.1722333 -0.6798639 -0.652987 -0.3337562 -0.5756659 -0.6579211 -0.4855394 -0.4201804 -0.7289676 -0.5404208 -0.3637614 -0.5929003 -0.7184336 -0.157345 -0.5486791 -0.8210932 7.03894e-6 -1 -2.72593e-5 3.51564e-5 -1 -1.48628e-4 2.19688e-5 -1 -1.33392e-4 7.79363e-5 -1 -3.04464e-5 4.80128e-5 -1 2.6876e-5 6.65448e-5 -1 1.95739e-4 2.16587e-5 -1 -5.13905e-5 4.52726e-5 -1 2.10012e-5 -6.61949e-6 -1 1.88081e-4 -7.89039e-5 -1 4.23729e-5 -1.17712e-4 -1 -1.01466e-4 -4.12293e-6 -1 -1.42126e-5 5.2239e-5 -1 -1.31838e-4 3.16304e-5 -1 -4.45168e-5 1.66736e-5 -1 -1.61801e-5 6.74688e-5 -1 -3.17596e-5 3.31813e-5 -1 1.1435e-5 4.53838e-5 -1 2.23475e-5 -4.68731e-6 -1 6.41215e-5 3.09404e-5 -1 1.53532e-4 -2.68523e-5 -1 -4.03338e-5 -2.75224e-5 -1 -3.58356e-5 1.02688e-4 -1 -4.11122e-5 1.66255e-5 -1 1.68336e-5 1.07671e-4 -1 1.3404e-4 -6.61485e-5 -1 1.86994e-5 -2.09552e-5 -1 -6.19307e-6 -1.12889e-4 -1 -9.62532e-5 -1.17754e-4 -1 -9.65142e-5 -5.22083e-6 -1 -1.97313e-5 2.1144e-7 -1 -3.24032e-5 7.85692e-5 -1 -4.30869e-5 -3.41838e-6 -1 1.88316e-4 7.06467e-6 -1 1.93539e-5 -8.26721e-5 -1 3.13743e-5 -2.37865e-5 -1 0 -4.47443e-5 -1 -3.50635e-5 8.49465e-5 -1 -2.36974e-5 2.09493e-5 -1 5.45216e-6 -1.64575e-5 -1 1.25288e-4 -2.40706e-5 -1 4.27394e-5 -1.70731e-5 -1 0 -2.05027e-5 -1 4.38717e-6 4.44328e-5 -1 9.26236e-6 6.79333e-5 -1 1.42792e-4 -3.71836e-5 -1 1.36208e-4 -8.18382e-5 -1 -3.12748e-5 -3.73476e-5 -1 3.52633e-5 -0.9999289 -0.006857395 0.009763896 -0.9740775 5.63995e-4 0.2262142 -0.9020076 -0.01514959 0.4314541 -0.7762439 -0.008873522 0.6303703 -0.6415707 -0.0119028 0.7669715 -0.445247 -0.009957373 0.8953525 -0.2323518 -0.004895031 0.9726196 0.03565996 -0.02504503 0.9990502 0.3586071 -0.03734183 0.9327415 0.6024579 -0.01286309 0.798047 0.7832388 0.005970001 0.6216923 0.9100647 -0.02598667 0.4136509 0.9935609 -0.01317298 0.1125316 0.9923758 -0.004790306 0.1231563 0.9360041 0.02598989 0.3510283 0.7767321 0.01488584 0.6296553 0.5583804 0.02504765 0.8292068 0.2581305 0.03734034 0.9653882 -0.009764015 0.006857752 0.9999289 -0.2262191 -5.64092e-4 0.9740763 -0.4238035 0.004501342 0.9057431 -0.6028029 0.0140528 0.7977664 -0.7555516 0.00812155 0.655039 -0.8792553 0.0151515 0.4761099 -0.9704469 0.01106369 0.2410609 0.9923758 0.004789829 -0.1231561 0.9448511 -0.02264684 -0.3267164 0.8425626 -0.02639472 -0.5379514 0.6351293 -0.03664427 -0.7715362 0.4294133 -0.02159458 -0.90285 0.1983438 -0.01110327 -0.9800697 -0.02728247 -0.01463043 -0.9995207 -0.29294 -0.03333598 -0.9555495 -0.5811319 -0.02076321 -0.8135446 -0.7555699 -0.004498839 -0.6550526 -0.8792538 -0.01515251 -0.4761127 -0.9704469 -0.01106446 -0.2410611 -0.9999289 0.006857812 -0.009763896 -0.9740775 -5.63995e-4 -0.2262141 -0.902008 0.01515001 -0.4314534 -0.7709302 0.009956181 -0.636842 -0.6146248 0.004499018 -0.7888069 -0.4293096 0.03115415 -0.90262 -0.1983217 0.0193817 -0.9799454 0.01875102 0.01005536 -0.9997737 0.2428709 0.01718473 -0.9699064 0.5226694 0.03571605 -0.8517871 0.7715361 0.03664457 -0.6351294 0.9100561 0.02639192 -0.4136441 0.9935609 0.01317369 -0.1125311 -1.30284e-5 1 -1.26233e-5 3.57292e-5 1 7.02905e-7 -2.61686e-6 1 -1.708e-5 -8.36964e-6 1 0 -8.87483e-6 1 -3.47859e-6 -1.31553e-5 1 1.2414e-5 2.8999e-5 1 -2.3179e-5 5.49491e-6 1 -7.58151e-6 8.64473e-6 1 -1.89447e-5 -2.33544e-5 1 -3.97838e-5 1.57679e-5 1 -4.5726e-5 3.61356e-6 1 -2.51566e-5 6.91232e-6 1 -1.71724e-5 1.56124e-5 1 -6.62986e-5 -1.31986e-5 1 -3.59053e-5 -1.23764e-5 1 -1.65628e-5 -1.551e-5 1 -1.15943e-5 -1.31646e-5 1 6.84231e-6 -1.77869e-5 1 0 9.80113e-6 1 -2.49483e-5 3.42986e-5 1 -2.13074e-5 -2.35854e-6 1 -6.64291e-5 -1.19366e-5 1 -1.56897e-5 -8.47492e-6 1 4.29371e-6 2.47321e-6 1 1.13269e-5 3.35728e-5 1 1.95879e-5 3.63425e-5 1 -1.31315e-5 -1.16238e-5 1 1.55981e-5 1.23092e-6 1 7.00119e-6 3.31773e-5 1 -1.537e-5 -1.76301e-5 1 -6.21269e-6 -1.8312e-5 1 4.26235e-6 -6.56183e-6 1 1.72403e-5 -8.93405e-6 1 3.55921e-5 1.47671e-5 1 1.28976e-5 2.29818e-5 1 -6.83563e-6 -7.10254e-6 1 6.17895e-6 2.3156e-7 1 1.33002e-5 4.12419e-6 1 2.78517e-5 -4.3302e-6 1 2.09249e-5 3.24796e-6 1 0 6.78488e-6 1 1.21803e-5 -2.21184e-5 1 2.39161e-5 1.92271e-5 1 3.48644e-6 -1.55347e-5 1 3.02302e-5 8.78987e-6 1 0 -1.23926e-5 1 1.39919e-5 -3.82937e-6 1 1.97811e-5 2.13841e-5 1 2.81571e-5 8.59455e-6 1 0 0.6430864 0.7656986 0.0120663 0.6287895 0.7626329 0.1517072 0.6075271 0.7310384 0.3106344 0.5530377 0.7115296 0.4334456 0.3888037 0.7747941 0.4985237 0.242213 0.7732259 0.5860501 0.04537039 0.8127272 0.5808752 -0.1551346 0.8013345 0.5777512 -0.3221686 0.7736201 0.5456367 -0.4444419 0.7691016 0.4592976 -0.5168294 0.8068757 0.2860752 -0.6331171 0.7623676 0.134009 -0.7017794 0.7012619 0.1254494 -0.7528777 0.593922 0.2836053 -0.6390867 0.6409099 0.4252091 -0.5230878 0.6912431 0.49856 -0.4589273 0.644108 0.6119728 -0.3359407 0.6009092 0.7252945 -0.1490377 0.6539556 0.7417075 -0.01164501 0.6372966 0.7705307 0.1346365 0.6438629 0.7532023 0.2533174 0.6953731 0.6725226 0.4256249 0.6400055 0.639716 0.5256595 0.6476711 0.5515473 0.534564 0.7399345 0.4083362 0.6293616 0.7022692 0.3327492 0.7189996 0.6599441 0.2179757 0.7594377 0.6441223 0.09143871 -0.7012839 0.7127607 -0.0131582 -0.6269243 0.7642586 -0.1512444 -0.5625951 0.7750757 -0.2876535 -0.515328 0.7558431 -0.403904 -0.3978142 0.7563518 -0.5193034 -0.2232033 0.7811358 -0.5831014 -0.09022814 0.7559811 -0.6483452 0.05176335 0.7595184 -0.6484231 0.2254419 0.7387387 -0.6351702 0.3889288 0.7571312 -0.5248685 0.4963204 0.7736122 -0.3939421 0.5641498 0.7808571 -0.268323 0.6210539 0.7736246 -0.1256863 0.7737431 0.6303763 -0.06282943 0.7637908 0.6009038 -0.2356657 0.6743011 0.6158474 -0.4074925 0.5599499 0.6412833 -0.5246065 0.4009211 0.7439509 -0.5346022 0.3456489 0.6285189 -0.6967718 0.1947195 0.7866641 -0.5858703 0.09664082 0.6556902 -0.7488197 -0.05419868 0.6556655 -0.7531037 -0.0545203 0.6557251 -0.7530287 -0.05440515 0.6554915 -0.7532404 -0.1868985 0.6441374 -0.741725 -0.3394025 0.6204955 -0.7069592 -0.4036218 0.7436439 -0.5329948 -0.556614 0.6431681 -0.5258476 -0.638468 0.6447225 -0.420347 -0.7391221 0.6151757 -0.2743311 -0.7223772 0.6787335 -0.1322575 -0.6923736 0.7214632 -0.01046961 0.9822052 -0.1495687 -0.1135882 0.9567362 0.05748105 -0.2852222 0.8383081 -0.2982822 -0.4563632 0.7312443 -0.171288 -0.6602593 0.6065786 -0.05150365 -0.7933536 0.4361825 -0.06977808 -0.8971487 0.2375024 -0.2990423 -0.9242112 0.07501864 -0.2156694 -0.9735805 -0.1184406 -0.2725886 -0.9548127 -0.3044911 -0.4598135 -0.8341804 -0.5596953 -0.2722018 -0.782718 -0.7256303 -0.05148929 -0.6861556 -0.8352017 -0.1779432 -0.5203598 -0.9410602 0.06428003 -0.3320752 -0.9258304 -0.3675065 -0.08818829 -0.9625213 0.2708173 -0.01451969 -0.9433236 0.2833907 -0.1727142 -0.9155125 -0.2152062 -0.3398873 -0.8252926 0.154047 -0.5432879 -0.7261216 -0.04616993 -0.6860145 -0.602932 0.04915189 -0.796277 -0.390196 0.432738 -0.8127022 -0.2334733 0.2953473 -0.9264234 -0.070495 0.2143232 -0.9742156 0.1231755 0.271528 -0.9545158 0.3064383 0.2347276 -0.9224959 0.4372885 -0.1797373 -0.8811772 0.5987868 0.06167697 -0.7985301 0.7289114 0.04918146 -0.6828392 0.8168749 0.2984005 -0.493632 0.9385987 0.1874805 -0.2896269 0.9678139 0.2390819 -0.07859021 -0.9554063 -0.2738482 0.1104809 -0.9315472 -0.2347305 0.2777076 -0.786006 -0.4461961 0.4279062 -0.6982192 -0.2951345 0.6522159 -0.4910249 -0.4026708 0.7724965 -0.2984653 -0.4421843 0.8458083 -0.08818155 -0.3675099 0.9258297 0.1239326 -0.3370459 0.9332957 0.3609505 -0.1874481 0.9135525 0.5728527 0.07395839 0.8163149 0.7270027 -0.3550577 0.5877084 0.8856104 -0.1495 0.4397091 0.9577287 0.05743652 0.2818812 0.9669026 -0.2411555 0.08332663 0.9824503 0.1442439 0.1182591 0.9554631 -0.05611264 0.289727 0.8748221 0.1442064 0.4624834 0.7938345 -0.04618114 0.606378 0.6348972 0.3913431 0.6661502 0.512915 -0.3772604 0.7710984 0.3520557 0.05401605 0.9344192 0.1730422 0.1803524 0.9682611 -0.0145213 0.2708094 0.9625236 -0.180772 0.3980007 0.8993982 -0.3851481 0.400156 0.8315865 -0.5710924 0.3062791 0.7616079 -0.7137315 -0.1668204 0.6802635 -0.7710762 0.3771982 0.5129942 -0.8815629 0.3354826 0.3321118 -0.9571714 0.2335783 0.1710673 2.57962e-5 1 5.88798e-5 -1.94717e-4 1 -4.38608e-4 -2.79152e-4 1 -3.42034e-4 -7.30582e-4 0.9999998 -2.50432e-5 3.41165e-4 1 2.57705e-4 1.98346e-5 1 -6.07151e-5 4.32366e-7 1 8.76922e-6 -2.30812e-4 1 -9.13661e-5 1.3552e-4 1 7.25148e-5 -5.59765e-6 1 -1.41144e-4 1.72196e-4 1 -2.34944e-4 -2.21927e-4 1 4.89349e-5 -1.98434e-4 1 -1.18228e-4 1.6606e-5 1 2.17423e-5 1.32775e-4 1 5.61754e-5 -5.72828e-5 1 -3.74121e-6 1.0836e-4 1 9.66142e-6 2.81335e-5 1 7.67975e-5 6.9132e-5 1 6.76691e-5 -3.50211e-5 1 2.19027e-5 6.79603e-5 1 1.98685e-5 1.54551e-4 1 2.30012e-4 3.65035e-5 0.9999999 5.3475e-4 -3.44928e-5 0.9999989 -0.001498341 4.07766e-5 1 9.81856e-5 -3.72505e-4 1 -8.56076e-6 1.83397e-7 1 1.01794e-5 3.82275e-4 1 2.98169e-4 2.43497e-4 1 1.1928e-4 -1.42901e-5 1 -1.99005e-5 2.25348e-6 1 -4.86137e-5 3.17659e-5 1 -7.8203e-5 1.43821e-4 1 -1.28284e-4 -1.38954e-4 1 7.55321e-6 1.21455e-6 1 0 5.28668e-4 0.9999998 -3.64063e-4 -3.78338e-5 1 -4.44784e-6 -0.001121103 0.9999994 4.76382e-5 2.20245e-4 1 -1.22946e-4 -3.46245e-4 1 3.75322e-4 1.60539e-4 1 -2.08927e-4 4.04384e-4 1 -1.3901e-4 1.2022e-4 1 1.28803e-5 1.92368e-4 1 -2.67651e-5 7.43309e-5 1 1.67989e-4 -3.02627e-5 1 4.38028e-4 2.3937e-7 1 -9.53277e-6 2.84592e-5 1 -5.61435e-5 -1.02945e-5 1 -1.24407e-4 9.39698e-5 1 -1.08612e-5 -2.4606e-4 1 -1.85769e-4 1.65558e-5 1 -1.89218e-5 -7.0553e-4 0.9999998 1.11661e-4 -1.56931e-5 0.9999999 4.82256e-4 -1.83643e-4 1 1.93651e-4 5.7966e-5 0.9999995 0.00103414 9.25503e-6 1 3.67854e-5 2.93735e-5 1 5.49173e-5 2.51676e-5 1 -6.02653e-6 -9.96887e-5 1 -1.07617e-5 -9.80517e-5 1 -3.5517e-5 -1.31284e-4 1 -1.91544e-4 -3.61776e-4 1 -2.33033e-4 -5.40096e-5 1 -1.37353e-4 -5.16795e-5 1 4.53566e-5 -8.82934e-5 1 -8.26319e-5 -4.03068e-7 1 0 -3.55568e-6 1 0 4.8346e-4 1 2.88709e-4 -6.31594e-5 1 -4.7395e-5 1.01231e-4 1 5.62906e-5 -7.09719e-5 1 -3.83146e-5 -1.04746e-4 1 -8.16167e-5 -7.20047e-5 1 -2.01212e-5 -4.78262e-5 1 -6.78459e-5 1.09686e-6 1 -4.52763e-5 -1.64721e-5 1 -7.51214e-5 -3.28147e-5 1 1.52365e-4 1.47171e-4 1 -1.66501e-5 1.28544e-4 1 3.5898e-4 1.34715e-4 1 1.81654e-4 1.12185e-6 1 4.21615e-4 9.31064e-5 1 1.36803e-6 2.42227e-5 1 -1.94845e-5 4.22157e-6 1 8.12605e-5 1.07569e-5 1 3.92566e-4 2.64922e-4 1 1.03441e-5 1.13653e-5 1 3.68491e-4 0.001055121 0.9999994 -1.95146e-4 1.80781e-5 0.9999995 -0.001055181 -2.94696e-7 1 -7.34806e-6 -8.27948e-6 1 8.10915e-6 -2.35361e-5 1 1.49916e-4 -1.06305e-5 1 4.10944e-5 -3.09775e-6 1 2.2092e-5 2.48442e-4 1 -2.06456e-4 -6.77078e-5 1 6.79021e-5 6.03592e-6 1 -2.24429e-4 -1.09796e-5 1 -1.87945e-5 -2.99988e-5 1 8.79575e-5 -3.00883e-5 1 -6.57978e-5 -1.124e-4 1 1.33056e-5 1.72808e-4 1 6.11504e-5 -1.23806e-4 1 6.89956e-5 -6.11761e-5 1 6.10355e-5 9.02209e-5 1 -2.18014e-4 -7.76611e-4 0.9999998 8.27312e-5 -1.60544e-6 1 2.9666e-5 3.87254e-4 1 -6.00774e-5 3.00711e-5 1 1.91282e-5 -7.10139e-5 1 -1.14426e-5 5.33361e-6 1 2.75467e-5 0.001352965 0.9999991 -3.34834e-5 1.69118e-4 1 -9.71552e-5 -8.88817e-4 0.9999994 7.74438e-4 -7.296e-5 1 2.20891e-5 -0.001518189 0.9999988 -4.83299e-4 -2.78924e-4 1 1.17718e-4 -0.7257506 0.6879579 2.68275e-4 -0.6899497 0.7238426 0.00462836 -0.7149408 0.6991841 -0.001082479 -0.6636615 0.7198449 -0.2034129 -0.5168744 0.7329427 -0.4423075 -0.5170971 0.732937 -0.4420566 -0.5170627 0.7329761 -0.4420319 -0.4974758 0.6767634 -0.5426869 -0.3158447 0.7347828 -0.6002802 -0.2543525 0.6744725 -0.693103 -0.6851385 0.6748992 -0.2740373 3.69041e-5 0.6919544 -0.7219412 -0.002320766 0.7200947 -0.693872 0.00296694 0.7268622 -0.686777 -0.9605489 -0.003733634 -0.2780859 -0.9292352 0.009882807 -0.3693566 -0.8230085 -0.01119709 -0.5679188 -0.5633037 -0.007763981 -0.8262135 -0.3448057 0.006956398 -0.9386484 -0.2727953 -0.003819644 -0.9620646 -0.674966 0.01106405 -0.737766 0.3434064 0.7373251 -0.5817421 0.4702948 0.6834776 -0.5582841 0.5520052 0.7391034 -0.3860265 0.6689566 0.6594833 -0.3428978 0.2572376 0.6678839 -0.6983982 6.97195e-5 0.001863598 -0.9999983 1.36899e-4 0.001526355 -0.9999989 0.7310807 0.6822904 -9.40302e-4 0.689576 0.7241894 -0.005880594 0.6881797 0.7255274 0.004335463 0.3441253 0.006104469 -0.9389039 0.8890953 0.008605718 -0.4576413 0.9199809 -0.004913032 -0.3919324 0.748707 -0.006269097 -0.6628715 0.6454373 0.006676137 -0.7637841 0.5496908 -0.005366086 -0.835351 0.5496908 -0.005356729 -0.8353511 0.5496908 -0.005354583 -0.8353511 0.2805187 -0.003577411 -0.9598419 0.003370821 -0.7355009 -0.6775154 1.18216e-4 -0.697722 -0.7163686 -0.003103137 -0.7349845 -0.6780768 0.643388 -0.7043425 -0.2999228 0.3786759 -0.7380741 -0.5584365 0.2085806 -0.6696572 -0.7127786 0.375386 -0.7304026 -0.5706115 0.3753219 -0.7304596 -0.5705807 0.3752728 -0.7305157 -0.5705412 0.5502094 -0.6781553 -0.4872115 0.6317493 -0.7257159 -0.2724508 0.6768192 -0.7361405 0.003610312 0.7250961 -0.6886473 -7.94574e-4 0.7099272 -0.7042655 -0.003691792 -0.3547133 -0.7294499 -0.5848771 -0.6013054 -0.703464 -0.3789068 -0.713768 -0.669427 -0.2059193 -0.5599765 -0.7333005 -0.3856124 -0.4005722 -0.7021846 -0.5886244 -0.2028354 -0.6718235 -0.7123981 -0.7151074 -0.6990147 -2.97711e-4 -0.678061 -0.7349662 -0.007621705 -0.6938012 -0.7201646 0.001680791 0.9999957 0.00276041 -0.001072049 0.9999976 0.001698434 -0.001380622 0.5817182 0.7373539 0.3433852 0.5582692 0.683487 0.4702991 0.3858544 0.7389604 0.5523169 0.3860532 0.7390477 0.5520612 0.3429148 0.6594138 0.6690164 0.6967583 0.6690634 0.2586159 0.300044 -0.704236 0.643448 0.5584855 -0.7380564 0.3786382 0.7136269 -0.6690609 0.2075915 0.713656 -0.6690249 0.2076075 0.7135993 -0.6690967 0.2075706 0.5702126 -0.7305899 0.3756277 0.5704286 -0.7305518 0.3753738 0.4871889 -0.6781553 0.5502294 0.2723385 -0.7257897 0.6317129 -0.003354012 -0.7373811 0.6754686 5.91327e-4 -0.6916786 0.7222052 0.001591682 -0.7040802 0.7101187 0.938522 0.006053984 0.3451665 0.4576104 0.008620679 0.889111 0.391801 -0.004917323 0.9200369 0.6628683 -0.006271719 0.7487099 0.763781 0.006665945 0.6454412 0.8353403 -0.005373775 0.5497072 0.8353403 -0.005364418 0.5497072 0.8353403 -0.005362272 0.5497072 0.9601198 -0.003750562 0.279564 8.87082e-4 0.6853575 0.7282062 0.004036366 0.7243684 0.6894013 -0.002945423 0.7305183 0.6828868 -0.6085248 -0.7410929 0.283688 -0.3766557 -0.7413344 0.5554762 -0.2120394 -0.6651673 0.7159551 -0.4260624 -0.709506 0.5613129 -0.615792 -0.6784529 0.4006271 -0.7120764 -0.6819982 0.1668102 0.001121938 9.44292e-4 0.9999989 9.71657e-4 0.001705586 0.9999981 -0.2855913 -4.29774e-4 0.9583514 -0.5542361 0.002784848 0.832355 -0.6058687 -0.005913436 0.7955427 -0.7526177 0.005548894 0.6584344 -0.923705 0.01013761 0.3829705 -0.9741541 -0.007883429 0.2257468 -0.8373657 -0.00772953 0.5465887 -0.2823754 -0.001020193 0.9593035 -0.9999895 0.004589855 -3.29887e-4 -0.9999963 0.002740144 2.10771e-4 -0.3534256 0.7324295 0.5819257 -0.5691795 0.7413052 0.3556702 -0.6870052 0.6686238 0.2845458 -0.5450611 0.6895802 0.4768519 -0.3888644 0.7124977 0.5840648 -0.2130087 0.669714 0.7114144 -0.7888835 0.5946209 0.1552059 -0.6345922 0.6156541 0.4671859 -0.4151487 0.6195807 0.6661617 -0.1269298 0.712083 0.6905264 0.0984804 0.6859431 0.7209603 0.3938102 0.6171708 0.6811857 0.638913 0.6071399 0.4724101 0.785368 0.5946283 0.1720877 0.633023 0.7736416 0.0275824 0.5700969 0.7748336 0.273171 0.424494 0.7686264 0.4785586 0.2574164 0.7418857 0.6191466 0.1021951 0.6952967 0.7114203 -0.110924 0.6612102 0.7419549 -0.2634044 0.7523165 0.6038527 -0.4543935 0.7664412 0.4539764 -0.5840598 0.7785975 0.2294778 0.7635051 0.6189698 -0.1842187 0.6511723 0.7280183 -0.2143923 0.60035 0.6496623 -0.4663893 0.3870394 0.6327494 -0.6706926 0.1491214 0.6355888 -0.757489 -0.1842057 0.6189779 -0.7635016 -0.2143685 0.7280086 -0.6511911 -0.4663754 0.6496672 -0.6003555 -0.6708189 0.6326265 -0.3870218 -0.7474219 0.6458566 -0.1556596 -0.643457 0.7653915 -0.01179188 -0.6435913 0.7652778 -0.01184719 -0.6435018 0.7653534 -0.01181894 -0.6294197 0.7441991 -0.2236038 -0.5051576 0.7573145 -0.4138728 -0.4171347 0.6989585 -0.5809094 0.01606088 0.7669101 -0.6415536 0.2235583 0.744247 -0.6293792 0.4138568 0.7573261 -0.5051534 0.5809029 0.698956 -0.4171479 0.9453896 0.03137594 0.3244291 0.7291453 0.02562403 0.6838791 0.4273948 0.01154804 0.9039914 0.3850229 -0.006165623 0.9228864 0.1670008 0.006343185 0.9859364 0.1428833 -0.004379272 0.98973 -0.9869564 0.02659356 0.1587769 -0.9301902 -0.03359377 0.3655378 -0.8532775 0.03311407 0.5204047 -0.7069984 -0.03365892 0.7064137 -0.5739325 0.03316682 0.8182307 -0.3998803 -0.02348369 0.9162666 -0.2000119 0.02055633 0.9795778 -0.1484972 -0.00284177 0.9889088 0.6626948 -0.0205236 0.7486084 0.9015263 -0.0262134 0.4319295 0.9985291 -0.0336554 0.04250895 -0.9868595 0.02085381 -0.1602297 -0.9868603 0.02080076 -0.1602318 -0.9869137 0.02081507 -0.1599008 -0.5274482 0.02954214 -0.8490734 -0.3109155 -0.02393603 -0.9501361 0.1598286 0.02089524 -0.9869237 0.8490741 0.02954858 -0.5274468 0.9501274 -0.02393621 -0.3109424 0.9914698 0.03505736 -0.1255341 0.8118968 -0.003989458 -0.5837875 0.6335747 -0.02074462 -0.7734034 0.5273272 0.03653126 -0.8488765 0.3341974 -0.02408629 -0.9421954 0.0241779 -0.0202549 -0.9995025 -0.1598196 0.02438032 -0.9868451 -0.5837702 -0.003988325 -0.8119091 -0.7733921 -0.0207436 -0.6335885 -0.8488945 0.03655719 -0.5272966 -0.9421769 -0.02407848 -0.3342501 -0.9995794 -0.02221792 -0.01863723 -0.9995806 -0.02216511 -0.01863902 -0.9995787 -0.0222516 -0.01863414 -0.7889605 0.5945228 0.155191 -0.6345418 0.6157084 0.4671831 -0.4151521 0.6195827 0.6661577 -0.1269289 0.7120859 0.6905236 0.0984807 0.6859383 0.7209649 0.3938174 0.6171662 0.6811856 0.6797593 0.5659202 0.4665423 0.692609 0.7191623 0.05566304 0.764814 0.6433963 0.03317773 0.564479 0.7798599 0.2705217 0.4244877 0.7686267 0.4785638 0.2574129 0.7418845 0.6191495 0.1021972 0.6953053 0.7114115 -0.1109215 0.661217 0.7419492 -0.2634096 0.7523147 0.6038528 -0.4543918 0.7664407 0.4539789 -0.5840492 0.7786166 0.2294398 0.7149472 0.6704288 -0.1984332 0.6510982 0.7280955 -0.214355 0.600387 0.6496385 -0.4663747 0.3870275 0.6327623 -0.6706875 0.1491205 0.6355905 -0.7574879 -0.1842119 0.6189734 -0.7635038 -0.2143687 0.7280153 -0.6511835 -0.4663854 0.6496516 -0.6003644 -0.6706869 0.6327485 -0.3870511 -0.7473701 0.6458848 -0.1557913 -0.6437096 0.7651855 -0.01136821 -0.629388 0.744238 -0.2235633 -0.5051466 0.7573291 -0.4138597 -0.4171428 0.6989486 -0.5809155 0.01606082 0.7669126 -0.6415506 0.2235597 0.7442449 -0.6293811 0.4138656 0.7573193 -0.5051561 0.5809454 0.6989008 -0.4171813 0.9454044 0.03141671 0.3243818 0.7291422 0.02562141 0.6838824 0.4273964 0.01154834 0.9039906 0.3850235 -0.006166517 0.9228862 0.1670007 0.006343126 0.9859364 0.1428838 -0.004379093 0.9897298 -0.9457217 0.01667529 0.3245497 -0.9306845 -0.01013326 0.3656825 -0.7293387 0.009497106 0.684087 -0.7073645 -0.009884774 0.7067798 -0.4274163 0.007462382 0.9040241 -0.3999776 -0.005939483 0.9165057 -0.1670118 0.005540788 0.9859393 -0.1484966 -0.00284177 0.9889088 0.6626947 -0.02052295 0.7486085 0.9014979 -0.02619808 0.4319899 0.9985225 -0.03370964 0.04262143 -0.9916477 0.02948999 -0.1255601 -0.5274509 0.02954649 -0.8490716 -0.3109168 -0.02393597 -0.9501357 0.1598283 0.02089548 -0.9869237 0.8490929 0.02957218 -0.5274153 0.9501308 -0.02395659 -0.3109303 0.9914717 0.03500813 -0.1255329 0.8118969 -0.003982543 -0.5837873 0.6335898 -0.02074766 -0.773391 0.5273318 0.03653424 -0.8488736 0.3342002 -0.02408695 -0.9421943 0.02417773 -0.02025485 -0.9995025 -0.1598183 0.02438038 -0.9868454 -0.5837761 -0.003984689 -0.811905 -0.7733908 -0.02074384 -0.6335901 -0.8488729 0.03653681 -0.5273331 -0.9421935 -0.02408444 -0.3342024 -0.9996185 -0.02106779 -0.01786786 -0.7889609 0.5945234 0.1551864 -0.6345527 0.6157088 0.4671676 -0.4151273 0.6196084 0.6661493 -0.1268969 0.7119873 0.6906312 0.09858268 0.6859458 0.7209438 0.362567 0.6894368 0.6270743 0.6624443 0.5953702 0.454645 0.6926119 0.7191597 0.05565989 0.7647698 0.6434492 0.03317093 0.58059 0.7732293 0.2550134 0.5408892 0.714114 0.4443873 0.3568173 0.6961107 0.6229858 0.1127395 0.7211753 0.6835174 -0.1109971 0.6614505 0.7417297 -0.2635228 0.7522689 0.6038604 -0.4543818 0.7664396 0.4539906 -0.5840387 0.7786207 0.2294526 0.7149386 0.670437 -0.1984364 0.6510913 0.7281011 -0.2143574 0.600398 0.6496273 -0.4663761 0.3870421 0.6327583 -0.6706827 0.1491253 0.6355958 -0.7574824 -0.1842077 0.618983 -0.7634969 -0.2143687 0.7280105 -0.6511887 -0.4663832 0.6496621 -0.6003547 -0.670688 0.6327541 -0.3870399 -0.7473716 0.6458836 -0.1557891 -0.6437078 0.765187 -0.01136869 -0.6293855 0.7442412 -0.2235597 -0.5051465 0.7573235 -0.41387 -0.417146 0.6989555 -0.580905 0.01606112 0.7669101 -0.6415536 0.2235609 0.7442431 -0.6293829 0.4138572 0.7573261 -0.505153 0.5809457 0.6989058 -0.4171725 0.8590921 0.02905184 0.5109961 0.5740443 0.02556759 0.818425 0.1999874 0.01531833 0.9796788 0.1642439 -0.004465341 0.9864097 -0.9929943 0.02342104 0.1158189 -0.9301537 -0.03502881 0.3654958 -0.8589392 0.03622013 0.5107951 -0.7069833 -0.03362149 0.7064306 -0.5739255 0.03320527 0.8182341 -0.4000155 -0.02347326 0.9162077 -0.1999694 0.02049261 0.9795879 -0.1486458 -0.002834618 0.9888865 0.4961795 -0.02044332 0.8679794 0.4957634 -0.02046382 0.8682165 0.7724345 -0.02013891 0.6347752 0.9154955 -0.01944291 0.4018585 0.9931712 0.01288557 0.1159527 0.9931711 0.01290178 0.1159515 0.993171 0.01291441 0.1159511 0.9988973 -0.01963126 0.04264777 -0.9852822 0.01834386 -0.1699491 -0.5274507 0.02954643 -0.8490718 -0.3109167 -0.02393585 -0.9501357 0.1598286 0.02089565 -0.9869236 0.8490924 0.0295726 -0.5274159 0.9501309 -0.02395749 -0.3109299 0.985275 0.02124422 -0.1696518 0.8118962 -0.003985106 -0.5837882 0.6335912 -0.02074646 -0.7733899 0.5273318 0.03653287 -0.8488737 0.3342 -0.02408617 -0.9421944 0.02418142 -0.02025514 -0.9995024 -0.1598205 0.02438026 -0.9868451 -0.5837771 -0.003985285 -0.8119043 -0.7733908 -0.02074384 -0.6335901 -0.8488712 0.03653764 -0.5273355 -0.9421939 -0.02408486 -0.3342018 -0.9996396 -0.02004057 -0.01786816 -0.7888839 0.5946233 0.1551949 -0.6345972 0.6156643 0.467166 -0.4151114 0.6196269 0.6661418 -0.1268988 0.7119876 0.6906304 0.09826666 0.6860503 0.7208875 0.09826976 0.6858929 0.7210368 0.09832054 0.6858221 0.7210972 0.3625751 0.6894377 0.6270685 0.611004 0.650081 0.4517398 0.7853525 0.5946546 0.1720681 0.6330224 0.7736421 0.02757912 0.5979639 0.7572904 0.2625843 0.5408843 0.7141174 0.4443877 0.3568102 0.6961007 0.623001 0.1127385 0.7211765 0.6835163 0.1124051 0.7212024 0.6835439 -0.1105201 0.6614642 0.7417888 -0.1109958 0.6614494 0.7417309 -0.1106183 0.6612591 0.741957 -0.2635282 0.7522614 0.6038674 -0.4543848 0.7664401 0.4539869 -0.5840607 0.7785942 0.2294871 0.7635067 0.6189678 -0.1842187 0.6511699 0.7280205 -0.2143919 0.6003453 0.6496673 -0.4663883 0.387037 0.6327608 -0.6706834 0.1491218 0.6355949 -0.757484 -0.1842095 0.6189724 -0.7635052 -0.2143675 0.7280089 -0.6511909 -0.4663815 0.6496558 -0.6003631 -0.6708306 0.6326185 -0.3870145 -0.747422 0.6458564 -0.1556594 -0.6436336 0.7652493 -0.01137077 -0.629417 0.744199 -0.2236117 -0.5051442 0.7573208 -0.4138776 -0.4171371 0.6989595 -0.5809065 0.01606231 0.7669125 -0.6415508 0.22356 0.7442438 -0.6293824 0.4138562 0.7573179 -0.5051661 0.5809035 0.6989555 -0.4171478 0.8591275 0.02907419 0.5109353 0.5740466 0.02556771 0.8184234 0.1999868 0.01531839 0.9796789 0.1642439 -0.004465103 0.9864097 -0.9869564 0.02659386 0.1587769 -0.9301829 -0.03359907 0.3655557 -0.8532832 0.03310763 0.5203958 -0.7069861 -0.03362494 0.7064276 -0.5739246 0.03320461 0.8182347 -0.400019 -0.02347248 0.9162063 -0.1999691 0.02049279 0.979588 -0.1486451 -0.002834618 0.9888866 0.495889 -0.02047228 0.8681446 0.4957721 -0.02035194 0.8682142 0.4957635 -0.02046233 0.8682165 0.7724342 -0.02013993 0.6347754 0.9155216 -0.01945745 0.4017981 0.9931806 0.01293343 0.1158668 0.9989042 -0.01952582 0.04253536 -0.9868206 0.02088046 -0.1604654 -0.9868067 0.02078539 -0.1605635 -0.9868206 0.02086693 -0.1604669 -0.5274494 0.02954185 -0.8490727 -0.310916 -0.02393573 -0.950136 0.159829 0.02089542 -0.9869236 0.8490745 0.02954965 -0.5274462 0.950127 -0.0239371 -0.3109434 0.9852303 0.021205 -0.1699169 0.8118965 -0.003990769 -0.5837877 0.6335772 -0.02074396 -0.7734014 0.5273272 0.03653174 -0.8488767 0.334199 -0.02408576 -0.9421948 0.02418142 -0.02025496 -0.9995024 -0.1598205 0.0243808 -0.986845 -0.5837705 -0.003986477 -0.811909 -0.7733917 -0.02074468 -0.633589 -0.8488946 0.03655719 -0.5272965 -0.9421766 -0.02407908 -0.3342506 -0.9995833 -0.02220493 -0.01844602 -0.9995841 -0.02216529 -0.01844739 -0.9995828 -0.0222302 -0.0184437 -6.05156e-5 1 1.1984e-4 5.78921e-5 1 1.17547e-4 4.89822e-5 1 3.54609e-5 -3.02498e-4 0.9999998 4.29827e-4 2.33391e-4 1 2.50193e-4 2.47262e-5 1 1.47074e-4 8.61186e-5 1 3.9503e-5 4.95604e-5 1 4.67488e-5 -4.00524e-4 1 -1.46174e-4 1.21313e-4 1 1.28098e-4 2.65553e-4 1 -4.32945e-4 1.64795e-5 1 -8.76639e-5 -1.62928e-4 1 2.80052e-5 6.07997e-5 1 2.49303e-5 -2.71596e-4 1 -1.97352e-4 6.59676e-5 1 -1.13473e-4 -2.71189e-5 1 -1.49522e-4 -5.0056e-4 0.9999999 3.0839e-4 3.99813e-4 1 1.49039e-4 5.02786e-4 0.9999998 -3.14824e-4 -1.16419e-4 1 -6.75952e-5 -1.80125e-5 1 8.59762e-5 1.7026e-4 1 -2.88527e-5 -6.11799e-5 1 -1.05063e-4 -4.03195e-5 1 -3.83532e-5 -1.63639e-4 1 -3.23909e-5 -3.2696e-5 1 -5.74039e-5 -6.25684e-5 1 -3.84707e-5 -0.6608172 0.7490352 0.04761141 -0.7606811 0.6040676 0.2376275 -0.5777384 0.7527493 0.3155741 -0.4165068 0.6888931 0.5932525 -0.4170249 0.6795663 0.603556 -0.06563949 0.6862599 0.7243885 -0.03667229 0.7212358 0.6917182 0.2950248 0.6815295 0.6696851 0.4896609 0.7228964 0.4874967 0.5619428 0.6730241 0.480894 0.6372243 0.7309871 0.2441377 0.7271986 0.6586099 0.1934304 0.2764554 0.6978925 0.6606955 -0.9972442 -0.01277041 0.07308244 -0.949338 0.02059596 0.3135814 -0.8775447 -0.009318649 0.4794046 -0.5753405 -1.53433e-4 0.817914 -0.5663366 0.00260961 0.8241699 -0.1204054 0.005600571 0.992709 -0.05368489 -0.007680177 0.9985285 0.3581805 0.00509119 0.9336386 0.7076449 -6.00144e-4 0.706568 0.7518199 0.01055586 0.659284 0.9332736 -0.01528191 0.3588414 0.992776 0.01411205 0.1191492 0.389148 -7.65464e-4 0.9211751 0.6608253 0.7490319 -0.04755252 0.7606867 0.6040275 -0.2377113 0.5778085 0.7527072 -0.315546 0.4162589 0.6891023 -0.5931835 0.4167763 0.679849 -0.6034095 0.06562018 0.6861873 -0.7244591 0.03658586 0.7212445 -0.6917138 -0.295023 0.6815305 -0.6696848 -0.4896672 0.7228959 -0.487491 -0.5619617 0.6730151 -0.4808846 -0.6372441 0.7309798 -0.2441075 -0.7271107 0.6586943 -0.1934734 -0.2764628 0.6978918 -0.6606931 0.9972927 -0.008788704 -0.07300817 0.9493148 0.008857607 -0.3142021 0.8775869 -0.009473323 -0.4793242 0.7116502 0.01362007 -0.702402 0.57512 -0.01562625 -0.8179199 0.1689534 0.01533323 -0.9855049 0.05354106 -0.00767523 -0.9985362 -0.3582031 0.005089044 -0.9336299 -0.7076524 -6.01526e-4 -0.7065606 -0.7184129 0.002045512 -0.695614 -0.9334052 -0.001772046 -0.3588197 -0.9523316 0.008543491 -0.3049452 -0.3891586 -7.65139e-4 -0.9211705 8.20118e-5 0.9999999 -4.905e-4 3.61432e-5 1 -6.32433e-5 5.67171e-5 1 -4.41042e-5 3.98156e-5 1 -4.77061e-5 -4.95426e-4 1 -2.07764e-4 5.51822e-5 1 -3.13117e-5 3.47114e-4 1 -1.88981e-5 -9.25475e-5 1 -5.53493e-4 -3.1257e-5 1 -5.84966e-5 3.99319e-4 0.9999998 -3.86619e-4 7.03046e-5 1 -9.43711e-6 8.96391e-5 1 -1.87832e-4 -2.72359e-4 1 -1.71584e-4 -1.09133e-4 1 2.10659e-4 -6.05151e-5 1 1.19838e-4 -1.34337e-4 1 -1.50745e-5 -6.43511e-5 1 2.2406e-5 2.47262e-5 1 1.37881e-4 8.44751e-5 1 5.56776e-4 -3.36564e-4 1 -4.50722e-5 -1.17025e-4 1 1.1422e-4 -1.46399e-5 1 1.24773e-4 4.95601e-5 1 5.00899e-5 -3.77856e-5 1 8.28011e-5 5.78922e-5 1 1.17547e-4 8.61184e-5 1 3.16021e-5 -1.45674e-5 1 9.28682e-5 6.21944e-4 0.9999998 2.20654e-4 -0.6994808 0.7105879 0.07610189 -0.7626571 0.6467338 0.009463429 -0.6345261 0.6908255 0.3466078 -0.6341344 0.6911532 0.3466712 -0.3959798 0.7245438 0.5641245 -0.3925562 0.683358 0.615566 -0.06564098 0.6862524 0.7243956 -0.03667008 0.7212393 0.6917148 0.2950243 0.681523 0.6696919 0.4896668 0.7228961 0.4874912 0.620245 0.6262952 0.4722822 0.5928765 0.7758414 0.2157958 0.2764567 0.6978925 0.660695 -0.9940136 -0.00621581 0.1090794 -0.9493536 0.008873045 0.3140844 -0.8775451 -0.009474813 0.4794006 -0.711682 0.0136227 0.7023698 -0.5752832 -0.01558524 0.8178059 -0.1689731 0.0153228 0.9855015 -0.05368119 -0.007680118 0.9985287 0.3581813 0.005091071 0.9336382 0.7076513 -5.99435e-4 0.7065616 0.7518303 0.01055669 0.6592722 0.938014 -0.01625055 0.3462163 0.9955875 0.01986694 0.09171044 0.3891488 -7.65339e-4 0.9211747 0.7852131 0.6192243 -0.001411914 0.6518705 0.6715651 -0.3522291 0.4450976 0.6725026 -0.5912939 0.1186637 0.6582767 -0.7433646 -0.1024372 0.7620095 -0.6394124 -0.3733709 0.7082631 -0.5991308 -0.355327 0.6427966 -0.6786422 -0.6214237 0.6650787 -0.4141292 -0.6110767 0.6900913 -0.3877619 -0.6529614 0.7466155 -0.1273057 0.1190982 0.657717 -0.7437903 0.361607 0.7297695 -0.5802388 0.567989 0.7308608 -0.3784589 0.6722537 0.7339581 -0.09685343 0.9021415 0.0103625 -0.4313157 0.6334118 0.008351683 -0.7737699 0.2608041 0.008503377 -0.9653544 -0.1579027 0.002381086 -0.9874518 -0.1576372 0.002334296 -0.9874944 -0.528921 -0.002008616 -0.8486687 -0.5483931 0.002034246 -0.8362182 -0.832168 -0.001745104 -0.5545211 -0.850285 0.004165947 -0.5263063 -0.9813215 -0.005150735 -0.1923065 -0.9962962 0.007869243 -0.08562672 0.1578955 -0.004938066 -0.9874435 0.5289073 -0.008259534 -0.8486396 0.8321756 -0.008153617 -0.5544523 0.9891408 -0.01216804 -0.1464669 -1.16418e-4 1 -6.75946e-5 5.561e-5 1 4.17889e-5 1.64795e-5 1 -8.76628e-5 -4.03195e-5 1 -4.2615e-5 -6.30274e-5 1 1.19792e-4 4.02829e-5 1 6.20201e-5 4.87227e-5 1 3.4185e-5 6.05395e-5 1 1.07138e-4 6.5965e-5 1 -1.13464e-4 -2.71192e-5 1 -1.5783e-4 -3.26965e-5 1 -5.7403e-5 2.36855e-4 1 2.50216e-4 3.0194e-5 1 1.48325e-4 1.69175e-4 1 1.74052e-5 1.63911e-4 1 -3.06618e-5 3.9972e-4 1 1.49033e-4 -6.25647e-5 1 -3.84807e-5 -1.68735e-4 1 1.22359e-5 -3.02555e-4 0.9999998 4.36031e-4 5.02812e-4 0.9999998 -3.14756e-4 2.65561e-4 0.9999999 -4.32956e-4 -3.70869e-4 1 -1.52785e-4 1.02055e-4 1 6.69406e-5 -2.71636e-4 1 -1.97375e-4 -5.04842e-4 0.9999998 3.03327e-4 -1.7407e-5 1 8.2563e-5 -6.11517e-5 1 -1.03191e-4 -1.6466e-4 1 -2.64413e-5 -0.6608121 0.7490397 0.04761207 -0.7607027 0.6040185 0.2376831 -0.5778094 0.7526953 0.3155726 -0.4163132 0.6890466 0.59321 -0.4171804 0.6799482 0.6030181 -0.4172166 0.6798015 0.6031587 -0.4173399 0.679856 0.6030118 -0.0655092 0.6860922 0.7245593 -0.05023121 0.7054045 0.7070229 -0.05027008 0.705515 0.7069098 -0.05037033 0.7055838 0.7068341 0.3042185 0.655234 0.6914619 0.304661 0.6552224 0.6912781 0.3043705 0.6551846 0.6914418 0.4242535 0.7396891 0.5223686 0.5723761 0.6576932 0.4897196 0.5941544 0.7445166 0.3044267 0.7372547 0.6465302 0.1960973 0.6632023 0.7473913 0.03961151 0.2086155 0.7260602 0.6552222 -0.9972437 -0.01277053 0.07308882 -0.9637883 0.01392281 0.266305 -0.8775659 -0.009467899 0.4793627 -0.7363586 0.01067674 0.6765073 -0.5751405 -0.01445311 0.8179271 -0.3509382 0.01498949 0.9362788 -0.07139146 -0.00947839 0.9974035 -0.07139098 -0.009533762 0.9974029 -0.07139122 -0.009528219 0.997403 0.1066936 0.01191234 0.9942207 0.106693 0.01189535 0.9942209 0.1066933 0.01190561 0.9942208 0.6292481 0.00657165 0.7771768 0.6146121 0.002502083 0.7888255 0.8891162 -0.001840353 0.4576777 0.9083976 0.005946159 0.4180655 0.9983353 -0.008314132 0.05707556 0.3072264 -0.01025658 0.9515813 0.7254417 0.6491851 -0.228677 0.7285385 0.646071 -0.2276486 0.4751482 0.7690179 -0.4276047 0.4498851 0.6111339 -0.6512441 0.06777524 0.6600904 -0.7481225 -6.63121e-4 0.7222407 -0.6916415 -0.2950235 0.6815279 -0.6696871 -0.4896703 0.7228936 -0.4874914 -0.5619589 0.6730206 -0.4808799 -0.6372352 0.730987 -0.2441091 -0.7271108 0.6586948 -0.1934713 -0.2764583 0.6978928 -0.660694 0.2413154 0.7440965 -0.6229665 0.9965968 0.009986519 -0.0818243 0.9538017 -0.008118331 -0.3003271 0.8602271 0.01070868 -0.5097988 0.7460494 -0.0122227 -0.6657785 0.5363101 0.012802 -0.8439239 0.1203725 0.00901097 -0.992688 0.002801477 -0.006159365 -0.9999772 -0.3582015 0.005089044 -0.9336305 -0.7076511 -6.00852e-4 -0.7065618 -0.718415 0.002047121 -0.6956118 -0.9334015 -0.001775443 -0.3588293 -0.9523323 0.008544027 -0.304943 -0.3891553 -7.65242e-4 -0.9211719 0.3560512 -0.009308338 -0.9344201 -4.00458e-4 1 -1.51552e-4 1.64796e-5 1 -8.76634e-5 -5.00552e-4 0.9999999 3.08443e-4 -6.30284e-5 1 1.19794e-4 4.87223e-5 1 3.4187e-5 1.69216e-4 1 1.12534e-5 5.02788e-4 0.9999998 -3.11511e-4 6.59665e-5 1 -1.21033e-4 -2.7119e-5 1 -1.57828e-4 -1.16419e-4 1 -6.75952e-5 -3.02553e-4 0.9999998 4.36024e-4 2.36847e-4 1 2.50209e-4 3.01944e-5 1 1.41262e-4 5.56171e-5 1 3.85602e-5 2.65556e-4 1 -4.32952e-4 6.05894e-5 1 1.0897e-4 1.63874e-4 1 -2.63128e-5 3.99809e-4 1 1.49038e-4 -2.71616e-4 1 -1.90785e-4 -3.26961e-5 1 -6.37822e-5 4.0283e-5 1 6.20204e-5 -4.03195e-5 1 -3.40914e-5 -1.62928e-4 1 3.00049e-5 1.02055e-4 1 6.69411e-5 -1.74069e-5 1 7.91232e-5 -6.25683e-5 1 -3.84708e-5 -6.11796e-5 1 -1.05063e-4 -1.63638e-4 1 -3.23909e-5 -0.6608151 0.7490369 0.04761379 -0.7606992 0.6040237 0.2376809 -0.5778077 0.7526984 0.3155687 -0.4163178 0.6890348 0.5932206 -0.4171295 0.6799106 0.603096 -0.4172235 0.6797912 0.6031653 -0.4172019 0.6798249 0.6031424 -0.06550639 0.6860978 0.7245542 -0.05005729 0.705461 0.7069788 -0.0500856 0.7055398 0.7068983 -0.05008924 0.7055895 0.7068485 0.3046556 0.6552202 0.6912825 0.4242587 0.7396963 0.5223542 0.5723633 0.6576951 0.489732 0.5941696 0.7445092 0.3044151 0.737259 0.6465241 0.1961017 0.6631988 0.747394 0.03961867 0.2086179 0.7260612 0.6552205 -0.9972436 -0.01277005 0.07309144 -0.9637883 0.01392322 0.2663048 -0.877566 -0.009468615 0.4793624 -0.7363579 0.01067632 0.676508 -0.5751429 -0.01445245 0.8179253 -0.3509348 0.01498937 0.93628 -0.07154071 -0.009474754 0.9973928 -0.07154011 -0.009540557 0.9973922 -0.07154041 -0.009534001 0.9973922 0.1070262 0.0118913 0.9941851 0.6292566 0.00657159 0.7771699 0.6146172 0.002501726 0.7888216 0.8891208 -0.001839935 0.4576691 0.9084033 0.005946397 0.4180527 0.9983348 -0.008315503 0.0570836 0.3072313 -0.01025664 0.9515797 0.7254374 0.6491901 -0.2286767 0.7285388 0.6460689 -0.2276539 0.4751494 0.7690109 -0.4276157 0.4498875 0.6111153 -0.6512597 0.0677672 0.6600941 -0.74812 -6.63122e-4 0.7222393 -0.6916429 -0.2950224 0.6815306 -0.669685 -0.4896692 0.7228916 -0.4874956 -0.5619586 0.6730142 -0.4808894 -0.63723 0.7309908 -0.2441112 -0.727109 0.6586963 -0.1934729 -0.2764605 0.6978898 -0.6606962 0.9965969 0.009986042 -0.08182299 0.9538014 -0.008117973 -0.3003283 0.860226 0.01071059 -0.5098006 0.7460513 -0.01222163 -0.6657764 0.536297 0.01280337 -0.8439323 0.1203652 0.009010314 -0.9926889 0.002801477 -0.006159365 -0.9999772 -0.3582025 0.005089163 -0.9336301 -0.7076476 -6.00516e-4 -0.7065653 -0.7184133 0.002047479 -0.6956136 -0.9334004 -0.001775741 -0.3588324 -0.9523312 0.008543968 -0.3049466 -0.3891606 -7.64972e-4 -0.9211696 0.3560479 -0.009307622 -0.9344214 5.19184e-5 -1 1.61483e-4 -3.25912e-7 -1 0 1.92522e-7 -1 1.11733e-5 0 -1 -2.96251e-7 -1.7759e-5 -1 9.43373e-5 -3.36315e-5 -1 9.0183e-5 -6.66984e-5 -1 5.74488e-5 1.05108e-6 -1 -3.64983e-6 1.97538e-7 -1 0 -2.27624e-5 -1 8.39052e-6 1.46923e-5 -1 1.3487e-4 -5.55715e-5 -1 8.08155e-5 -1.71759e-5 -1 7.99481e-6 0 -1 -4.02459e-7 0 -1 -2.92435e-6 -2.96333e-7 -1 5.71363e-6 -3.5864e-6 -1 5.28626e-6 1.98949e-6 -1 6.88729e-6 -5.25468e-7 -1 0 8.19772e-6 -1 -3.43756e-5 -3.63549e-6 -1 -1.66168e-5 2.86167e-7 -1 2.05532e-6 1.45688e-5 -1 -2.19405e-5 -1.64533e-4 -1 4.40852e-5 -1.6401e-4 -1 -8.10906e-5 -6.47132e-5 -1 -6.12927e-5 -1.96535e-5 -1 -4.43827e-5 -3.54988e-5 -1 -3.01897e-5 -8.22642e-5 -1 -1.9664e-5 -7.4343e-6 -1 -2.07469e-5 -6.61541e-7 -1 -6.37816e-6 -8.69865e-6 -1 -2.09658e-5 1.1137e-4 -1 -3.52937e-5 -5.88506e-5 -1 -6.71763e-5 2.53284e-6 -1 -2.16112e-5 2.44648e-7 -1 -8.48204e-6 -2.47598e-4 -1 5.14039e-5 7.08855e-6 -1 -1.54776e-5 2.0691e-5 -1 -1.18299e-4 3.16439e-4 -1 -8.18958e-5 4.02032e-4 -0.9999994 0.001046717 6.32291e-6 -1 -2.67883e-5 -1.06522e-5 -1 -3.13366e-5 -5.32976e-4 -0.9999985 -0.001684308 -3.0422e-4 -1 1.98763e-5 -1.77693e-4 -1 4.9938e-5 -6.44658e-4 -0.9999999 -1.93151e-5 -2.51489e-4 -1 -3.79532e-5 -7.442e-4 -0.9999998 -5.83439e-6 6.27904e-5 -1 -7.48361e-5 0 -1 4.87804e-7 -3.16079e-7 -1 -1.09493e-5 2.67976e-5 -1 -1.05551e-4 -3.61542e-5 -1 -1.70344e-4 2.49368e-7 -1 4.80673e-7 4.98099e-5 -1 -7.82031e-5 -2.82642e-6 -1 1.76813e-6 -2.26488e-7 -1 0 -2.44104e-5 -1 -1.49356e-4 1.95276e-5 -1 -5.61749e-6 2.03604e-5 -1 -4.5968e-6 8.12199e-6 -1 -1.01618e-5 -1.89872e-7 -1 0 1.83639e-5 -1 -9.41467e-5 2.88358e-5 -1 0 -7.02768e-5 -1 9.21769e-5 9.16665e-5 -1 3.50241e-5 1.25226e-7 -1 -9.08384e-6 4.8047e-5 -1 6.02233e-5 9.54069e-6 -1 8.77101e-5 -1.33456e-6 -1 -1.14355e-5 1.50124e-4 -1 -8.87441e-5 0 -1 5.33376e-7 6.4034e-7 -1 0 1.45618e-5 -1 8.32891e-5 -1.04049e-6 -1 -6.19375e-6 4.03864e-7 -1 2.68692e-6 8.38859e-7 -1 8.21482e-6 -9.33242e-6 -1 0 0 -1 0 6.61559e-7 -1 -2.05328e-6 6.88286e-5 -1 4.30935e-5 1.35108e-4 -1 0 0 -1 0 -2.6461e-7 -1 0 0.414943 -0.7139443 -0.5640088 0.7001103 -0.6624748 -0.2664073 0.7299636 -0.6687327 0.1412438 0.6289999 -0.729154 0.2696177 0.5213043 -0.6586998 0.5425463 0.3935856 -0.729995 0.5587466 0.6696951 -0.7358356 -0.1002715 0.4478265 -0.6925601 -0.5655192 0.003474473 -0.7173934 0.6966596 -0.01394563 -0.6766487 0.736174 -0.4596527 -0.6513553 0.6037018 -0.6986039 -0.670024 0.2510388 -0.7274113 -0.6685353 -0.1547042 -0.6239892 -0.7293059 -0.2806249 -0.5120561 -0.6594774 -0.5503527 -0.384968 -0.729546 -0.5652985 -0.6823278 -0.7289372 0.05549287 -0.5226284 -0.7450488 0.4144417 -0.02192592 0.01235222 0.9996834 0.001748263 -0.019351 0.9998113 7.40846e-5 -1 -9.95421e-6 -4.56853e-5 -1 1.00265e-5 5.01413e-6 -1 -3.83289e-5 -6.36215e-6 -1 3.55335e-5 -1.50082e-6 -1 -1.08311e-5 1.50161e-6 -1 2.65286e-5 -0.5683786 0.02531206 -0.8223777 -0.753489 -0.04753589 -0.6557398 -0.9119799 0.02601361 -0.4094095 -0.99583 -0.01264625 0.09034746 -0.9967496 -0.008814334 0.08007895 -0.7412587 -0.0132032 0.6710896 -0.7803437 0.01246458 0.6252267 0.002358019 -0.01324295 -0.9999095 -0.001351714 -0.01815855 -0.9998342 0.5815883 0.02585095 0.8130725 0.7637535 -0.04783147 0.6437335 0.9191383 0.02568113 0.3930969 0.9942488 0.008739113 -0.1067385 0.9883742 -0.01265007 -0.1515138 0.7301604 -0.02810662 -0.6826974 0.6232694 0.03002816 -0.7814304 -0.00362724 -0.6919042 -0.7219803 5.51512e-4 -0.6823535 -0.7310222</float_array>
          <technique_common>
            <accessor source="#shape0_003-mesh-normals-array" count="8772" stride="3">
              <param name="X" type="float"/>
              <param name="Y" type="float"/>
              <param name="Z" type="float"/>
            </accessor>
          </technique_common>
        </source>
        <vertices id="shape0_003-mesh-vertices">
          <input semantic="POSITION" source="#shape0_003-mesh-positions"/>
        </vertices>
        <triangles material="blank_metal-material" count="6358">
          <input semantic="VERTEX" source="#shape0_003-mesh-vertices" offset="0"/>
          <input semantic="NORMAL" source="#shape0_003-mesh-normals" offset="1"/>
          <p>2 0 1 0 3 0 2 1 3 1 4 1 5 2 4 2 6 2 7 3 6 3 8 3 9 4 8 4 10 4 12 5 10 5 13 5 14 6 13 6 15 6 16 7 15 7 17 7 18 8 17 8 19 8 20 9 19 9 21 9 22 10 21 10 23 10 24 11 23 11 25 11 26 12 25 12 27 12 25 13 26 13 24 13 23 14 24 14 22 14 21 15 22 15 20 15 19 16 20 16 18 16 17 17 18 17 16 17 15 18 16 18 14 18 13 19 14 19 12 19 10 20 12 20 11 20 10 21 11 21 9 21 8 22 9 22 7 22 6 23 7 23 5 23 4 24 5 24 2 24 1 25 2 25 0 25 28 26 27 26 29 26 28 27 29 27 30 27 32 28 30 28 33 28 34 29 33 29 35 29 36 30 35 30 37 30 36 31 37 31 38 31 40 32 38 32 41 32 42 33 41 33 43 33 42 34 43 34 44 34 46 35 44 35 47 35 46 36 47 36 48 36 49 37 48 37 50 37 51 38 50 38 52 38 0 39 52 39 1 39 52 40 0 40 53 40 52 41 53 41 51 41 50 42 51 42 49 42 48 43 49 43 46 43 44 44 46 44 45 44 44 45 45 45 42 45 41 46 42 46 40 46 38 47 40 47 39 47 38 48 39 48 36 48 35 49 36 49 34 49 33 50 34 50 32 50 30 51 32 51 31 51 30 52 31 52 28 52 27 53 28 53 26 53 56 54 54 54 55 54 57 55 55 55 54 55 58 56 57 56 54 56 54 57 59 57 58 57 59 58 54 58 60 58 58 59 59 59 60 59 60 60 61 60 58 60 62 61 63 61 56 61 56 62 55 62 62 62 63 63 64 63 56 63 62 64 65 64 64 64 64 65 63 65 62 65 60 66 54 66 66 66 56 67 64 67 66 67 56 68 66 68 54 68 60 69 66 69 67 69 72 70 66 70 64 70 72 71 64 71 68 71 65 72 68 72 64 72 69 73 60 73 67 73 60 74 69 74 61 74 70 75 71 75 72 75 72 76 68 76 70 76 71 77 73 77 72 77 70 78 74 78 73 78 73 79 71 79 70 79 72 80 73 80 66 80 75 81 76 81 66 81 76 82 67 82 66 82 75 83 66 83 73 83 75 84 73 84 77 84 74 85 77 85 73 85 78 86 79 86 75 86 75 87 77 87 78 87 78 88 69 88 67 88 67 89 79 89 78 89 79 90 67 90 76 90 79 91 76 91 75 91 74 92 84 92 80 92 86 93 82 93 78 93 70 94 85 94 84 94 74 95 80 95 81 95 86 96 78 96 77 96 82 97 83 97 69 97 57 98 95 98 88 98 89 99 90 99 62 99 85 100 70 100 68 100 77 101 81 101 86 101 69 102 83 102 94 102 87 103 89 103 55 103 81 104 77 104 74 104 61 105 94 105 91 105 93 106 92 106 68 106 88 107 87 107 55 107 89 108 62 108 55 108 93 109 68 109 65 109 94 110 61 110 69 110 91 111 58 111 61 111 88 112 55 112 57 112 69 113 78 113 82 113 91 114 95 114 58 114 65 115 62 115 90 115 90 116 93 116 65 116 57 117 58 117 95 117 92 118 85 118 68 118 74 119 70 119 84 119 97 120 96 120 88 120 98 121 97 121 95 121 99 122 98 122 91 122 100 123 99 123 91 123 101 124 83 124 82 124 86 125 101 125 82 125 103 126 102 126 81 126 86 127 81 127 102 127 94 128 83 128 100 128 91 129 94 129 100 129 95 130 91 130 98 130 88 131 95 131 97 131 104 132 103 132 80 132 105 133 104 133 84 133 106 134 105 134 85 134 107 135 92 135 93 135 108 136 107 136 90 136 109 137 108 137 90 137 110 138 109 138 89 138 87 139 88 139 96 139 89 140 87 140 110 140 90 141 89 141 109 141 93 142 90 142 107 142 85 143 92 143 106 143 84 144 85 144 105 144 80 145 84 145 104 145 81 146 80 146 103 146 112 147 111 147 104 147 113 148 112 148 105 148 114 149 113 149 106 149 115 150 114 150 92 150 116 151 115 151 107 151 117 152 116 152 108 152 118 153 117 153 109 153 119 154 118 154 110 154 120 155 119 155 96 155 87 156 96 156 119 156 110 157 87 157 119 157 109 158 110 158 118 158 108 159 109 159 117 159 107 160 108 160 116 160 92 161 107 161 115 161 106 162 92 162 114 162 105 163 106 163 113 163 104 164 105 164 112 164 103 165 104 165 111 165 121 166 120 166 96 166 122 167 121 167 97 167 123 168 122 168 98 168 124 169 123 169 99 169 125 170 124 170 100 170 126 171 125 171 83 171 127 172 126 172 101 172 128 173 127 173 86 173 129 174 128 174 102 174 111 175 129 175 103 175 102 176 103 176 129 176 86 177 102 177 128 177 101 178 86 178 127 178 83 179 101 179 126 179 100 180 83 180 125 180 99 181 100 181 124 181 98 182 99 182 123 182 97 183 98 183 122 183 96 184 97 184 121 184 112 185 130 185 111 185 131 186 112 186 113 186 132 187 131 187 114 187 133 188 132 188 115 188 134 189 133 189 116 189 118 190 134 190 117 190 135 191 118 191 119 191 119 192 120 192 135 192 116 193 117 193 134 193 115 194 116 194 133 194 114 195 115 195 132 195 113 196 114 196 131 196 121 197 135 197 120 197 137 198 136 198 123 198 138 199 137 199 124 199 139 200 138 200 125 200 140 201 139 201 126 201 141 202 140 202 127 202 130 203 141 203 129 203 129 204 111 204 130 204 128 205 129 205 141 205 127 206 128 206 141 206 126 207 127 207 140 207 125 208 126 208 139 208 124 209 125 209 138 209 123 210 124 210 137 210 122 211 123 211 136 211 121 212 122 212 136 212 142 213 131 213 132 213 143 214 142 214 133 214 151 215 141 215 130 215 130 216 144 216 151 216 144 217 130 217 112 217 131 218 142 218 144 218 143 219 133 219 134 219 145 220 134 220 118 220 146 221 135 221 121 221 132 222 133 222 142 222 134 223 145 223 143 223 148 224 138 224 139 224 147 225 146 225 136 225 148 226 139 226 140 226 149 227 148 227 140 227 112 228 131 228 144 228 118 229 146 229 145 229 136 230 137 230 147 230 137 231 148 231 147 231 141 232 151 232 149 232 118 233 135 233 146 233 137 234 138 234 148 234 140 235 141 235 149 235 121 236 136 236 146 236 150 237 152 237 151 237 152 238 153 239 149 240 153 241 155 241 154 241 155 242 156 242 154 242 156 243 157 243 158 243 157 244 159 244 158 244 156 245 155 245 160 245 156 246 160 246 161 246 157 247 156 247 162 247 157 248 162 248 163 248 159 249 157 249 163 249 148 250 149 251 154 252 179 253 164 253 150 253 152 254 150 254 164 254 152 255 164 255 165 255 153 256 152 256 165 256 165 257 166 257 153 257 166 258 155 258 153 258 166 259 160 259 155 259 154 260 147 260 148 260 158 261 146 261 147 261 161 262 162 262 156 262 158 263 147 263 156 263 147 264 154 264 156 264 154 265 149 265 153 265 149 266 151 266 152 266 159 267 167 267 145 267 167 268 168 268 143 268 168 269 169 269 143 269 169 270 170 271 142 272 170 273 172 273 171 273 172 274 150 275 151 276 144 277 171 278 151 277 146 279 158 280 145 281 173 282 167 282 159 282 167 283 173 283 174 283 167 284 174 284 175 284 168 285 175 285 176 285 169 286 168 286 176 286 169 287 176 287 177 287 170 288 169 288 177 288 170 289 177 289 178 289 178 290 172 290 170 290 150 291 172 291 179 291 178 292 179 293 172 294 175 295 168 296 167 297 163 298 173 298 159 298 171 299 144 299 142 300 151 301 171 301 172 301 171 302 142 303 170 304 142 305 143 305 169 305 143 306 145 307 167 308 145 309 158 309 159 309 178 310 181 310 180 310 166 311 165 311 182 311 183 312 184 313 160 312 186 314 163 314 185 314 186 315 173 315 163 315 162 316 185 317 163 318 166 319 182 320 183 320 187 321 182 322 165 323 187 324 165 324 164 324 188 325 187 326 164 327 164 328 179 329 188 330 179 331 178 332 180 333 180 334 188 335 179 336 160 337 166 337 183 337 161 338 160 338 184 338 162 339 161 340 184 341 185 342 162 342 184 342 189 343 191 343 190 343 192 344 190 344 191 344 191 345 181 345 192 345 178 346 192 346 181 346 178 347 177 347 192 347 193 348 192 348 177 348 177 349 194 349 193 349 194 350 177 350 176 350 176 351 195 351 194 351 176 352 175 352 195 352 202 353 200 353 201 353 201 354 189 354 202 354 189 355 190 355 202 355 196 356 185 356 184 356 199 357 183 358 182 359 201 360 182 360 187 360 184 361 198 362 197 363 184 364 197 364 196 364 196 365 186 365 185 366 183 367 198 367 184 367 189 368 187 369 188 370 191 371 188 371 181 371 181 372 188 372 180 372 196 373 203 374 186 375 189 376 201 377 187 378 191 379 189 380 188 381 182 382 201 382 200 382 182 383 200 383 199 383 198 384 183 385 199 386 214 387 212 387 211 387 215 388 214 389 213 390 216 391 215 391 217 391 217 392 218 392 219 392 221 393 219 393 218 393 220 394 219 394 221 394 220 395 221 396 222 397 222 398 224 399 223 400 224 401 225 401 223 401 234 402 231 403 232 404 234 405 232 406 233 407 235 408 233 408 236 408 238 409 239 409 237 409 239 410 238 411 240 412 241 413 239 413 240 413 240 414 242 415 241 416 245 417 247 417 246 417 249 418 248 418 247 418 249 419 250 420 251 421 252 422 250 422 253 422 253 423 254 423 252 423 256 424 255 424 259 424 258 425 257 426 259 427 258 428 259 428 260 428 261 429 258 430 260 431 203 432 263 432 262 432 263 433 196 433 197 433 264 434 263 435 197 436 265 437 198 437 199 437 266 438 265 438 200 438 266 439 200 440 202 441 267 442 266 443 202 444 190 445 267 446 202 447 190 448 192 448 271 448 270 449 192 449 193 449 270 450 193 450 194 451 195 452 268 453 194 454 195 455 269 456 268 457 269 458 195 458 175 458 174 459 173 459 186 459 174 460 186 461 269 462 270 463 194 464 268 463 270 465 271 466 192 467 267 468 190 469 271 470 262 471 261 471 203 471 262 472 258 472 261 472 256 473 259 473 257 473 254 474 255 474 256 474 254 475 253 476 255 477 249 478 251 478 248 478 248 479 246 480 247 481 235 482 234 482 233 482 230 483 229 484 228 485 228 486 226 486 227 486 210 487 211 487 212 487 210 488 212 488 209 488 208 489 207 489 209 489 208 490 204 490 207 490 205 491 204 491 272 491 206 492 272 493 204 494 208 495 206 496 204 497 216 498 214 499 215 500 219 501 216 502 217 503 220 504 222 504 223 504 226 505 223 505 225 505 231 506 229 506 232 506 237 507 235 507 236 507 243 508 241 509 242 510 246 511 243 511 245 511 252 512 251 512 250 512 264 513 198 513 265 513 175 514 174 514 269 514 199 515 200 516 265 517 197 518 198 519 264 520 203 521 196 521 263 521 244 522 245 522 243 522 242 523 244 524 243 525 236 526 238 526 237 526 230 527 232 528 229 529 227 530 230 531 228 532 225 533 227 533 226 533 211 534 213 535 214 536 207 537 210 538 209 539 206 540 273 541 272 542 212 543 274 544 209 545 205 546 228 547 229 548 210 549 234 549 235 549 241 550 215 551 239 552 230 553 252 554 254 555 263 556 242 556 262 556 267 557 250 557 266 557 186 558 203 559 261 560 261 561 269 561 186 561 268 562 269 562 260 562 268 563 260 563 259 563 270 564 268 564 259 564 255 565 271 565 270 565 253 566 267 566 271 566 267 567 253 568 250 569 266 570 250 571 249 571 265 572 266 572 249 572 265 573 249 574 247 575 264 576 265 576 245 576 265 577 247 577 245 577 244 578 263 578 264 578 262 579 242 580 240 581 258 582 262 582 240 582 258 583 240 584 238 583 258 585 238 585 236 585 257 586 258 586 236 586 236 587 233 587 257 587 233 588 256 588 257 588 254 589 256 589 232 589 256 590 233 591 232 592 230 593 254 593 232 593 230 594 251 594 252 594 227 595 225 595 251 595 225 596 248 597 251 598 246 599 248 599 224 599 224 600 222 600 246 600 246 601 222 602 221 603 221 604 243 604 246 604 243 605 221 605 218 605 218 606 241 606 243 606 218 607 217 607 241 607 241 608 217 608 215 608 215 609 213 609 239 609 237 610 239 611 213 612 211 613 235 614 237 615 210 616 235 616 211 616 234 617 210 618 207 619 231 620 234 620 207 620 229 621 207 622 204 623 207 624 229 624 231 624 229 625 204 626 205 627 226 628 228 628 275 628 276 629 223 629 226 629 223 630 276 630 277 630 223 631 277 631 278 631 278 632 220 633 223 634 278 635 219 635 220 635 219 636 278 636 279 636 216 637 219 637 280 637 219 638 279 638 280 638 214 639 216 639 281 639 212 640 214 640 281 640 281 641 282 642 212 643 274 644 212 644 282 644 209 645 274 646 283 647 283 648 208 649 209 650 206 651 208 651 284 651 208 652 283 652 284 652 284 653 273 653 206 653 273 654 284 654 333 654 280 655 281 655 216 655 275 656 276 657 226 658 205 659 275 660 228 661 213 662 211 663 237 664 225 665 224 665 248 665 230 666 227 667 251 666 244 668 242 669 263 670 245 671 244 671 264 671 255 672 253 673 271 674 259 675 255 676 270 677 261 678 260 679 269 680 285 681 286 681 354 681 289 682 288 682 285 682 294 683 292 683 293 683 295 684 294 684 293 684 349 685 295 686 296 687 300 688 347 688 301 688 347 689 299 690 301 691 300 692 301 693 302 694 305 695 304 695 307 695 306 696 305 697 307 698 306 699 307 700 308 701 308 702 310 703 306 704 309 705 311 705 310 705 313 706 311 706 309 706 313 707 314 707 312 707 314 708 313 709 315 708 317 710 346 710 316 710 317 711 318 712 346 713 324 714 326 714 325 714 326 715 345 715 325 715 327 716 345 716 326 716 329 717 328 717 327 717 332 718 330 718 329 718 333 719 331 720 332 719 334 721 331 721 333 721 284 722 334 722 333 722 343 723 344 723 283 723 344 724 284 724 283 724 274 725 343 726 283 727 282 728 335 728 274 728 279 729 278 729 337 729 277 730 337 731 278 732 276 733 275 733 338 733 275 734 205 735 272 736 277 737 276 738 339 739 277 740 339 741 340 742 337 743 277 743 340 743 279 744 337 744 341 744 280 745 279 745 341 745 280 746 341 746 336 747 336 748 281 748 280 748 281 749 336 749 342 749 282 750 281 750 342 750 335 751 282 751 342 751 343 752 274 752 335 752 344 753 334 753 284 753 329 754 330 755 328 756 322 757 324 757 325 757 321 758 322 758 323 758 321 759 323 759 320 759 319 760 321 761 320 762 319 763 320 764 346 765 346 766 318 767 319 768 316 769 314 770 315 771 312 772 311 773 313 774 304 775 305 776 303 777 303 778 302 779 304 778 303 780 300 780 302 780 299 781 347 782 298 783 297 784 298 784 348 784 348 785 296 785 297 785 296 786 348 787 349 788 295 789 349 789 294 789 294 790 291 791 292 792 290 793 292 794 291 795 291 796 288 797 290 798 289 799 290 800 288 801 287 802 285 803 288 804 287 805 286 806 285 806 310 807 308 807 309 807 325 808 323 808 322 808 328 809 345 809 327 809 331 810 330 811 332 812 338 813 339 814 276 815 272 816 338 817 275 818 315 819 317 820 316 821 297 822 299 822 298 822 350 823 286 824 287 825 288 826 360 826 287 826 352 827 348 827 298 827 351 828 298 829 347 830 353 831 300 831 303 831 354 832 303 833 305 834 285 835 305 836 306 837 325 838 302 838 323 838 325 839 345 839 304 839 307 840 304 840 345 840 328 841 307 841 345 841 328 842 330 843 308 844 331 845 309 845 330 845 331 846 334 846 313 846 315 847 334 847 344 847 343 848 317 848 344 848 343 849 319 849 318 849 335 850 319 850 343 850 321 851 335 852 342 853 342 854 336 854 321 854 336 855 341 855 322 856 340 857 327 858 337 859 339 860 329 861 340 861 332 862 339 863 338 864 272 865 273 865 333 865 333 866 338 867 272 868 338 869 333 870 332 871 339 872 332 873 329 874 340 875 329 876 327 877 337 878 327 878 326 878 341 879 326 879 324 879 341 880 324 881 322 882 321 883 336 883 322 883 319 884 335 884 321 884 318 885 317 886 343 887 315 888 344 888 317 888 315 889 313 889 334 889 331 890 313 891 309 892 308 893 330 893 309 893 307 894 328 894 308 894 302 895 325 895 304 895 323 896 302 897 301 898 299 899 320 900 323 901 320 902 299 902 297 902 297 903 346 904 320 905 297 906 296 907 346 908 296 909 316 909 346 909 296 910 295 911 316 912 295 913 314 914 316 915 295 916 312 916 314 916 312 917 295 918 293 919 311 920 312 921 293 922 311 923 293 923 292 923 310 924 311 924 292 924 310 925 292 926 290 927 290 928 306 928 310 928 289 929 285 929 306 930 305 931 285 931 354 932 353 933 303 933 354 933 353 934 347 934 300 934 353 935 351 936 347 937 349 938 348 938 355 938 294 939 349 939 356 939 291 940 294 940 357 940 357 941 358 942 291 943 288 944 291 944 359 944 360 945 350 945 287 945 359 946 360 946 288 946 358 947 359 948 291 949 356 950 357 951 294 952 355 953 356 954 349 955 352 956 355 957 348 958 351 959 352 960 298 961 290 962 289 962 306 962 301 963 299 964 323 965 341 966 337 967 326 968 361 969 428 970 362 971 365 972 364 973 363 973 368 974 366 974 367 974 372 975 371 975 373 975 425 976 372 976 373 976 374 977 375 977 425 977 375 978 374 979 376 980 377 981 375 981 376 981 382 982 380 982 381 982 381 983 383 984 382 985 382 986 383 986 385 986 385 987 384 988 382 989 388 990 386 991 389 992 389 993 390 993 388 993 391 994 390 995 389 996 392 997 394 998 393 999 397 1000 398 1000 396 1000 399 1001 398 1002 400 1003 400 1004 402 1005 401 1006 407 1007 406 1007 404 1007 407 1008 421 1008 406 1008 409 1009 408 1009 407 1009 350 1010 408 1010 409 1010 410 1011 360 1011 359 1011 411 1012 359 1013 358 1014 415 1015 355 1015 352 1015 416 1016 352 1016 351 1016 351 1017 353 1018 416 1019 353 1020 354 1020 418 1020 354 1021 286 1022 418 1023 353 1024 418 1025 417 1026 416 1027 353 1027 417 1027 415 1028 352 1028 416 1028 414 1029 355 1029 415 1029 414 1030 356 1030 355 1030 413 1031 356 1031 414 1031 412 1032 357 1032 356 1032 412 1033 419 1034 357 1035 419 1036 358 1036 357 1036 358 1037 419 1038 411 1039 410 1040 359 1040 411 1040 350 1041 360 1041 420 1041 350 1042 420 1042 408 1042 421 1043 407 1043 408 1043 405 1044 404 1044 406 1044 404 1045 405 1046 422 1047 422 1048 403 1048 404 1048 423 1049 403 1049 422 1049 423 1050 402 1050 403 1050 423 1051 401 1051 402 1051 399 1052 400 1053 401 1053 399 1054 396 1054 398 1054 397 1055 396 1056 395 1057 395 1058 394 1058 397 1058 395 1059 393 1059 394 1059 392 1060 393 1060 424 1060 424 1061 391 1062 392 1063 390 1064 391 1064 424 1064 388 1065 387 1065 386 1065 387 1066 384 1066 386 1066 379 1067 380 1068 377 1069 371 1070 372 1070 370 1070 368 1071 371 1071 370 1071 368 1072 370 1073 369 1074 366 1075 368 1075 369 1075 366 1076 426 1076 365 1076 364 1077 362 1077 363 1077 364 1078 361 1078 362 1078 426 1079 364 1080 365 1081 410 1082 420 1083 360 1084 413 1085 412 1086 356 1087 385 1088 386 1088 384 1088 379 1089 381 1089 380 1089 378 1090 379 1091 377 1092 376 1093 378 1093 377 1093 373 1094 374 1095 425 1096 365 1097 367 1097 366 1097 430 1098 425 1099 375 1100 428 1101 427 1101 380 1101 427 1102 377 1103 380 1104 391 1105 408 1105 420 1105 286 1106 350 1107 409 1108 409 1109 418 1109 286 1109 409 1110 407 1111 418 1112 407 1113 417 1113 418 1113 417 1114 407 1114 404 1114 404 1115 416 1115 417 1115 416 1116 404 1117 403 1118 403 1119 415 1120 416 1121 414 1122 415 1122 403 1122 414 1123 403 1124 402 1125 413 1126 414 1126 400 1126 414 1127 402 1127 400 1127 400 1128 412 1128 413 1128 398 1129 397 1130 412 1131 419 1132 412 1132 397 1132 411 1133 419 1133 397 1133 397 1134 394 1135 411 1136 394 1137 410 1138 411 1139 410 1140 394 1141 392 1142 420 1143 392 1144 391 1145 392 1146 420 1146 410 1146 389 1147 408 1147 391 1147 421 1148 408 1148 389 1148 421 1149 389 1150 386 1151 386 1152 406 1152 421 1152 405 1153 406 1153 386 1153 422 1154 405 1154 385 1154 385 1155 383 1156 422 1157 423 1158 422 1158 381 1158 401 1159 423 1159 381 1159 381 1160 379 1161 401 1162 399 1163 401 1164 379 1165 378 1166 396 1166 399 1166 378 1167 376 1168 396 1169 376 1170 395 1170 396 1170 393 1171 395 1171 374 1171 393 1172 374 1173 373 1174 424 1175 393 1175 373 1175 373 1176 371 1176 424 1176 371 1177 390 1177 424 1177 390 1178 371 1178 368 1178 368 1179 388 1179 390 1179 387 1180 388 1180 367 1180 387 1181 367 1181 365 1181 365 1182 384 1182 387 1182 363 1183 382 1183 384 1183 384 1184 365 1184 363 1184 363 1185 362 1186 382 1187 362 1188 380 1188 382 1188 429 1189 375 1189 377 1189 430 1190 375 1191 429 1192 372 1193 425 1193 431 1193 372 1194 431 1195 432 1195 432 1196 370 1196 372 1196 370 1197 432 1198 433 1199 433 1200 369 1200 370 1200 366 1201 369 1201 433 1201 433 1202 434 1203 366 1204 426 1205 366 1206 434 1206 434 1207 435 1207 426 1207 426 1208 435 1208 436 1208 436 1209 364 1209 426 1209 364 1210 436 1211 437 1212 361 1213 364 1213 437 1214 361 1215 437 1216 483 1217 430 1218 431 1218 425 1218 427 1219 429 1219 377 1219 362 1220 428 1221 380 1222 368 1223 367 1224 388 1225 376 1226 374 1227 395 1228 379 1229 378 1230 399 1231 383 1232 381 1233 422 1234 386 1235 385 1235 405 1235 400 1236 398 1237 412 1238 438 1239 498 1240 439 1241 440 1242 438 1242 439 1243 441 1244 440 1244 442 1244 441 1245 442 1245 443 1245 446 1246 445 1247 447 1248 448 1249 447 1249 449 1249 449 1250 450 1250 448 1250 450 1251 449 1252 451 1253 452 1254 453 1254 450 1254 454 1255 453 1256 452 1257 457 1258 455 1259 458 1260 459 1261 458 1262 460 1263 460 1264 461 1265 459 1266 461 1267 463 1268 496 1269 463 1270 461 1271 462 1272 462 1273 465 1274 463 1275 466 1276 467 1276 464 1276 468 1277 469 1278 467 1279 468 1280 470 1281 469 1282 471 1283 470 1284 473 1285 473 1286 472 1286 471 1286 474 1287 473 1288 475 1289 476 1290 475 1291 477 1292 478 1293 477 1294 480 1295 482 1296 481 1297 480 1297 483 1298 484 1298 481 1298 485 1299 483 1299 437 1299 436 1300 486 1300 437 1300 435 1301 486 1301 436 1302 488 1303 487 1303 434 1303 487 1304 435 1304 434 1304 488 1305 434 1306 433 1307 489 1308 488 1308 433 1308 491 1309 432 1309 431 1309 428 1310 361 1311 492 1312 493 1313 429 1313 427 1314 493 1315 494 1315 429 1315 494 1316 430 1316 429 1316 430 1317 494 1318 495 1319 431 1320 430 1320 495 1320 491 1321 490 1321 432 1321 489 1322 433 1322 490 1322 486 1323 435 1324 487 1325 485 1326 437 1326 486 1326 478 1327 480 1328 479 1329 476 1330 477 1331 478 1332 470 1333 471 1334 469 1335 465 1336 464 1336 467 1336 456 1337 455 1337 457 1337 456 1338 454 1338 455 1338 456 1339 453 1339 454 1339 444 1340 445 1340 497 1340 497 1341 443 1341 444 1341 441 1342 443 1343 497 1344 438 1345 499 1345 498 1345 499 1346 501 1347 500 1348 500 1349 498 1349 499 1349 446 1350 497 1351 445 1351 448 1352 446 1353 447 1354 457 1355 458 1355 459 1355 496 1356 459 1357 461 1358 474 1359 472 1360 473 1361 476 1362 474 1362 475 1362 481 1363 479 1364 480 1365 485 1366 484 1366 483 1366 495 1367 491 1367 431 1367 492 1368 493 1369 427 1370 427 1371 428 1372 492 1373 433 1374 432 1375 490 1376 482 1377 483 1378 481 1379 466 1380 468 1381 467 1382 462 1383 464 1383 465 1383 451 1384 452 1385 450 1386 439 1387 442 1388 440 1389 505 1390 506 1390 497 1390 503 1391 446 1392 448 1393 504 1394 503 1395 448 1396 504 1397 448 1397 450 1397 445 1398 465 1399 467 1400 488 1401 489 1401 470 1401 492 1402 361 1403 483 1404 493 1405 492 1406 480 1407 492 1408 482 1408 480 1408 480 1409 494 1409 493 1409 495 1410 494 1410 477 1410 491 1411 495 1411 475 1411 491 1412 475 1413 473 1414 490 1415 491 1415 473 1415 490 1416 473 1416 470 1417 470 1418 489 1418 490 1418 468 1419 488 1420 470 1421 468 1422 487 1422 488 1422 487 1423 468 1424 466 1425 466 1426 486 1426 487 1426 486 1427 466 1428 464 1429 485 1430 464 1431 462 1432 485 1433 486 1433 464 1433 462 1434 484 1434 485 1434 481 1435 484 1436 461 1437 461 1438 460 1439 481 1440 479 1441 481 1442 460 1443 460 1444 458 1445 479 1446 478 1447 479 1447 458 1447 458 1448 455 1449 478 1450 455 1451 476 1451 478 1451 474 1452 476 1452 454 1452 474 1453 454 1453 452 1453 472 1454 474 1454 452 1454 451 1455 471 1455 472 1456 451 1457 449 1458 471 1459 469 1460 471 1460 449 1460 469 1461 449 1461 447 1461 447 1462 467 1462 469 1462 467 1463 447 1464 445 1465 445 1466 444 1467 465 1468 463 1469 465 1469 444 1469 463 1470 444 1471 443 1472 463 1473 443 1473 442 1473 496 1474 463 1474 442 1474 459 1475 496 1475 439 1475 496 1476 442 1477 439 1478 457 1479 459 1480 439 1481 439 1482 498 1483 457 1484 498 1485 456 1485 457 1485 456 1486 498 1486 500 1486 500 1487 453 1487 456 1487 453 1488 501 1488 502 1488 450 1489 502 1489 504 1489 446 1490 503 1490 505 1490 506 1491 441 1491 497 1491 500 1492 501 1493 453 1494 452 1495 451 1496 472 1497 455 1498 454 1499 476 1500 462 1501 461 1502 484 1503 477 1504 475 1505 495 1506 480 1507 477 1507 494 1507 483 1508 482 1509 492 1510 450 1511 453 1512 502 1513 497 1514 446 1514 505 1514 505 1515 503 1515 441 1515 440 1516 441 1516 438 1516 441 1517 506 1517 505 1517 441 1518 499 1518 438 1518 504 1519 502 1519 441 1519 503 1520 504 1520 441 1520 501 1521 499 1521 441 1521 502 1522 501 1522 441 1522 509 1523 507 1523 508 1523 510 1524 508 1524 507 1524 511 1525 510 1525 507 1525 507 1526 512 1526 511 1526 512 1527 507 1527 513 1527 511 1528 512 1528 513 1528 513 1529 514 1529 511 1529 515 1530 516 1530 509 1530 509 1531 508 1531 515 1531 516 1532 517 1532 509 1532 515 1533 518 1533 517 1533 517 1534 516 1534 515 1534 513 1535 507 1535 519 1535 509 1536 517 1536 519 1536 509 1537 519 1537 507 1537 513 1538 519 1538 520 1538 525 1539 519 1539 517 1539 525 1540 517 1540 521 1540 518 1541 521 1541 517 1541 522 1542 513 1542 520 1542 513 1543 522 1543 514 1543 523 1544 524 1544 525 1544 525 1545 521 1545 523 1545 524 1546 526 1546 525 1546 523 1547 527 1547 526 1547 526 1548 524 1548 523 1548 525 1549 526 1549 519 1549 528 1550 529 1550 519 1550 529 1551 520 1551 519 1551 528 1552 519 1552 526 1552 528 1553 526 1553 530 1553 527 1554 530 1554 526 1554 531 1555 532 1555 528 1555 528 1556 530 1556 531 1556 531 1557 522 1557 520 1557 520 1558 532 1558 531 1558 532 1559 520 1559 529 1559 532 1560 529 1560 528 1560 510 1561 535 1561 534 1561 530 1562 540 1562 537 1562 522 1563 538 1563 533 1563 533 1564 514 1564 522 1564 522 1565 541 1565 538 1565 511 1566 542 1566 535 1566 523 1567 544 1567 536 1567 536 1568 540 1568 527 1568 537 1569 541 1569 531 1569 533 1570 542 1570 514 1570 542 1571 511 1571 514 1571 537 1572 531 1572 530 1572 534 1573 539 1573 508 1573 521 1574 547 1574 546 1574 544 1575 523 1575 521 1575 534 1576 508 1576 510 1576 515 1577 543 1577 545 1577 543 1578 515 1578 508 1578 547 1579 521 1579 518 1579 518 1580 545 1580 547 1580 540 1581 530 1581 527 1581 510 1582 511 1582 535 1582 508 1583 539 1583 543 1583 522 1584 531 1584 541 1584 518 1585 515 1585 545 1585 546 1586 544 1586 521 1586 527 1587 523 1587 536 1587 549 1588 548 1588 534 1588 550 1589 549 1589 535 1589 551 1590 550 1590 542 1590 552 1591 551 1591 533 1591 553 1592 552 1592 538 1592 554 1593 553 1593 541 1593 555 1594 554 1594 537 1594 556 1595 555 1595 540 1595 537 1596 540 1596 555 1596 541 1597 537 1597 554 1597 538 1598 541 1598 553 1598 533 1599 538 1599 552 1599 542 1600 533 1600 551 1600 535 1601 542 1601 550 1601 534 1602 535 1602 549 1602 557 1603 556 1603 540 1603 559 1604 558 1604 544 1604 560 1605 546 1605 547 1605 562 1606 561 1606 543 1606 539 1607 534 1607 548 1607 543 1608 539 1608 562 1608 545 1609 543 1609 561 1609 547 1610 545 1610 560 1610 544 1611 546 1611 559 1611 536 1612 544 1612 558 1612 540 1613 536 1613 557 1613 564 1614 563 1614 557 1614 565 1615 564 1615 536 1615 566 1616 565 1616 559 1616 567 1617 566 1617 546 1617 568 1618 567 1618 560 1618 569 1619 568 1619 545 1619 570 1620 569 1620 561 1620 571 1621 570 1621 562 1621 572 1622 571 1622 548 1622 539 1623 548 1623 571 1623 562 1624 539 1624 571 1624 561 1625 562 1625 570 1625 545 1626 561 1626 569 1626 560 1627 545 1627 568 1627 546 1628 560 1628 567 1628 559 1629 546 1629 566 1629 558 1630 559 1630 565 1630 536 1631 558 1631 565 1631 557 1632 536 1632 564 1632 556 1633 557 1633 563 1633 573 1634 572 1634 549 1634 574 1635 573 1635 549 1635 575 1636 574 1636 550 1636 576 1637 575 1637 551 1637 577 1638 576 1638 552 1638 578 1639 577 1639 553 1639 579 1640 578 1640 554 1640 580 1641 579 1641 555 1641 563 1642 580 1642 556 1642 555 1643 556 1643 580 1643 554 1644 555 1644 579 1644 553 1645 554 1645 578 1645 552 1646 553 1646 577 1646 551 1647 552 1647 576 1647 550 1648 551 1648 575 1648 549 1649 550 1649 574 1649 548 1650 549 1650 572 1650 564 1651 581 1651 563 1651 582 1652 564 1652 565 1652 583 1653 582 1653 565 1653 584 1654 583 1654 567 1654 585 1655 569 1655 570 1655 586 1656 585 1656 571 1656 571 1657 572 1657 586 1657 570 1658 571 1658 585 1658 568 1659 569 1659 584 1659 567 1660 568 1660 584 1660 566 1661 567 1661 583 1661 565 1662 566 1662 583 1662 587 1663 586 1663 572 1663 574 1664 587 1664 573 1664 589 1665 576 1665 577 1665 590 1666 589 1666 578 1666 591 1667 590 1667 579 1667 581 1668 591 1668 580 1668 580 1669 563 1669 581 1669 579 1670 580 1670 591 1670 578 1671 579 1671 590 1671 577 1672 578 1672 589 1672 575 1673 576 1673 588 1673 574 1674 575 1674 588 1674 572 1675 573 1675 587 1675 595 1676 586 1676 587 1676 592 1677 582 1677 583 1677 569 1678 594 1678 593 1678 593 1679 592 1679 584 1679 593 1680 584 1680 569 1680 569 1681 585 1681 594 1681 597 1682 591 1682 581 1682 581 1683 596 1683 597 1683 582 1684 592 1684 596 1684 583 1685 584 1685 592 1685 585 1686 595 1686 594 1686 589 1687 600 1687 598 1687 585 1688 586 1688 595 1688 596 1689 581 1689 564 1689 564 1690 582 1690 596 1690 599 1691 600 1691 589 1691 591 1692 597 1692 599 1692 601 1693 595 1693 587 1693 601 1694 587 1694 574 1694 574 1695 588 1695 601 1695 588 1696 598 1696 601 1696 589 1697 590 1697 599 1697 590 1698 591 1698 599 1698 588 1699 576 1699 598 1699 576 1700 589 1700 598 1700 602 1701 603 1701 597 1701 603 1702 604 1702 599 1702 604 1703 605 1703 600 1703 605 1704 606 1704 598 1704 606 1705 608 1705 609 1705 608 1706 610 1706 595 1706 606 1707 605 1707 611 1707 606 1708 611 1708 612 1708 608 1709 606 1709 613 1709 608 1710 613 1710 614 1710 610 1711 608 1711 614 1711 601 1712 607 1712 609 1712 629 1713 615 1713 602 1713 603 1714 602 1714 615 1714 603 1715 615 1715 616 1715 604 1716 603 1716 616 1716 616 1717 617 1717 604 1717 617 1718 605 1718 604 1718 617 1719 611 1719 605 1719 607 1720 601 1720 598 1720 609 1721 595 1721 601 1721 612 1722 613 1722 606 1722 595 1723 609 1723 608 1723 609 1724 607 1724 606 1724 607 1725 598 1725 606 1725 598 1726 600 1726 605 1726 600 1727 599 1727 604 1727 599 1728 597 1729 603 1728 610 1730 618 1731 594 1732 618 1733 619 1734 593 1735 619 1736 620 1736 593 1736 620 1737 621 1737 592 1737 621 1738 622 1738 596 1738 622 1739 602 1740 597 1741 623 1742 618 1742 610 1742 618 1743 623 1743 624 1743 618 1744 624 1744 625 1744 619 1745 625 1745 626 1745 620 1746 619 1746 626 1746 620 1747 626 1747 627 1747 621 1748 620 1748 627 1748 621 1749 627 1749 628 1749 628 1750 622 1750 621 1750 602 1751 622 1751 629 1751 628 1752 629 1753 622 1754 625 1755 619 1755 618 1755 614 1756 623 1756 610 1756 597 1757 596 1757 622 1757 596 1758 592 1758 621 1758 592 1759 593 1759 620 1759 593 1760 594 1761 618 1762 594 1763 595 1763 610 1763 628 1764 631 1764 630 1764 617 1765 616 1765 632 1765 637 1766 614 1766 636 1766 637 1767 623 1767 614 1767 613 1768 636 1768 614 1768 612 1769 634 1769 635 1769 632 1770 616 1770 615 1770 638 1771 632 1772 615 1773 615 1774 629 1775 638 1776 629 1777 628 1778 630 1779 630 1780 638 1780 629 1780 611 1781 617 1781 633 1781 612 1782 611 1783 634 1783 613 1784 612 1785 635 1786 636 1787 613 1787 635 1787 634 1788 611 1788 633 1788 632 1789 633 1790 617 1791 639 1792 641 1792 640 1792 642 1793 640 1793 641 1793 641 1794 631 1794 642 1794 628 1795 642 1795 631 1795 628 1796 627 1796 642 1796 643 1797 642 1797 627 1797 627 1798 644 1798 643 1798 644 1799 627 1799 626 1799 626 1800 645 1800 644 1800 626 1801 625 1801 645 1801 652 1802 650 1802 651 1802 651 354 639 354 652 354 639 1803 640 1803 652 1803 646 1804 636 1804 635 1804 648 1805 635 1805 634 1805 633 1806 648 1806 634 1806 649 1807 648 1807 633 1807 650 1808 633 1808 632 1808 647 1809 635 1810 648 1811 635 1812 647 1812 646 1812 646 1813 637 1813 636 1813 639 1814 632 1815 638 1816 641 1817 638 1817 631 1817 631 1818 638 1818 630 1818 646 1819 653 1819 637 1819 639 1820 651 1820 632 1820 641 1821 639 1822 638 1823 632 1824 651 1824 650 1824 633 1825 650 1826 649 1827 664 1828 662 1828 661 1828 665 1829 664 1830 663 1831 666 1832 665 1832 667 1832 667 1833 668 1833 669 1834 671 1835 669 1835 668 1835 670 1836 669 1837 671 1838 670 1839 671 1840 672 1841 672 1842 674 1843 673 1844 674 1845 675 1845 673 1845 684 1846 681 1846 682 1846 684 1847 682 1848 683 1849 685 1850 683 1850 686 1850 688 1851 689 1851 687 1851 689 1852 688 1852 690 1852 691 1853 689 1854 690 1853 690 1855 692 1856 691 1857 695 1858 697 1858 696 1858 699 1859 698 1859 697 1859 699 1860 700 1861 701 1861 702 1862 700 1862 703 1862 703 1863 704 1863 702 1863 706 1864 705 1864 709 1864 708 1865 707 1866 709 1865 708 1867 709 1867 710 1867 711 1868 708 1869 710 1870 653 1871 713 1872 712 1873 713 1874 646 1875 647 1876 714 1877 713 1877 647 1877 714 1878 647 1878 648 1878 715 1879 648 1880 649 1881 716 1882 715 1882 650 1882 716 1883 650 1884 652 1885 717 1886 716 1886 652 1886 640 1887 717 1887 652 1887 640 1888 642 1888 721 1889 720 1890 642 1891 643 1892 720 1893 643 1893 644 1893 645 1894 718 1894 644 1894 645 1895 719 1895 718 1895 719 1896 645 1897 625 1898 624 1899 623 1899 637 1899 624 1900 637 1901 719 1902 720 1903 644 1904 718 1905 720 1906 721 1907 642 1908 717 1909 640 1909 721 1909 712 1910 711 1910 653 1910 712 1911 708 1911 711 1911 706 1912 709 1912 707 1912 704 1913 705 1913 706 1913 704 1914 703 1914 705 1914 699 1915 701 1915 698 1915 698 1916 696 1917 697 1917 685 1918 684 1918 683 1918 680 1919 679 1920 678 1921 678 1922 676 1922 677 1922 660 1923 661 1924 662 1925 660 1926 662 1926 659 1926 658 1927 657 1927 659 1927 658 1928 654 1929 657 1930 655 1931 654 1932 722 1931 656 1933 722 1933 654 1933 658 1934 656 1935 654 1936 666 1937 664 1938 665 1939 669 1940 666 1941 667 1942 670 1943 672 1944 673 1945 676 1946 673 1946 675 1946 681 1947 679 1947 682 1947 687 1948 685 1948 686 1948 693 1949 691 1949 692 1949 696 1950 693 1950 695 1950 702 1951 701 1951 700 1951 714 1952 648 1953 715 1952 625 1954 624 1955 719 1954 649 1956 650 1956 715 1956 653 1957 646 1957 713 1957 694 1958 695 1958 693 1958 692 1959 694 1960 693 1961 686 1962 688 1963 687 1964 680 1965 682 1966 679 1967 677 1968 680 1968 678 1968 675 1969 677 1969 676 1969 661 1970 663 1971 664 1972 657 1973 660 1974 659 1975 656 1976 723 1976 722 1976 662 1977 724 1977 659 1978 655 1979 678 1980 679 1981 660 1982 684 1982 685 1982 691 1983 665 1984 689 1985 680 1986 702 1987 704 1988 713 1989 692 1989 712 1989 717 1990 700 1991 716 1992 637 1993 653 1994 711 1995 711 1996 719 1996 637 1996 718 1997 719 1997 710 1997 718 1998 710 1998 709 1998 720 1999 718 1999 709 1999 705 2000 721 2001 720 2002 703 2003 717 2003 721 2003 717 2004 703 2005 700 2006 716 2007 700 2007 699 2008 715 2009 716 2009 699 2009 715 2010 699 2011 697 2012 714 2013 715 2013 695 2013 715 2014 697 2015 695 2016 694 2017 713 2017 714 2017 712 2018 692 2019 690 2020 708 2021 712 2021 690 2021 708 2022 690 2023 688 2024 708 2025 688 2025 686 2025 707 2026 708 2026 686 2026 686 2027 683 2027 707 2027 683 2028 706 2028 707 2028 704 2029 706 2029 682 2029 706 2030 683 2031 682 2032 680 2033 704 2033 682 2033 680 2034 701 2034 702 2034 677 2035 675 2035 701 2035 675 2036 698 2037 701 2038 696 2039 698 2039 674 2039 674 2040 672 2040 696 2040 696 2041 672 2042 671 2043 671 2044 693 2044 696 2044 693 2045 671 2045 668 2045 668 2046 691 2046 693 2046 668 2047 667 2047 691 2047 691 2048 667 2048 665 2048 665 2049 663 2049 689 2049 687 2050 689 2051 663 2052 661 2053 685 2053 687 2053 660 2054 685 2054 661 2054 684 2055 660 2056 657 2057 681 2058 684 2058 657 2058 679 2059 657 2059 654 2060 657 2061 679 2061 681 2061 679 2062 654 2063 655 2064 676 2065 678 2065 725 2065 726 2066 673 2066 676 2066 673 2067 726 2068 727 2069 673 2070 727 2070 728 2070 728 2071 670 2072 673 2073 728 2074 669 2074 670 2074 669 2075 728 2075 729 2075 666 2076 669 2076 730 2076 669 2077 729 2078 730 2079 664 2080 666 2080 731 2080 662 2081 664 2081 731 2081 731 2082 732 2083 662 2084 724 2085 662 2085 732 2085 659 2086 724 2086 733 2086 733 2087 658 2088 659 2088 656 2089 658 2089 734 2089 658 2090 733 2090 734 2090 734 2091 723 2091 656 2091 723 2092 734 2092 784 2092 730 2093 731 2093 666 2093 725 2094 726 2094 676 2094 655 2095 725 2096 678 2097 663 2098 661 2099 687 2100 675 2101 674 2101 698 2101 680 2102 677 2102 701 2102 694 2103 692 2104 713 2105 695 2106 694 2106 714 2106 705 2107 703 2108 721 2109 709 2110 705 2110 720 2110 711 2111 710 2112 719 2113 735 2114 736 2115 737 2116 740 2117 739 2117 735 2117 745 2118 743 2118 744 2118 746 2119 745 2119 744 2119 800 2120 746 2121 747 2122 751 2123 798 2123 752 2123 798 2124 750 2125 752 2126 751 2127 752 2128 753 2129 756 2130 755 2130 758 2130 757 2131 756 2131 758 2131 757 2132 758 2133 759 2134 759 2135 761 2136 757 2137 760 2138 762 2138 761 2138 764 2139 762 2139 760 2139 764 2140 765 2140 763 2140 765 2141 764 2141 766 2141 768 2142 797 2142 767 2142 768 2143 769 2144 797 2145 772 2146 771 2146 773 2146 774 2147 773 2147 775 2147 775 2148 777 2148 776 2148 777 2149 796 2150 776 2149 778 2151 796 2151 777 2151 780 2152 779 2152 778 2152 783 2153 781 2153 780 2153 784 2154 782 2155 783 2154 785 2156 782 2156 784 2156 734 2157 785 2157 784 2157 794 2158 795 2158 733 2158 795 2159 734 2159 733 2159 724 2160 794 2160 733 2160 732 2161 786 2161 724 2161 729 2162 728 2162 788 2162 727 2163 788 2163 728 2163 726 2164 725 2164 789 2164 725 2165 655 2165 722 2165 727 2166 726 2167 790 2168 727 2169 790 2169 791 2169 788 2170 727 2170 791 2170 729 2171 788 2172 792 2173 730 2174 729 2174 792 2174 730 2175 792 2176 787 2177 787 2178 731 2178 730 2178 731 2179 787 2179 793 2179 732 2180 731 2180 793 2180 786 2181 732 2181 793 2181 794 2182 724 2182 786 2182 795 2183 785 2183 734 2183 780 2184 781 2184 779 2184 773 2185 774 2185 772 2185 770 2186 771 2187 772 2188 770 2189 772 2190 797 2191 797 2192 769 2193 770 2194 767 2195 765 2196 766 2197 763 2198 762 2198 764 2198 755 2199 756 2200 754 2201 754 2202 753 2202 755 2202 754 2203 751 2203 753 2203 750 2204 798 2205 749 2206 748 2207 749 2207 799 2207 799 2208 747 2208 748 2208 747 2209 799 2210 800 2211 746 2212 800 2213 745 2214 745 2215 742 2216 743 2217 741 2218 743 2218 742 2218 742 2219 739 2220 741 2221 740 2222 741 2222 739 2222 738 2223 735 2224 739 2225 738 2226 736 2227 735 2228 761 2229 759 2229 760 2229 776 2230 774 2231 775 2232 779 2233 796 2233 778 2233 782 2234 781 2235 783 2236 789 2237 790 2238 726 2239 722 2240 789 2241 725 2242 766 2243 768 2244 767 2245 748 2246 750 2246 749 2246 801 2247 736 2247 738 2247 739 2248 811 2248 738 2248 802 2249 799 2249 749 2249 804 2250 749 2251 798 2252 803 2253 751 2253 754 2253 737 2254 754 2255 756 2256 735 2257 756 2258 757 2259 776 2260 753 2260 774 2260 776 2261 796 2261 755 2261 758 2262 755 2263 796 2264 779 2265 758 2265 796 2265 779 2266 781 2267 759 2268 782 2269 760 2269 781 2269 782 2270 785 2270 764 2270 766 2271 785 2272 795 2273 794 2274 768 2275 795 2276 794 2277 770 2277 769 2277 786 2278 770 2278 794 2278 771 2279 786 2279 793 2279 773 2280 771 2280 793 2280 793 2281 787 2282 773 2283 775 2284 773 2285 787 2286 787 2287 792 2287 775 2288 791 2289 778 2289 788 2289 790 2290 780 2291 791 2292 783 2293 790 2294 789 2295 722 2296 723 2296 784 2296 784 2297 789 2297 722 2297 789 2298 784 2299 783 2300 790 2301 783 2302 780 2303 791 2304 780 2305 778 2306 788 2307 778 2307 777 2307 792 2308 777 2308 775 2308 770 2309 786 2309 771 2309 769 2310 768 2311 794 2312 766 2313 795 2314 768 2315 766 2316 764 2316 785 2316 782 2317 764 2318 760 2319 759 2320 781 2320 760 2320 758 2321 779 2321 759 2321 753 2322 776 2322 755 2322 774 2323 753 2323 752 2323 750 2324 772 2324 774 2324 772 2325 750 2325 748 2325 748 2326 797 2326 772 2326 748 2327 747 2328 797 2329 747 2330 767 2331 797 2332 747 2333 746 2334 767 2335 746 2336 765 2336 767 2336 746 2337 763 2337 765 2337 763 2338 746 2339 744 2340 762 2341 763 2341 744 2341 762 2342 744 2342 743 2342 761 2343 762 2343 743 2343 761 2344 743 2345 741 2346 741 2347 757 2347 761 2347 740 2348 735 2348 757 2348 756 2349 735 2349 737 2349 803 2350 798 2351 751 2351 749 2352 804 2352 802 2352 802 2353 805 2354 799 2355 800 2356 799 2356 806 2356 745 2357 800 2357 807 2357 742 2358 745 2359 808 2360 808 2361 809 2362 742 2363 739 2364 742 2364 810 2364 811 2365 801 2365 738 2365 810 2366 811 2366 739 2366 809 2367 810 2368 742 2369 807 2370 808 2371 745 2372 806 2373 807 2374 800 2375 805 2376 806 2377 799 2378 803 2379 804 2379 798 2379 737 2380 803 2380 754 2380 741 2381 740 2382 757 2383 752 2384 750 2385 774 2386 792 2387 788 2387 777 2387 812 2388 879 2389 813 2390 816 2391 815 2391 814 2391 819 2392 817 2393 818 2393 823 2394 822 2394 824 2394 876 2395 823 2395 824 2395 825 2396 826 2397 876 2398 826 2399 825 2400 827 2401 828 2402 826 2402 827 2402 833 2403 831 2403 832 2403 832 2404 834 2405 833 2406 833 2407 834 2408 836 2409 836 2410 835 2410 833 2410 839 2411 837 2412 840 2413 840 2414 841 2414 839 2414 842 2415 841 2416 840 2417 843 2418 845 2419 844 2420 848 2421 849 2421 847 2421 850 2422 849 2423 851 2424 851 2425 853 2425 852 2425 853 2426 854 2427 873 2428 858 2429 857 2429 855 2429 858 2430 872 2431 857 2432 860 2433 859 2433 801 2433 861 2434 811 2434 810 2434 862 2435 810 2436 809 2437 807 2438 864 2438 863 2438 805 2439 865 2439 806 2439 805 2440 802 2440 866 2440 802 2441 804 2441 867 2441 868 2442 867 2442 804 2442 868 2443 804 2444 803 2445 869 2446 803 2446 737 2446 737 2447 736 2447 869 2447 803 2448 869 2449 868 2450 867 2451 866 2452 802 2453 865 2454 807 2454 806 2454 863 2455 808 2456 807 2457 863 2458 870 2459 808 2460 870 2461 809 2461 808 2461 809 2462 870 2463 862 2464 861 2465 810 2465 862 2465 801 2466 811 2466 871 2466 801 2467 871 2467 860 2467 872 2468 859 2468 860 2468 856 2469 855 2469 857 2469 855 2470 856 2471 873 2472 873 2473 854 2474 855 2475 874 2476 853 2476 873 2476 874 2477 852 2478 853 2479 850 2480 851 2480 852 2480 850 2481 847 2481 849 2481 848 2482 847 2483 846 2484 846 2485 845 2485 848 2485 846 2486 844 2486 845 2486 843 2487 844 2487 875 2487 875 2488 842 2489 843 2490 841 2491 842 2491 875 2491 839 2492 838 2493 837 2494 838 2495 835 2495 837 2495 830 2496 831 2497 828 2498 822 2499 823 2499 821 2499 819 2500 822 2500 821 2500 819 2501 821 2501 820 2501 817 2502 819 2503 820 2504 817 2505 877 2506 816 2507 815 2508 813 2509 814 2510 815 2511 812 2511 813 2511 877 2512 815 2513 816 2514 861 2515 871 2516 811 2517 865 2518 864 2519 807 2520 866 2521 865 2522 805 2523 858 2524 859 2525 872 2526 836 2527 837 2528 835 2529 830 2530 832 2530 831 2530 829 2531 830 2532 828 2533 827 2534 829 2534 828 2534 824 2535 825 2536 876 2537 816 2538 818 2538 817 2538 881 2539 876 2539 826 2539 879 2540 878 2540 831 2540 878 2541 828 2542 831 2543 842 2544 860 2544 871 2544 801 2545 859 2545 869 2545 858 2546 868 2547 869 2548 868 2549 858 2550 855 2551 867 2552 868 2552 855 2552 867 2553 855 2554 854 2555 854 2556 866 2556 867 2556 865 2557 866 2557 853 2557 866 2558 854 2559 853 2560 864 2561 865 2562 853 2563 864 2564 853 2565 851 2566 851 2567 863 2567 864 2567 849 2568 848 2569 863 2570 870 2571 863 2571 848 2571 862 2572 870 2572 848 2572 848 2573 845 2574 862 2575 845 2576 861 2577 862 2578 861 2579 845 2580 843 2581 871 2582 843 2583 842 2584 843 2585 871 2585 861 2585 840 2586 860 2586 842 2586 872 2587 860 2587 840 2587 872 2588 840 2589 837 2590 837 2591 857 2592 872 2593 856 2594 857 2594 837 2594 873 2595 856 2595 836 2595 836 2596 834 2597 873 2598 874 2599 873 2599 832 2599 852 2600 874 2600 832 2600 832 2601 830 2601 852 2601 850 2602 852 2602 830 2602 829 2603 847 2604 850 2605 829 2606 827 2607 847 2608 827 2609 846 2609 847 2609 844 2610 846 2610 825 2610 844 2611 825 2612 824 2613 875 2614 844 2614 824 2614 824 2615 822 2615 875 2615 822 2616 841 2616 875 2616 841 2617 822 2617 819 2617 819 2618 839 2619 841 2620 838 2621 839 2621 818 2621 838 2622 818 2622 816 2622 816 2623 835 2624 838 2625 814 2626 833 2626 835 2626 835 2627 816 2627 814 2627 814 2628 813 2629 833 2630 813 2631 831 2631 833 2631 880 2632 826 2632 828 2632 881 2633 826 2634 880 2634 823 2635 876 2635 882 2635 823 2636 882 2636 883 2636 883 2637 821 2637 823 2637 821 2638 883 2639 884 2640 884 2641 820 2641 821 2641 817 2642 820 2643 884 2644 884 2645 885 2646 817 2646 877 2647 817 2648 885 2649 885 2650 886 2650 877 2650 877 2651 886 2652 887 2652 887 2653 815 2653 877 2653 815 2654 887 2655 888 2654 812 2656 815 2657 888 2658 812 2659 888 2660 934 2661 881 2662 882 2663 876 2664 878 2665 880 2666 828 2667 813 2668 879 2669 831 2670 819 2671 818 2672 839 2673 827 2674 825 2675 846 2676 830 2677 829 2678 850 2679 834 2680 832 2681 873 2682 837 2683 836 2683 856 2683 851 2684 849 2685 863 2686 859 2687 858 2688 869 2689 869 2690 736 2690 801 2690 889 2691 948 2692 890 2693 891 2694 889 2694 890 2694 892 2695 891 2695 893 2695 892 2696 893 2696 894 2696 897 2697 896 2698 898 2699 899 2700 898 2700 900 2701 900 2702 901 2702 899 2702 901 2703 900 2703 902 2703 902 2704 904 2704 901 2704 905 2705 904 2705 903 2705 906 2706 908 2706 907 2706 908 2707 906 2708 909 2709 910 2710 909 2711 912 2712 912 2713 911 2714 910 2715 912 2716 914 2716 911 2716 912 2717 913 2718 914 2719 914 2720 913 2721 915 2722 915 2723 916 2724 914 2725 917 2726 918 2726 915 2726 919 2727 920 2727 918 2727 919 2728 921 2729 920 2728 922 2730 921 2731 924 2732 924 2733 923 2733 922 2733 925 2734 924 2735 926 2736 927 2737 926 2738 928 2738 929 2739 928 2739 931 2739 933 2740 932 2740 931 2740 935 2741 934 2741 888 2741 887 2742 936 2743 888 2744 886 2745 936 2745 887 2745 937 2746 936 2746 886 2746 938 2747 885 2748 884 2749 939 2750 938 2750 884 2750 941 2751 883 2751 882 2751 879 2752 812 2753 942 2754 943 2755 880 2756 878 2755 943 2757 944 2758 880 2759 944 2760 881 2760 880 2760 881 2761 944 2762 945 2763 882 2764 881 2764 945 2764 941 2765 940 2765 883 2765 939 2766 884 2766 940 2766 886 2767 885 2768 938 2769 935 2770 888 2771 936 2772 932 2773 934 2774 946 2775 929 2776 931 2777 930 2778 927 2779 928 2780 929 2781 921 2782 922 2783 920 2782 916 2784 915 2784 918 2784 907 2785 905 2785 906 2785 907 2786 904 2786 905 2786 895 2787 896 2787 947 2787 947 2788 894 2788 895 2788 892 2789 894 2789 947 2789 889 2790 949 2790 948 2790 949 2791 951 2792 950 2793 950 2794 948 2794 949 2794 897 2795 947 2796 896 2797 899 2798 897 2799 898 2800 908 2801 909 2801 910 2801 925 2802 923 2803 924 2804 927 2805 925 2806 926 2807 932 2808 930 2809 931 2810 935 2811 946 2812 934 2813 938 2814 937 2814 886 2814 945 2815 941 2816 882 2817 942 2818 943 2819 878 2820 878 2821 879 2822 942 2823 884 2824 883 2825 940 2826 933 2827 934 2828 932 2829 917 2830 919 2831 918 2832 902 2833 903 2834 904 2835 890 2836 893 2837 891 2838 955 2839 956 2839 947 2839 953 2840 897 2841 899 2842 954 2843 953 2844 899 2845 954 2846 899 2846 901 2846 896 2847 916 2848 918 2849 938 2850 939 2850 921 2850 942 2851 812 2852 934 2853 943 2854 942 2854 931 2854 942 2855 933 2855 931 2855 931 2856 944 2856 943 2856 945 2857 944 2857 928 2857 941 2858 945 2858 926 2858 941 2859 926 2859 924 2859 940 2860 941 2860 924 2860 940 2861 924 2862 921 2863 921 2864 939 2864 940 2864 919 2865 938 2866 921 2866 919 2867 937 2867 938 2867 937 2868 919 2869 917 2870 917 2871 936 2871 937 2871 936 2872 917 2873 915 2874 935 2875 936 2875 915 2875 935 2876 915 2877 913 2878 913 2879 946 2879 935 2879 932 2880 946 2880 913 2880 913 2881 912 2882 932 2883 930 2884 932 2884 912 2884 912 2885 909 2886 930 2887 929 2888 930 2888 909 2888 909 2889 906 2890 929 2891 906 2892 927 2892 929 2892 925 2893 927 2893 905 2893 925 2894 905 2894 903 2894 923 2895 925 2896 903 2897 903 2898 902 2899 923 2900 902 2901 922 2901 923 2901 902 2902 900 2903 922 2904 920 2905 922 2905 900 2905 920 2906 900 2906 898 2906 898 2907 918 2907 920 2907 918 2908 898 2909 896 2910 896 2911 895 2912 916 2913 914 2914 916 2915 895 2916 914 2917 895 2918 894 2919 914 2920 894 2920 893 2920 911 2921 914 2921 893 2921 910 2922 911 2922 890 2922 911 2923 893 2924 890 2925 908 2926 910 2926 890 2926 890 2927 948 2928 908 2929 948 2930 907 2930 908 2930 907 2931 948 2932 950 2932 950 2933 904 2933 907 2933 904 2934 951 2935 952 2936 901 2937 952 2938 954 2939 897 2940 953 2940 955 2940 956 2941 892 2941 947 2941 950 2942 951 2943 904 2944 906 2945 905 2946 927 2947 928 2948 926 2949 945 2950 931 2951 928 2951 944 2951 934 2952 933 2953 942 2954 901 2955 904 2956 952 2957 947 2958 897 2958 955 2958 955 2959 953 2959 892 2959 891 2960 892 2960 889 2960 892 2961 956 2961 955 2961 892 2962 949 2962 889 2962 954 2963 952 2963 892 2963 953 2964 954 2964 892 2964 951 2965 949 2965 892 2965 952 2966 951 2966 892 2966 959 2967 957 2967 958 2967 960 2968 958 2968 957 2968 961 2969 960 2969 957 2969 957 2970 962 2970 961 2970 962 2971 957 2971 963 2971 961 2972 962 2972 963 2972 963 2973 964 2973 961 2973 965 2974 966 2974 959 2974 959 2975 958 2975 965 2975 966 2976 967 2976 959 2976 965 2977 968 2977 967 2977 967 2978 966 2978 965 2978 963 2979 957 2979 969 2979 959 2980 967 2980 969 2980 959 2981 969 2981 957 2981 963 2982 969 2982 970 2982 975 2983 969 2983 967 2983 975 2984 967 2984 971 2984 968 2985 971 2985 967 2985 972 2986 963 2986 970 2986 963 2987 972 2987 964 2987 973 2988 974 2988 975 2988 975 2989 971 2989 973 2989 974 2990 976 2990 975 2990 973 2991 977 2991 976 2991 976 2992 974 2992 973 2992 975 2993 976 2993 969 2993 978 2994 979 2994 969 2994 979 2995 970 2995 969 2995 978 2996 969 2996 976 2996 978 2997 976 2997 980 2997 977 2998 980 2998 976 2998 981 2999 982 2999 978 2999 978 3000 980 3000 981 3000 981 3001 972 3001 970 3001 970 3002 982 3002 981 3002 982 3003 970 3003 979 3003 982 3004 979 3004 978 3004 980 3005 983 3005 987 3005 984 3006 983 3006 977 3006 981 3007 987 3007 986 3007 958 3008 991 3008 988 3008 985 3009 973 3009 971 3009 987 3010 981 3010 980 3010 958 3011 988 3011 992 3011 968 3012 993 3012 994 3012 997 3013 964 3013 972 3013 994 3014 971 3014 968 3014 983 1581 980 1581 977 1581 996 3015 990 3015 961 3015 990 3016 991 3016 960 3016 992 3017 989 3017 965 3017 985 3018 984 3018 973 3018 997 3019 995 3019 964 3019 961 3020 995 3020 996 3020 995 3021 961 3021 964 3021 965 3022 989 3022 993 3022 992 3023 965 3023 958 3023 972 3024 986 3024 997 3024 991 3025 958 3025 960 3025 972 3026 981 3026 986 3026 968 3027 965 3027 993 3027 960 3028 961 3028 990 3028 994 3029 985 3029 971 3029 977 3030 973 3030 984 3030 999 3031 998 3032 991 3033 1000 3034 999 3034 990 3034 1001 3035 1000 3035 996 3035 1002 3036 1001 3036 995 3036 1003 3037 1002 3037 997 3037 1004 3038 1003 3038 997 3038 1005 3039 1004 3039 986 3039 1006 3040 1005 3040 987 3040 1007 3041 1006 3041 983 3041 987 3042 983 3042 1006 3042 986 3043 987 3043 1005 3043 997 3044 986 3044 1004 3044 995 3045 997 3045 1002 3045 996 3046 995 3046 1001 3046 990 3047 996 3048 1000 3049 991 3050 990 3051 999 3052 1008 3053 1007 3053 983 3053 1009 3054 1008 3054 984 3054 1010 3055 1009 3055 985 3055 1012 3056 1011 3056 993 3056 988 3057 991 3058 998 3059 993 3060 989 3060 1012 3060 994 3061 993 3061 1011 3061 985 3062 994 3062 1010 3062 984 3063 985 3063 1009 3063 983 3064 984 3064 1008 3064 1013 3065 1032 3065 1007 3065 1014 3066 1013 3066 1008 3066 1015 3067 1014 3067 1009 3067 1016 3068 1015 3068 1010 3068 1017 3069 1016 3069 1010 3069 1018 3070 1017 3070 1011 3070 1019 3071 1018 3071 1011 3071 1020 3072 1019 3072 1012 3072 1021 3073 1020 3074 989 3075 1022 3076 1021 3076 992 3076 1023 3077 1022 3078 988 3079 988 3080 998 3080 1023 3080 992 3081 988 3081 1022 3081 989 3082 992 3083 1021 3084 1012 3085 989 3085 1020 3085 1011 3086 1012 3086 1019 3086 994 3087 1011 3087 1017 3087 1010 3088 994 3088 1017 3088 1009 3089 1010 3089 1015 3089 1008 3090 1009 3090 1014 3090 1007 3091 1008 3091 1013 3091 1024 3092 1023 3093 998 3094 1025 3095 1024 3095 999 3095 1026 3096 1025 3096 1000 3096 1027 3097 1026 3097 1001 3097 1028 3098 1027 3098 1002 3098 1029 3099 1028 3099 1003 3099 1030 3100 1029 3100 1004 3100 1031 3101 1030 3101 1005 3101 1032 3102 1031 3102 1006 3102 1006 3103 1007 3103 1032 3103 1005 3104 1006 3104 1031 3104 1004 3105 1005 3105 1030 3105 1003 3106 1004 3106 1029 3106 1002 3107 1003 3107 1028 3107 1001 3108 1002 3108 1027 3108 1000 3109 1001 3109 1026 3109 999 3110 1000 3110 1025 3110 998 3111 999 3111 1024 3111 1033 3112 1044 3112 1013 3112 1034 3113 1033 3113 1015 3113 1035 3114 1016 3114 1017 3114 1019 3115 1035 3115 1018 3115 1036 3116 1020 3117 1021 3118 1037 3119 1036 3120 1023 3121 1022 3122 1023 3123 1036 3124 1021 3125 1022 3125 1036 3125 1017 3126 1018 3126 1035 3126 1015 3127 1016 3127 1034 3127 1014 3128 1015 3128 1033 3128 1013 3129 1014 3129 1033 3129 1032 3130 1013 3130 1044 3130 1038 3131 1037 3131 1024 3131 1039 3132 1038 3132 1025 3132 1040 3133 1039 3133 1026 3133 1041 3134 1040 3134 1027 3134 1042 3135 1041 3135 1028 3135 1030 3136 1042 3136 1029 3136 1044 3137 1043 3137 1031 3137 1031 3138 1032 3138 1044 3138 1030 3139 1031 3139 1043 3139 1028 3140 1029 3140 1042 3140 1027 3141 1028 3141 1041 3141 1026 3142 1027 3142 1040 3142 1025 3143 1026 3143 1039 3143 1024 3144 1025 3145 1038 3144 1023 3146 1024 3147 1037 3148 1045 3149 1048 3149 1035 3149 1035 3150 1019 3150 1045 3150 1019 3151 1020 3151 1045 3151 1020 3152 1047 3152 1045 3152 1044 3153 1046 3153 1055 3153 1046 3154 1044 3154 1033 3154 1048 3155 1034 3155 1016 3155 1034 3156 1048 3156 1046 3156 1016 3157 1035 3157 1048 3157 1047 3158 1020 3158 1036 3158 1033 3159 1034 3159 1046 3159 1036 3160 1049 3160 1047 3160 1050 3161 1051 3161 1042 3161 1050 3162 1043 3162 1044 3162 1044 3163 1055 3163 1050 3163 1052 3164 1049 3164 1038 3164 1051 3165 1041 3165 1042 3165 1049 3166 1037 3166 1038 3166 1039 3167 1053 3167 1052 3167 1053 3168 1039 3168 1040 3168 1036 3169 1037 3169 1049 3169 1042 3170 1030 3170 1050 3170 1038 3171 1039 3171 1052 3171 1040 3172 1041 3172 1053 3172 1030 3173 1043 3173 1050 3173 1041 3174 1051 3174 1053 3174 1054 3175 1056 3176 1055 3177 1056 3178 1057 3178 1050 3178 1057 3179 1058 3179 1051 3179 1058 3180 1059 3180 1053 3180 1059 3181 1061 3181 1062 3181 1061 3182 1063 3182 1049 3182 1059 3183 1058 3183 1064 3183 1059 3184 1064 3184 1065 3184 1061 3185 1059 3185 1066 3185 1061 3186 1066 3186 1067 3186 1063 3187 1061 3187 1067 3187 1052 3188 1060 3189 1062 3190 1083 3191 1068 3191 1054 3191 1056 3192 1054 3192 1068 3192 1056 3193 1068 3193 1069 3193 1057 3194 1056 3194 1069 3194 1069 3195 1070 3195 1057 3195 1070 3196 1058 3196 1057 3196 1070 3197 1064 3197 1058 3197 1060 3198 1052 3198 1053 3198 1062 3199 1049 3199 1052 3199 1065 3200 1066 3200 1059 3200 1049 3201 1062 3201 1061 3201 1062 3202 1060 3202 1059 3202 1060 3203 1053 3203 1059 3203 1053 3204 1051 3204 1058 3204 1051 3205 1050 3205 1057 3205 1050 3206 1055 3206 1056 3206 1063 3207 1071 3207 1047 3207 1071 3208 1072 3208 1045 3208 1072 3209 1073 3209 1045 3209 1073 3210 1074 3210 1048 3210 1074 3211 1076 3211 1075 3211 1076 3212 1054 3212 1055 3212 1046 3213 1075 3213 1055 3213 1077 3214 1071 3214 1063 3214 1071 3215 1077 3215 1078 3215 1071 3216 1078 3216 1079 3216 1072 3217 1079 3217 1080 3217 1073 3218 1072 3218 1080 3218 1073 3219 1080 3219 1081 3219 1074 3220 1073 3220 1081 3220 1074 3221 1081 3221 1082 3221 1082 3222 1076 3222 1074 3222 1054 3223 1076 3223 1083 3223 1082 3224 1083 3224 1076 3224 1079 3225 1072 3225 1071 3225 1067 3226 1077 3226 1063 3226 1075 3227 1046 3228 1048 3229 1055 3230 1075 3231 1076 3232 1075 3233 1048 3233 1074 3233 1048 3234 1045 3235 1073 3236 1045 3237 1047 3237 1071 3237 1047 3238 1049 3238 1063 3238 1082 3239 1085 3239 1084 3239 1070 3240 1069 3240 1086 3240 1087 3241 1088 3241 1064 3241 1090 3242 1067 3243 1089 3244 1090 3245 1077 3245 1067 3245 1066 3246 1089 3246 1067 3246 1070 3247 1086 3248 1087 3247 1091 3249 1086 3250 1069 3251 1091 3252 1069 3252 1068 3252 1092 3253 1091 3254 1068 3255 1068 3256 1083 3257 1092 3258 1083 3259 1082 3260 1084 3261 1084 3262 1092 3263 1083 3264 1064 3265 1070 3265 1087 3265 1065 3266 1064 3267 1088 3268 1066 3269 1065 3270 1088 3271 1089 3272 1066 3272 1088 3272 1093 3273 1095 3273 1094 3273 1096 3274 1094 3274 1095 3274 1095 3275 1085 3275 1096 3275 1082 3276 1096 3276 1085 3276 1082 3277 1081 3277 1096 3277 1097 3278 1096 3278 1081 3278 1081 3279 1098 3279 1097 3279 1098 3280 1081 3280 1080 3280 1080 3281 1099 3281 1098 3281 1080 3282 1079 3282 1099 3282 1107 3283 1105 3283 1106 3283 1106 3284 1093 3284 1107 3284 1093 3285 1094 3285 1107 3285 1101 3286 1089 3286 1088 3286 1104 3287 1087 3288 1086 3289 1106 3290 1086 3290 1091 3290 1088 3291 1103 3292 1102 3293 1088 3294 1102 3294 1101 3294 1089 3295 1101 3296 1100 3297 1100 3298 1090 3298 1089 3298 1090 3299 1100 3300 1166 3301 1087 3302 1103 3302 1088 3302 1093 3303 1091 3304 1092 3305 1095 3306 1092 3306 1085 3306 1085 3307 1092 3307 1084 3307 1093 3308 1106 3309 1091 3310 1095 3311 1093 3312 1092 3313 1086 3314 1106 3314 1105 3314 1086 3315 1105 3315 1104 3315 1103 3316 1087 3317 1104 3318 1118 3319 1116 3319 1115 3319 1119 3320 1118 3320 1117 3321 1120 3322 1119 3322 1121 3322 1121 3323 1122 3324 1123 3323 1125 3325 1123 3325 1122 3325 1124 3326 1123 3326 1125 3326 1124 3327 1125 3328 1126 3327 1126 3329 1128 3329 1127 3329 1128 3330 1129 3331 1127 3332 1138 3333 1135 3333 1136 3333 1138 3334 1136 3335 1137 3336 1139 3337 1137 3337 1140 3337 1142 3338 1143 3338 1141 3338 1143 3339 1142 3340 1144 3340 1145 3341 1143 3341 1144 3341 1144 3342 1146 3343 1145 3344 1149 3345 1151 3345 1150 3345 1153 3346 1152 3346 1151 3346 1153 3347 1154 3347 1155 3347 1156 3348 1154 3348 1157 3348 1157 3349 1158 3350 1156 3351 1161 3352 1160 3352 1159 3352 1162 3353 1161 3354 1164 3355 1163 3356 1162 3356 1164 3356 1163 3357 1164 3358 1165 3359 1100 3360 1168 3360 1167 3360 1168 3361 1100 3362 1101 3363 1168 3364 1101 3365 1102 3366 1169 3367 1168 3368 1102 3367 1170 3369 1103 3370 1104 3371 1171 3372 1170 3372 1105 3372 1171 3373 1105 3374 1107 3375 1172 3376 1171 3376 1107 3376 1094 3377 1172 3377 1107 3377 1094 3378 1096 3379 1176 3380 1175 3381 1096 3382 1097 3383 1175 3384 1097 3384 1098 3384 1099 3385 1173 3385 1098 3385 1099 3386 1174 3387 1173 3388 1174 3389 1099 3389 1079 3389 1078 3390 1077 3390 1090 3390 1078 3391 1090 3392 1174 3393 1175 3394 1098 3395 1173 3396 1175 3397 1176 3398 1096 3399 1172 3400 1094 3400 1176 3400 1166 3401 1100 3401 1167 3401 1167 3402 1163 3403 1166 3404 1160 3405 1161 3405 1162 3405 1158 3406 1159 3406 1160 3406 1158 3407 1157 3407 1159 3407 1153 3408 1155 3408 1152 3408 1152 3409 1150 3410 1151 3410 1139 3411 1138 3411 1137 3411 1134 3412 1133 3413 1132 3414 1132 3415 1130 3415 1131 3415 1114 3416 1115 3416 1116 3416 1114 3417 1116 3417 1113 3417 1112 3418 1111 3418 1113 3419 1112 3420 1108 3421 1111 3422 1109 3423 1108 3423 1177 3423 1110 3424 1177 3424 1108 3424 1112 3425 1110 3426 1108 3427 1120 3428 1118 3429 1119 3430 1123 3431 1120 3432 1121 3433 1124 3434 1126 3435 1127 3436 1130 3437 1127 3437 1129 3438 1135 3439 1133 3439 1136 3439 1141 3440 1139 3440 1140 3440 1147 3441 1145 3442 1146 3441 1150 3443 1147 3444 1149 3444 1156 3445 1155 3445 1154 3445 1169 3446 1103 3446 1170 3446 1079 3447 1078 3448 1174 3449 1104 3450 1105 3451 1170 3451 1102 3452 1103 3453 1169 3454 1165 3455 1166 3455 1163 3455 1148 3456 1149 3456 1147 3456 1146 3457 1148 3458 1147 3459 1140 3460 1142 3460 1141 3460 1134 3461 1136 3462 1133 3463 1131 3464 1134 3464 1132 3465 1129 3466 1131 3466 1130 3466 1115 3467 1117 3468 1118 3469 1111 3470 1114 3471 1113 3472 1110 3473 1178 3474 1177 3473 1116 3475 1179 3476 1113 3477 1109 3478 1132 3479 1133 3480 1114 3481 1138 3482 1139 3482 1145 3483 1119 3484 1143 3485 1134 3486 1156 3487 1158 3488 1168 3489 1146 3490 1167 3491 1172 3492 1154 3493 1171 3494 1166 3495 1174 3495 1090 3495 1173 3496 1174 3496 1165 3496 1165 3497 1164 3498 1173 3499 1173 3500 1164 3501 1161 3502 1175 3503 1173 3503 1161 3503 1175 3504 1161 3505 1159 3506 1159 3507 1176 3507 1175 3507 1157 3508 1172 3508 1176 3508 1172 3509 1157 3510 1154 3511 1171 3512 1154 3513 1153 3514 1170 3515 1171 3515 1153 3515 1170 3516 1153 3517 1151 3518 1169 3519 1170 3519 1149 3519 1170 3520 1151 3521 1149 3522 1148 3523 1168 3523 1169 3523 1167 3524 1146 3525 1144 3526 1163 3527 1167 3527 1144 3527 1163 3528 1144 3529 1142 3530 1163 3531 1142 3532 1140 3532 1162 3533 1163 3533 1140 3533 1140 3534 1137 3534 1162 3534 1137 3535 1160 3536 1162 3537 1158 3538 1160 3538 1136 3538 1160 3539 1137 3540 1136 3541 1134 3542 1158 3542 1136 3542 1134 3543 1155 3543 1156 3543 1131 3544 1129 3544 1155 3544 1129 3545 1152 3545 1155 3545 1150 3546 1152 3546 1128 3546 1128 3547 1126 3547 1150 3547 1150 3548 1126 3549 1125 3550 1125 3551 1147 3551 1150 3551 1147 3552 1125 3552 1122 3552 1122 3553 1145 3553 1147 3554 1122 3555 1121 3555 1145 3555 1145 3556 1121 3556 1119 3556 1119 3557 1117 3557 1143 3557 1141 3558 1143 3558 1117 3558 1115 3559 1139 3559 1141 3559 1114 3560 1139 3560 1115 3560 1138 3561 1114 3562 1111 3563 1135 3564 1138 3564 1111 3564 1133 3565 1111 3566 1108 3567 1111 3568 1133 3568 1135 3568 1133 3569 1108 3570 1109 3571 1130 3572 1132 3572 1180 3572 1181 3573 1127 3573 1130 3573 1127 3574 1181 3574 1182 3574 1127 3575 1182 3575 1183 3575 1183 3576 1124 3577 1127 3578 1183 3579 1123 3579 1124 3579 1123 3580 1183 3581 1184 3582 1120 3583 1123 3583 1185 3583 1123 3584 1184 3584 1185 3584 1118 3585 1120 3585 1186 3585 1116 3586 1118 3586 1186 3587 1186 3588 1187 3588 1116 3588 1179 3589 1116 3590 1187 3591 1113 3592 1179 3593 1188 3594 1188 3595 1112 3596 1113 3597 1110 3598 1112 3598 1189 3598 1112 3599 1188 3599 1189 3599 1189 3600 1178 3600 1110 3600 1178 3601 1189 3601 1236 3601 1185 3602 1186 3602 1120 3602 1180 3603 1181 3603 1130 3603 1109 3604 1180 3605 1132 3606 1117 3607 1115 3608 1141 3609 1129 3610 1128 3610 1152 3610 1134 3611 1131 3611 1155 3611 1148 3612 1146 3613 1168 3614 1149 3615 1148 3615 1169 3615 1159 3616 1157 3617 1176 3618 1166 3619 1165 3619 1174 3619 1190 3620 1257 3621 1191 3622 1193 3623 1192 3624 1191 3624 1195 3625 1194 3625 1193 3625 1197 3626 1195 3626 1196 3626 1198 3627 1197 3627 1196 3627 1253 3628 1198 3629 1199 3630 1203 3631 1251 3631 1204 3631 1251 3632 1202 3633 1204 3634 1203 3635 1204 3636 1205 3635 1208 3637 1207 3637 1210 3637 1209 3638 1208 3639 1210 3639 1209 3640 1210 3640 1211 3640 1211 3641 1213 3642 1209 3643 1212 3644 1214 3644 1213 3644 1216 3645 1214 3645 1212 3645 1216 3646 1217 3646 1215 3646 1217 3647 1216 3647 1218 3647 1220 3648 1250 3648 1219 3648 1220 3649 1221 3650 1250 3651 1227 3652 1229 3652 1228 3652 1229 3653 1230 3653 1228 3653 1231 3654 1230 3654 1229 3654 1232 3655 1248 3655 1231 3655 1235 3656 1233 3656 1232 3656 1236 3657 1234 3657 1235 3657 1237 3658 1234 3658 1236 3658 1189 3659 1237 3659 1236 3659 1246 3660 1247 3660 1188 3660 1247 3661 1189 3661 1188 3661 1179 3662 1246 3663 1188 3664 1187 3665 1238 3665 1179 3665 1184 3666 1183 3666 1240 3666 1182 3667 1240 3667 1183 3667 1181 3668 1180 3668 1241 3669 1180 3670 1109 3670 1177 3670 1182 3671 1181 3672 1242 3673 1182 3674 1242 3674 1243 3674 1240 3675 1182 3675 1243 3675 1184 3676 1240 3676 1244 3676 1185 3677 1184 3677 1244 3677 1185 3678 1244 3678 1239 3678 1239 3679 1186 3679 1185 3679 1186 3680 1239 3680 1245 3680 1187 3681 1186 3681 1245 3681 1238 3682 1187 3683 1245 3684 1246 3685 1179 3685 1238 3685 1247 3686 1237 3687 1189 3688 1227 3689 1228 3690 1226 3691 1225 3692 1227 3692 1226 3692 1224 3693 1225 3693 1226 3693 1226 3694 1223 3694 1224 3694 1249 3695 1224 3696 1223 3697 1222 3698 1224 3698 1249 3698 1222 3699 1249 3700 1250 3701 1250 3702 1221 3702 1222 3702 1219 3703 1217 3704 1218 3705 1215 3706 1214 3706 1216 3706 1207 3707 1208 3708 1206 3709 1206 3710 1205 3711 1207 3712 1206 3713 1203 3714 1205 3715 1202 3716 1251 3717 1201 3718 1200 3719 1201 3719 1252 3719 1252 3720 1199 3720 1200 3720 1199 3721 1252 3722 1253 3723 1198 3724 1253 3724 1197 3725 1197 3726 1194 3727 1195 3728 1194 3729 1192 3730 1193 3731 1190 3732 1191 3733 1192 3734 1213 3735 1211 3735 1212 3735 1248 3736 1230 3736 1231 3736 1233 3737 1248 3738 1232 3739 1234 3740 1233 3741 1235 3742 1241 3743 1242 3744 1181 3745 1177 3746 1241 3747 1180 3748 1218 3749 1220 3749 1219 3749 1200 3750 1202 3750 1201 3750 1192 3751 1264 3751 1190 3751 1255 3752 1252 3752 1201 3752 1254 3753 1201 3754 1251 3755 1256 3756 1203 3756 1206 3756 1257 3757 1206 3758 1208 3759 1223 3760 1202 3760 1249 3760 1228 3761 1230 3761 1207 3761 1210 3762 1207 3762 1230 3762 1248 3763 1210 3764 1230 3765 1233 3766 1211 3766 1248 3766 1234 3767 1212 3768 1233 3769 1234 3770 1237 3770 1216 3770 1218 3771 1237 3772 1247 3773 1246 3774 1220 3775 1247 3776 1246 3777 1222 3777 1221 3777 1238 3778 1222 3778 1246 3778 1224 3779 1238 3780 1245 3781 1245 3782 1239 3782 1224 3782 1239 3783 1244 3783 1225 3783 1243 3784 1231 3784 1240 3784 1242 3785 1232 3786 1243 3787 1235 3788 1242 3789 1241 3790 1177 3791 1178 3791 1236 3791 1236 3792 1241 3792 1177 3793 1241 3794 1236 3795 1235 3796 1242 3797 1235 3798 1232 3799 1243 3800 1232 3801 1231 3802 1240 3803 1231 3804 1229 3805 1244 3806 1229 3806 1227 3806 1244 3807 1227 3808 1225 3809 1224 3810 1239 3810 1225 3810 1222 3811 1238 3811 1224 3811 1221 3812 1220 3813 1246 3814 1218 3815 1247 3815 1220 3815 1218 3816 1216 3816 1237 3816 1234 3817 1216 3818 1212 3819 1211 3820 1233 3820 1212 3820 1210 3821 1248 3821 1211 3821 1205 3822 1228 3822 1207 3822 1226 3823 1205 3823 1204 3823 1249 3824 1202 3824 1200 3824 1200 3825 1250 3825 1249 3825 1200 3826 1199 3827 1250 3828 1199 3829 1219 3829 1250 3829 1199 3830 1198 3831 1219 3832 1198 3833 1217 3833 1219 3833 1198 3834 1215 3835 1217 3836 1215 3837 1198 3838 1196 3839 1214 3840 1215 3840 1196 3840 1214 3841 1196 3841 1195 3841 1213 3842 1214 3842 1195 3842 1213 3843 1195 3844 1193 3845 1193 3846 1209 3846 1213 3846 1208 3847 1209 3847 1191 3847 1191 3848 1257 3848 1208 3848 1256 3849 1206 3849 1258 3849 1256 3850 1251 3850 1203 3850 1256 3851 1254 3852 1251 3853 1253 3854 1252 3855 1259 3856 1197 3857 1253 3858 1260 3859 1194 3860 1197 3860 1261 3860 1261 3861 1262 3862 1194 3863 1192 3864 1194 3864 1263 3864 1264 3865 1265 3866 1190 3867 1265 3868 1316 3868 1190 3868 1263 3869 1264 3869 1192 3870 1262 3871 1263 3872 1194 3873 1260 3874 1261 3875 1197 3876 1259 3877 1260 3878 1253 3879 1255 3880 1259 3881 1252 3882 1254 3883 1255 3884 1201 3885 1257 3886 1258 3886 1206 3886 1193 3887 1191 3888 1209 3889 1204 3890 1202 3891 1223 3892 1244 3893 1240 3893 1229 3893 1226 3894 1228 3895 1205 3896 1223 3897 1226 3898 1204 3899 1267 3900 1266 3900 1397 3900 1266 3901 1267 3901 1268 3901 1271 3902 1333 3902 1270 3902 1271 3903 1273 3903 1272 3903 1278 3904 1277 3904 1279 3904 1332 3905 1278 3905 1279 3905 1332 3906 1280 3907 1281 3908 1285 3909 1282 3910 1283 3911 1286 3912 1285 3912 1284 3912 1288 3913 1286 3913 1287 3913 1287 3914 1289 3915 1288 3916 1288 3917 1289 3917 1291 3917 1291 3918 1290 3918 1288 3918 1294 3919 1292 3920 1295 3921 1295 3922 1296 3922 1294 3922 1297 3923 1296 3924 1295 3925 1298 3926 1300 3927 1299 3928 1303 3929 1304 3929 1302 3929 1305 3930 1304 3931 1306 3932 1306 3933 1308 3933 1307 3933 1310 3934 1313 3935 1311 3936 1312 3937 1313 3938 1314 3939 1314 3940 1328 3940 1312 3940 1317 3941 1264 3941 1263 3941 1318 3942 1263 3943 1262 3944 1322 3945 1259 3945 1255 3945 1323 3946 1255 3946 1254 3946 1324 3947 1323 3947 1254 3947 1254 3948 1256 3948 1324 3948 1325 3949 1324 3949 1256 3949 1256 3950 1258 3950 1325 3950 1190 3951 1325 3952 1257 3953 1325 3954 1258 3954 1257 3955 1322 3956 1255 3956 1323 3956 1321 3957 1259 3957 1322 3957 1321 3958 1260 3958 1259 3958 1320 3959 1260 3959 1321 3959 1319 3960 1261 3960 1260 3960 1319 3961 1326 3962 1261 3963 1326 3964 1262 3964 1261 3964 1262 3965 1326 3966 1318 3967 1317 3968 1263 3968 1318 3968 1265 3969 1264 3969 1327 3969 1265 3970 1327 3970 1315 3970 1315 3971 1316 3971 1265 3971 1328 3972 1314 3972 1315 3972 1311 3973 1313 3974 1312 3975 1310 3976 1311 3977 1329 3978 1309 3979 1310 3979 1329 3979 1330 3980 1309 3980 1329 3980 1330 3981 1308 3981 1309 3981 1330 3982 1307 3982 1308 3982 1305 3983 1306 3984 1307 3984 1305 3985 1302 3985 1304 3985 1303 3986 1302 3987 1301 3988 1301 3989 1300 3989 1303 3989 1301 3990 1299 3990 1300 3990 1298 3991 1299 3992 1331 3991 1331 3993 1297 3994 1298 3995 1296 3996 1297 3996 1331 3997 1294 3998 1293 3998 1292 3998 1293 3999 1290 3999 1292 3999 1282 4000 1332 4000 1281 4000 1277 4001 1278 4001 1276 4001 1275 4002 1277 4002 1276 4002 1275 4003 1276 4003 1274 4003 1272 4004 1273 4005 1274 4006 1272 4007 1333 4007 1271 4007 1268 4008 1269 4008 1266 4008 1333 4009 1269 4010 1270 4011 1317 4012 1327 4013 1264 4014 1320 4015 1319 4015 1260 4016 1314 4017 1316 4018 1315 4019 1291 4020 1292 4020 1290 4020 1284 4021 1287 4021 1286 4021 1283 4022 1284 4023 1285 4024 1281 4025 1283 4025 1282 4025 1279 4026 1280 4027 1332 4028 1273 4029 1275 4030 1274 4031 1268 4032 1270 4033 1269 4034 1269 4035 1333 4035 1334 4035 1337 4036 1332 4037 1282 4038 1297 4039 1315 4039 1327 4039 1325 4040 1316 4041 1314 4042 1324 4043 1325 4043 1314 4043 1324 4044 1314 4045 1313 4046 1324 4047 1313 4048 1310 4049 1323 4050 1324 4050 1310 4050 1310 4051 1322 4052 1323 4053 1322 4054 1310 4055 1309 4056 1321 4057 1322 4057 1309 4057 1321 4058 1309 4059 1308 4060 1320 4061 1321 4061 1306 4061 1321 4062 1308 4063 1306 4064 1306 4065 1319 4065 1320 4065 1304 4066 1303 4067 1319 4068 1326 4069 1319 4069 1303 4069 1318 4070 1326 4070 1303 4070 1303 4071 1300 4072 1318 4073 1300 4074 1317 4074 1318 4074 1317 4075 1300 4076 1298 4077 1327 4078 1298 4079 1297 4080 1298 4081 1327 4081 1317 4081 1295 4082 1315 4082 1297 4082 1328 4083 1315 4083 1295 4083 1328 4084 1295 4085 1292 4086 1292 4087 1312 4087 1328 4087 1311 4088 1312 4088 1292 4088 1329 4089 1311 4089 1291 4089 1291 4090 1289 4091 1329 4092 1330 4093 1329 4093 1287 4093 1307 4094 1330 4094 1287 4094 1287 4095 1284 4095 1307 4095 1305 4096 1307 4096 1284 4096 1283 4097 1302 4097 1305 4098 1283 4099 1281 4100 1302 4101 1281 4102 1301 4102 1302 4102 1299 4103 1301 4103 1280 4103 1299 4104 1280 4105 1279 4106 1331 4107 1299 4107 1279 4107 1279 4108 1277 4108 1331 4108 1277 4109 1296 4109 1331 4109 1277 4110 1275 4111 1296 4112 1294 4113 1275 4114 1273 4115 1275 4116 1294 4116 1296 4116 1293 4117 1294 4117 1273 4117 1273 4118 1271 4118 1293 4118 1271 4119 1290 4119 1293 4119 1290 4120 1271 4120 1270 4120 1270 4121 1288 4121 1290 4121 1270 4122 1268 4123 1288 4124 1268 4125 1286 4125 1288 4125 1267 4126 1285 4126 1286 4126 1282 4127 1285 4127 1335 4127 1282 4128 1335 4128 1336 4128 1336 4129 1337 4130 1282 4131 1278 4132 1332 4132 1338 4132 1338 4133 1339 4134 1278 4135 1339 4136 1276 4136 1278 4136 1276 4137 1339 4137 1340 4137 1340 4138 1274 4138 1276 4138 1272 4139 1274 4139 1341 4139 1272 4140 1341 4141 1342 4142 1333 4143 1272 4143 1342 4143 1342 4144 1343 4145 1333 4146 1343 4147 1334 4147 1333 4147 1344 4148 1266 4148 1269 4148 1269 4149 1334 4149 1344 4149 1344 4150 1397 4150 1266 4150 1344 4151 1390 4151 1397 4151 1340 4152 1341 4152 1274 4152 1337 4153 1338 4153 1332 4153 1267 4154 1335 4155 1285 4156 1268 4157 1267 4157 1286 4157 1281 4158 1280 4159 1301 4160 1284 4161 1283 4162 1305 4163 1289 4164 1287 4165 1329 4166 1292 4167 1291 4167 1311 4167 1306 4168 1304 4169 1319 4168 1190 4170 1316 4171 1325 4172 1346 4173 1345 4173 1403 4173 1346 4174 1403 4175 1347 4176 1346 4177 1347 4178 1348 4179 1349 4180 1348 4181 1350 4182 1350 4183 1352 4184 1351 4185 1353 4186 1352 4186 1354 4186 1356 4187 1353 4187 1354 4188 1358 4189 1360 4190 1359 4189 1361 4191 1360 4191 1358 4191 1365 4192 1363 4192 1364 4192 1367 4193 1365 4193 1364 4193 1367 4194 1366 4195 1365 4196 1370 4197 1369 4197 1371 4197 1372 4198 1370 4198 1371 4198 1372 4199 1371 4199 1373 4199 1376 4200 1374 4201 1375 4202 1375 4203 1377 4203 1376 4203 1380 4204 1379 4205 1381 4206 1386 4207 1385 4208 1387 4209 1388 4210 1389 4210 1387 4210 1392 4211 1391 4211 1344 4211 1344 4212 1334 4212 1392 4212 1334 4213 1343 4213 1393 4213 1343 4214 1342 4215 1393 4216 1342 4217 1394 4217 1393 4217 1395 4218 1394 4219 1341 4220 1395 4221 1341 4221 1340 4221 1340 4222 1339 4223 1400 4224 1396 4225 1339 4225 1338 4225 1397 4226 1335 4227 1267 4228 1398 4229 1336 4229 1335 4229 1337 4230 1336 4230 1399 4230 1337 4231 1399 4232 1396 4233 1400 4234 1395 4235 1340 4236 1390 4237 1391 4237 1389 4237 1388 4238 1390 4238 1389 4238 1386 4239 1387 4239 1389 4240 1383 4241 1385 4241 1386 4241 1386 4242 1384 4242 1383 4242 1383 4243 1384 4243 1401 4243 1401 4244 1382 4244 1383 4244 1381 4245 1382 4246 1401 4246 1401 4247 1402 4247 1381 4247 1380 4248 1381 4248 1402 4248 1377 4249 1378 4249 1379 4249 1372 4250 1374 4250 1376 4250 1368 4251 1369 4252 1370 4253 1366 4254 1367 4254 1369 4254 1362 4255 1363 4255 1365 4255 1362 4256 1361 4257 1363 4258 1355 4259 1356 4259 1357 4259 1355 4260 1353 4261 1356 4262 1349 4263 1350 4263 1351 4263 1348 4264 1349 4264 1346 4264 1345 4265 1404 4265 1403 4265 1405 4266 1403 4267 1404 4266 1404 4268 1406 4268 1405 4268 1408 4269 1405 4270 1406 4271 1408 4272 1406 4273 1407 4274 1353 4275 1351 4275 1352 4275 1359 4276 1355 4277 1357 4278 1362 4279 1360 4279 1361 4279 1368 4280 1366 4281 1369 4282 1380 4283 1377 4283 1379 4283 1393 4284 1392 4284 1334 4284 1396 4285 1400 4285 1339 4285 1398 4286 1399 4286 1336 4286 1397 4287 1398 4288 1335 4289 1338 4290 1337 4290 1396 4290 1342 4291 1341 4292 1394 4293 1390 4294 1344 4294 1391 4294 1375 4295 1378 4296 1377 4297 1373 4298 1374 4298 1372 4298 1357 4299 1358 4300 1359 4301 1411 4302 1351 4302 1353 4302 1410 4303 1409 4304 1355 4305 1352 4306 1372 4306 1376 4306 1356 4307 1376 4308 1377 4309 1398 4310 1397 4311 1388 4312 1388 4313 1397 4313 1390 4313 1388 4314 1387 4315 1398 4316 1399 4317 1398 4318 1387 4319 1396 4320 1385 4321 1383 4322 1396 4323 1399 4324 1385 4325 1396 4326 1383 4327 1382 4328 1382 4329 1400 4329 1396 4329 1382 4330 1381 4331 1400 4332 1395 4333 1400 4333 1381 4333 1381 4334 1379 4334 1395 4334 1378 4335 1394 4335 1395 4335 1375 4336 1393 4336 1394 4336 1394 4337 1378 4337 1375 4337 1393 4338 1375 4339 1374 4340 1392 4341 1393 4342 1374 4343 1374 4344 1373 4345 1392 4346 1392 4347 1373 4347 1371 4347 1371 4348 1391 4348 1392 4348 1371 4349 1369 4349 1391 4349 1369 4350 1389 4350 1391 4350 1389 4351 1369 4351 1367 4351 1367 4352 1386 4352 1389 4352 1384 4353 1364 4353 1363 4353 1364 4354 1384 4354 1386 4354 1401 4355 1384 4356 1361 4357 1384 4358 1363 4359 1361 4360 1361 4361 1402 4362 1401 4362 1358 4363 1380 4363 1402 4364 1377 4365 1380 4365 1357 4365 1380 4366 1358 4367 1357 4368 1356 4369 1377 4369 1357 4369 1376 4370 1354 4370 1352 4370 1352 4371 1350 4372 1372 4373 1370 4374 1372 4375 1350 4376 1350 4377 1348 4378 1370 4379 1368 4380 1370 4380 1348 4380 1368 4381 1348 4382 1347 4383 1366 4384 1368 4384 1347 4384 1366 4385 1347 4386 1403 4387 1365 4388 1366 4388 1403 4388 1365 4389 1403 4390 1405 4391 1362 4392 1365 4392 1405 4392 1362 4393 1405 4394 1408 4395 1408 4396 1407 4397 1360 4398 1360 4399 1362 4399 1408 4399 1359 4400 1360 4400 1410 4400 1360 4401 1407 4401 1410 4402 1353 4403 1409 4403 1411 4403 1356 4404 1354 4404 1376 4404 1361 4405 1358 4405 1402 4405 1367 4406 1364 4407 1386 4408 1379 4409 1378 4410 1395 4411 1387 4412 1385 4413 1399 4414 1355 4415 1359 4416 1410 4417 1353 4418 1355 4419 1409 4420 1349 4421 1345 4421 1346 4421 1411 4422 1409 4422 1349 4422 1411 4423 1349 4424 1351 4425 1404 4426 1345 4426 1349 4426 1406 4427 1404 4427 1349 4427 1409 4428 1410 4428 1349 4428 1410 4429 1407 4429 1349 4429 1407 4430 1406 4430 1349 4430 1414 4431 1412 4431 1413 4431 1415 4432 1413 4432 1412 4432 1416 4433 1415 4433 1412 4433 1412 4434 1417 4434 1416 4434 1417 4435 1412 4435 1418 4435 1416 4436 1417 4436 1418 4436 1418 4437 1419 4437 1416 4437 1420 4438 1421 4438 1414 4438 1414 4439 1413 4439 1420 4439 1421 4440 1423 4440 1422 4440 1421 4441 1422 4441 1414 4441 1420 4442 1424 4442 1423 4442 1423 4443 1421 4443 1420 4443 1418 4444 1412 4444 1425 4444 1414 4445 1422 4445 1425 4445 1422 4446 1423 4446 1425 4446 1414 4447 1425 4447 1412 4447 1418 4448 1425 4448 1426 4448 1431 4449 1423 4449 1427 4449 1424 4450 1427 4450 1423 4450 1428 4451 1418 4451 1426 4451 1418 4452 1428 4452 1419 4452 1429 4453 1430 4453 1431 4453 1431 4454 1427 4454 1429 4454 1430 4455 1432 4455 1431 4455 1429 4456 1433 4456 1432 4456 1432 4457 1430 4457 1429 4457 1431 4458 1432 4458 1425 4458 1434 4459 1435 4459 1425 4459 1435 4460 1426 4460 1425 4460 1434 4461 1425 4461 1432 4461 1431 4462 1425 4462 1423 4462 1434 4463 1432 4463 1436 4463 1433 4464 1436 4464 1432 4464 1437 4465 1438 4465 1434 4465 1434 4466 1436 4466 1437 4466 1437 4467 1428 4467 1426 4467 1426 4468 1438 4468 1437 4468 1438 4469 1426 4469 1435 4469 1438 4470 1435 4470 1434 4470 1419 4471 1439 4471 1445 4471 1433 4472 1442 4472 1440 4472 1439 4473 1419 4473 1428 4473 1416 4474 1441 4474 1444 4474 1413 4475 1448 4475 1449 4475 1445 4476 1441 4476 1416 4476 1445 4477 1416 4477 1419 4477 1413 4478 1446 4478 1448 4478 1424 4479 1450 4479 1447 4479 1451 4480 1429 4480 1427 4480 1436 4481 1440 4481 1454 4481 1428 4482 1452 4482 1443 4482 1444 4483 1446 4483 1415 4483 1447 4484 1427 4484 1424 4484 1449 4485 1420 4485 1413 4485 1451 4486 1442 4486 1429 4486 1437 4487 1454 4487 1452 4487 1443 4488 1439 4488 1428 4488 1446 4489 1413 4489 1415 4489 1449 4490 1453 4490 1420 4490 1440 4491 1436 4491 1433 4491 1454 4492 1437 4492 1436 4492 1415 4493 1416 4493 1444 4493 1424 4494 1453 4494 1450 4494 1424 4495 1420 4495 1453 4495 1428 4496 1437 4496 1452 4496 1447 4497 1451 4497 1427 4497 1433 4498 1429 4498 1442 4498 1444 4499 1455 4500 1446 4501 1457 4502 1456 4503 1441 4504 1458 4505 1445 4505 1439 4505 1459 4506 1458 4506 1443 4506 1460 4507 1459 4507 1452 4507 1461 4508 1460 4508 1454 4508 1462 4509 1461 4509 1440 4509 1454 4510 1440 4510 1461 4510 1452 4511 1454 4511 1460 4511 1443 4512 1452 4512 1459 4512 1439 4513 1443 4513 1458 4513 1441 4514 1445 4515 1457 4516 1444 4517 1441 4518 1456 4519 1463 4520 1462 4520 1440 4520 1464 4521 1463 4521 1442 4521 1465 4522 1464 4522 1451 4522 1466 4523 1465 4523 1451 4523 1450 4524 1466 4524 1447 4524 1468 4525 1467 4525 1453 4526 1448 4527 1446 4528 1455 4529 1453 4530 1449 4531 1468 4532 1450 4533 1453 4533 1467 4533 1451 4534 1447 4534 1466 4534 1442 4535 1451 4535 1464 4535 1440 4536 1442 4536 1463 4536 1469 4537 1488 4537 1463 4537 1470 4538 1469 4538 1464 4538 1471 4539 1470 4539 1465 4539 1472 4540 1471 4540 1466 4540 1473 4541 1472 4541 1450 4541 1474 4542 1473 4542 1450 4542 1475 4543 1474 4543 1467 4543 1476 4544 1475 4545 1468 4546 1477 4547 1476 4547 1449 4547 1478 4548 1477 4548 1448 4548 1448 4549 1455 4550 1478 4551 1449 4552 1448 4553 1477 4554 1468 4555 1449 4556 1476 4557 1467 4558 1468 4558 1475 4558 1450 4559 1467 4559 1474 4559 1466 4560 1450 4560 1472 4560 1465 4561 1466 4561 1471 4561 1464 4562 1465 4562 1470 4562 1463 4563 1464 4563 1469 4563 1462 4564 1463 4564 1488 4564 1479 4565 1478 4566 1455 4567 1480 4568 1479 4568 1444 4568 1481 4569 1480 4569 1457 4569 1482 4570 1481 4570 1445 4570 1483 4571 1482 4571 1458 4571 1484 4572 1483 4572 1459 4572 1485 4573 1484 4573 1459 4573 1486 4574 1485 4574 1460 4574 1487 4575 1486 4575 1460 4575 1488 4576 1487 4576 1461 4576 1461 4577 1462 4577 1488 4577 1460 4578 1461 4578 1487 4578 1459 4579 1460 4579 1485 4579 1458 4580 1459 4580 1483 4580 1445 4581 1458 4581 1482 4581 1457 4582 1445 4582 1481 4582 1456 4583 1457 4584 1480 4585 1444 4586 1456 4586 1480 4586 1455 4587 1444 4587 1479 4587 1470 4588 1489 4588 1469 4588 1490 4589 1470 4589 1471 4589 1491 4590 1490 4590 1472 4590 1474 4591 1491 4591 1473 4591 1492 4592 1475 4593 1476 4594 1493 4595 1492 4595 1478 4595 1477 4596 1478 4597 1492 4598 1476 4599 1477 4600 1492 4601 1472 4602 1473 4602 1491 4602 1471 4603 1472 4603 1490 4603 1488 4604 1469 4604 1489 4604 1494 4605 1493 4606 1479 4607 1495 4608 1494 4608 1480 4608 1496 4609 1495 4609 1481 4609 1497 4610 1482 4610 1483 4610 1485 4611 1497 4611 1484 4611 1498 4612 1486 4612 1487 4612 1489 4613 1498 4613 1488 4613 1487 4614 1488 4614 1498 4614 1483 4615 1484 4615 1497 4615 1481 4616 1482 4616 1496 4616 1480 4617 1481 4617 1495 4617 1479 4618 1480 4618 1494 4618 1478 4619 1479 4620 1493 4621 1499 4622 1489 4622 1470 4622 1499 4623 1470 4623 1490 4623 1502 4624 1500 4624 1491 4624 1501 4625 1498 4625 1489 4625 1489 4626 1499 4626 1501 4626 1490 4627 1500 4627 1499 4627 1500 4628 1490 4628 1491 4628 1491 4629 1474 4629 1502 4629 1474 4630 1475 4630 1502 4630 1475 4631 1504 4631 1502 4631 1504 4632 1475 4632 1492 4632 1492 4633 1503 4633 1504 4633 1492 4634 1493 4634 1503 4634 1497 4635 1506 4635 1507 4635 1505 4636 1506 4636 1485 4636 1503 4637 1493 4637 1494 4637 1507 4638 1503 4638 1495 4638 1498 4639 1501 4639 1505 4639 1494 4640 1495 4640 1503 4640 1507 4641 1495 4641 1496 4641 1497 4642 1485 4642 1506 4642 1485 4643 1486 4643 1505 4643 1507 4644 1482 4644 1497 4644 1486 4645 1498 4645 1505 4645 1496 4646 1482 4646 1507 4646 1508 4647 1509 4647 1501 4647 1509 4648 1510 4649 1505 4649 1510 4650 1511 4650 1506 4650 1511 4651 1512 4651 1507 4651 1512 4652 1514 4652 1515 4652 1514 4653 1516 4654 1515 4655 1512 4656 1511 4656 1523 4656 1512 4657 1523 4657 1517 4657 1514 4658 1512 4658 1518 4658 1514 4659 1518 4659 1519 4659 1516 4660 1514 4660 1519 4660 1503 4661 1513 4662 1515 4663 1536 4664 1520 4665 1508 4666 1509 4667 1508 4667 1520 4667 1509 4668 1520 4668 1521 4668 1510 4669 1509 4669 1521 4669 1521 4670 1522 4670 1510 4670 1522 4671 1511 4671 1510 4671 1522 4672 1523 4672 1511 4672 1513 4673 1503 4673 1507 4673 1517 4674 1518 4674 1512 4674 1515 4675 1513 4675 1512 4675 1513 4676 1507 4676 1512 4676 1507 4677 1506 4677 1511 4677 1506 4678 1505 4678 1510 4678 1505 4679 1501 4679 1509 4679 1516 4680 1524 4681 1504 4682 1524 4683 1525 4683 1502 4683 1525 4684 1527 4684 1526 4684 1527 4685 1528 4685 1500 4685 1528 4686 1529 4686 1499 4686 1529 4687 1508 4688 1501 4689 1503 4690 1515 4690 1504 4690 1530 4691 1524 4691 1516 4691 1524 4692 1530 4692 1531 4692 1524 4693 1531 4693 1532 4693 1525 4694 1532 4694 1533 4694 1527 4695 1525 4695 1533 4695 1527 4696 1533 4696 1534 4696 1528 4697 1527 4697 1534 4697 1528 4698 1534 4698 1535 4698 1535 4699 1529 4699 1528 4699 1508 4700 1529 4700 1536 4700 1535 4701 1536 4701 1529 4701 1532 4702 1525 4702 1524 4702 1519 4703 1530 4703 1516 4703 1526 4704 1500 4705 1502 4706 1501 4707 1499 4708 1529 4709 1499 4710 1500 4711 1528 4712 1500 4713 1526 4714 1527 4715 1526 4716 1502 4716 1525 4716 1502 4717 1504 4718 1524 4719 1504 4720 1515 4720 1516 4720 1535 4721 1538 4721 1537 4721 1522 4722 1521 4722 1539 4722 1543 4723 1519 4724 1542 4725 1543 4726 1530 4726 1519 4726 1518 4727 1542 4728 1519 4729 1517 4730 1541 4731 1542 4732 1540 4733 1541 4733 1517 4733 1517 4734 1523 4734 1540 4734 1540 4735 1523 4736 1522 4737 1522 4738 1539 4739 1540 4740 1544 4741 1539 4742 1521 4743 1544 4744 1521 4745 1520 4746 1545 4747 1544 4748 1520 4749 1520 4750 1536 4751 1545 4752 1536 4753 1535 4753 1537 4753 1537 4754 1545 4754 1536 4754 1518 4755 1517 4756 1542 4757 1546 4758 1548 4758 1547 4758 1549 4759 1547 4759 1548 4759 1548 4760 1538 4760 1549 4760 1535 4761 1549 4761 1538 4761 1535 4762 1534 4762 1549 4762 1550 4763 1549 4763 1534 4763 1534 4764 1551 4764 1550 4764 1551 4765 1534 4765 1533 4765 1533 4766 1552 4766 1551 4766 1533 4767 1532 4767 1552 4767 1559 4768 1557 4768 1558 4768 1558 4769 1546 4769 1559 4769 1546 4770 1547 4770 1559 4770 1554 4771 1542 4771 1541 4771 1555 4772 1541 4772 1540 4772 1556 4773 1540 4774 1539 4775 1558 4776 1539 4776 1544 4776 1554 4777 1541 4778 1555 4779 1542 4780 1554 4780 1553 4780 1553 4781 1543 4781 1542 4781 1546 4782 1544 4783 1545 4784 1548 4785 1545 4785 1538 4785 1538 4786 1545 4786 1537 4786 1553 4787 1560 4787 1543 4787 1546 4788 1558 4789 1544 4790 1548 4791 1546 4792 1545 4793 1539 4794 1558 4794 1557 4794 1539 4795 1557 4796 1556 4796 1555 4797 1540 4797 1556 4797 1571 4798 1569 4798 1568 4798 1572 4799 1571 4800 1570 4801 1573 4802 1572 4802 1574 4802 1574 4803 1575 4803 1576 4803 1578 4804 1576 4804 1575 4804 1577 4805 1576 4805 1578 4805 1577 4806 1578 4807 1579 4808 1579 4809 1581 4810 1580 4811 1581 4812 1582 4812 1580 4812 1591 4813 1588 4813 1589 4813 1591 4814 1589 4815 1590 4816 1592 4817 1590 4817 1593 4817 1595 4818 1596 4818 1594 4818 1596 4819 1595 4820 1597 4821 1598 4822 1596 4822 1597 4822 1597 4823 1599 4824 1598 4825 1602 4826 1604 4826 1603 4826 1606 4827 1605 4827 1604 4827 1606 4828 1607 4829 1608 4830 1609 4831 1607 4831 1610 4831 1610 4832 1611 4833 1609 4832 1613 4834 1612 4834 1616 4834 1615 4835 1614 4835 1616 4835 1615 4836 1616 4836 1617 4836 1618 4837 1615 4838 1617 4839 1560 4840 1620 4841 1619 4842 1620 4843 1553 4844 1554 4845 1621 4846 1620 4846 1554 4846 1621 4847 1554 4848 1555 4849 1622 4850 1555 4850 1556 4850 1623 4851 1622 4852 1557 4851 1623 4853 1557 4854 1559 4855 1624 4856 1623 4856 1559 4856 1547 4857 1624 4857 1559 4857 1547 4858 1549 4859 1628 4860 1627 4861 1549 4861 1550 4861 1627 4862 1550 4862 1551 4862 1552 4863 1625 4864 1551 4865 1552 4866 1626 4866 1625 4866 1626 4867 1552 4867 1532 4867 1531 4868 1530 4868 1543 4868 1531 4869 1543 4870 1626 4871 1627 4872 1551 4873 1625 4874 1627 4875 1628 4876 1549 4877 1624 4878 1547 4878 1628 4878 1619 4879 1618 4880 1560 4881 1619 4882 1615 4883 1618 4882 1613 4884 1616 4884 1614 4884 1611 4885 1612 4885 1613 4885 1611 4886 1610 4887 1612 4888 1606 4889 1608 4890 1605 4891 1605 4892 1603 4893 1604 4894 1592 4895 1591 4895 1590 4895 1587 4896 1586 4896 1585 4896 1585 4897 1583 4898 1584 4899 1567 4900 1568 4901 1569 4902 1567 4903 1569 4903 1566 4903 1565 4904 1564 4904 1566 4904 1565 4905 1561 4906 1564 4905 1562 4907 1561 4907 1629 4907 1563 4908 1629 4908 1561 4908 1565 4909 1563 4910 1561 4911 1573 4912 1571 4913 1572 4914 1576 4915 1573 4916 1574 4917 1577 4918 1579 4918 1580 4918 1583 4919 1580 4920 1582 4921 1588 4922 1586 4922 1589 4922 1594 4923 1592 4924 1593 4925 1600 4926 1598 4926 1599 4926 1603 4927 1600 4927 1602 4927 1609 4928 1608 4928 1607 4928 1621 4929 1555 4930 1622 4929 1532 4931 1531 4931 1626 4931 1556 4932 1557 4932 1622 4932 1560 4933 1553 4934 1620 4935 1601 4936 1602 4936 1600 4936 1599 4937 1601 4938 1600 4939 1593 4940 1595 4940 1594 4940 1587 4941 1589 4942 1586 4943 1584 4944 1587 4944 1585 4944 1582 4945 1584 4945 1583 4945 1568 4946 1570 4947 1571 4948 1564 4949 1567 4950 1566 4951 1563 4952 1630 4952 1629 4952 1569 4953 1631 4954 1566 4955 1562 4956 1585 4957 1586 4958 1567 4959 1591 4959 1592 4959 1598 4960 1572 4960 1596 4960 1587 4961 1609 4962 1611 4963 1620 4964 1599 4965 1619 4966 1624 4967 1607 4967 1623 4967 1543 4968 1560 4969 1618 4970 1618 4971 1626 4971 1543 4971 1625 4972 1626 4972 1617 4972 1625 4973 1617 4974 1616 4973 1627 4975 1625 4975 1616 4975 1612 4976 1628 4976 1627 4976 1610 4977 1624 4977 1628 4977 1624 4978 1610 4979 1607 4980 1623 4981 1607 4982 1606 4982 1622 4983 1623 4983 1606 4983 1622 4984 1606 4985 1604 4986 1621 4987 1622 4987 1602 4987 1622 4988 1604 4988 1602 4988 1601 4989 1620 4989 1621 4989 1619 4990 1599 4991 1597 4992 1615 4993 1619 4993 1597 4993 1615 4994 1597 4995 1595 4996 1615 4997 1595 4998 1593 4999 1614 5000 1615 5001 1593 5002 1593 5003 1590 5004 1614 5003 1590 5005 1613 5005 1614 5005 1611 5006 1613 5007 1589 5008 1613 5009 1590 5010 1589 5011 1587 5012 1611 5012 1589 5012 1587 5013 1608 5013 1609 5013 1584 5014 1582 5014 1608 5014 1582 5015 1605 5016 1608 5017 1603 5018 1605 5018 1581 5018 1581 5019 1579 5019 1603 5019 1603 5020 1579 5021 1578 5022 1578 5023 1600 5023 1603 5023 1600 5024 1578 5024 1575 5024 1575 5025 1598 5025 1600 5025 1575 5026 1574 5026 1598 5026 1598 5027 1574 5027 1572 5027 1572 5028 1570 5028 1596 5028 1594 5029 1596 5029 1570 5029 1568 5030 1592 5031 1594 5032 1567 5033 1592 5033 1568 5033 1591 5034 1567 5035 1564 5036 1588 5037 1591 5037 1564 5037 1586 5038 1564 5039 1561 5040 1564 5041 1586 5041 1588 5041 1586 5042 1561 5043 1562 5044 1583 5045 1585 5045 1632 5045 1633 5046 1580 5047 1583 5048 1580 5049 1633 5049 1634 5049 1580 5050 1634 5050 1635 5050 1635 5051 1577 5051 1580 5051 1635 5052 1576 5052 1577 5052 1576 5053 1635 5053 1636 5053 1573 5054 1576 5054 1637 5054 1576 5055 1636 5055 1637 5055 1571 5056 1573 5056 1638 5056 1569 5057 1571 5057 1638 5057 1638 5058 1639 5059 1569 5058 1631 5060 1569 5060 1639 5060 1566 5061 1631 5062 1640 5063 1640 5064 1565 5065 1566 5066 1563 5067 1565 5067 1641 5067 1565 5068 1640 5068 1641 5068 1641 5069 1630 5070 1563 5070 1630 5071 1641 5072 1691 5073 1637 5074 1638 5074 1573 5074 1632 5075 1633 5075 1583 5075 1562 5076 1632 5077 1585 5078 1570 5079 1568 5080 1594 5081 1582 5082 1581 5082 1605 5082 1587 5083 1584 5083 1608 5083 1601 5084 1599 5085 1620 5086 1602 5087 1601 5087 1621 5087 1612 5088 1610 5089 1628 5090 1616 5091 1612 5091 1627 5091 1618 5092 1617 5093 1626 5094 1644 5095 1642 5096 1645 5097 1642 5098 1643 5099 1645 5100 1647 5101 1646 5101 1645 5101 1652 5102 1650 5102 1651 5102 1653 5103 1652 5104 1651 5105 1708 5106 1653 5107 1654 5108 1658 5109 1706 5109 1659 5109 1706 5110 1657 5111 1659 5112 1658 5113 1659 5113 1660 5113 1663 5114 1662 5114 1665 5114 1664 5115 1663 5115 1665 5115 1664 5116 1665 5116 1666 5116 1666 5117 1668 5118 1664 5119 1667 5120 1669 5120 1668 5120 1671 5121 1669 5121 1667 5121 1671 5122 1672 5122 1670 5122 1672 5123 1671 5123 1673 5123 1675 5124 1705 5124 1674 5124 1675 5125 1676 5126 1705 5127 1682 5128 1684 5128 1683 5128 1684 5129 1685 5129 1683 5129 1686 5130 1685 5131 1684 5132 1687 5133 1703 5133 1686 5133 1690 5134 1688 5134 1687 5134 1691 5135 1689 5135 1690 5136 1692 5137 1689 5137 1691 5137 1641 5138 1692 5138 1691 5138 1701 5139 1702 5139 1640 5139 1702 5140 1641 5140 1640 5140 1631 5141 1701 5141 1640 5141 1639 5142 1693 5142 1631 5142 1636 5143 1635 5143 1695 5143 1634 5144 1695 5144 1635 5144 1633 5145 1632 5145 1696 5145 1632 5146 1562 5146 1629 5146 1634 5147 1633 5148 1697 5149 1634 5150 1697 5150 1698 5150 1695 5151 1634 5151 1698 5151 1636 5152 1695 5152 1699 5152 1637 5153 1636 5153 1699 5153 1637 5154 1699 5154 1694 5154 1694 5155 1638 5155 1637 5155 1638 5156 1694 5156 1700 5156 1639 5157 1638 5157 1700 5157 1693 5158 1639 5159 1700 5160 1701 5161 1631 5162 1693 5163 1702 5164 1692 5165 1641 5166 1682 5167 1683 5168 1681 5169 1680 5170 1682 5170 1681 5170 1679 5171 1680 5171 1681 5171 1681 5172 1678 5173 1679 5174 1704 5175 1679 5175 1678 5175 1677 5176 1679 5176 1704 5176 1677 5177 1704 5178 1705 5179 1705 5180 1676 5181 1677 5182 1674 5183 1672 5183 1673 5183 1670 5184 1669 5184 1671 5184 1662 5185 1663 5186 1661 5187 1661 5188 1660 5189 1662 5188 1661 5190 1658 5190 1660 5190 1657 5191 1706 5192 1656 5193 1655 5194 1656 5194 1707 5194 1707 5195 1654 5195 1655 5195 1654 5196 1707 5197 1708 5198 1653 5199 1708 5200 1652 5201 1652 5202 1649 5203 1650 5204 1648 5205 1650 5205 1649 5205 1649 5206 1646 5207 1648 5208 1647 5209 1648 5209 1646 5210 1644 5211 1645 5212 1646 5213 1668 5214 1666 5214 1667 5214 1703 5215 1685 5215 1686 5215 1688 5216 1703 5217 1687 5218 1689 5219 1688 5220 1690 5221 1696 5222 1697 5223 1633 5224 1629 5225 1696 5226 1632 5227 1673 5228 1675 5228 1674 5228 1655 5229 1657 5229 1656 5229 1646 5230 1718 5230 1644 5230 1710 5231 1707 5231 1656 5231 1709 5232 1656 5233 1706 5234 1711 5235 1658 5235 1661 5235 1643 5236 1661 5237 1663 5238 1645 5239 1663 5240 1664 5241 1678 5242 1657 5242 1704 5242 1683 5243 1685 5243 1662 5243 1665 5244 1662 5244 1685 5244 1703 5245 1665 5246 1685 5247 1688 5248 1666 5248 1703 5248 1689 5249 1667 5249 1688 5250 1689 5251 1692 5251 1671 5251 1673 5252 1692 5253 1702 5254 1701 5255 1675 5255 1702 5255 1701 5256 1677 5256 1676 5256 1693 5257 1677 5258 1701 5259 1679 5260 1693 5260 1700 5260 1700 5261 1694 5261 1679 5261 1694 5262 1699 5262 1680 5262 1698 5263 1686 5263 1695 5263 1697 5264 1687 5264 1698 5264 1690 5265 1697 5266 1696 5267 1629 5268 1630 5268 1691 5268 1691 5269 1696 5269 1629 5269 1696 5270 1691 5271 1690 5272 1697 5273 1690 5274 1687 5275 1698 5276 1687 5277 1686 5278 1695 5279 1686 5279 1684 5279 1699 5280 1684 5280 1682 5280 1699 5281 1682 5282 1680 5283 1679 5284 1694 5284 1680 5284 1677 5285 1693 5285 1679 5285 1676 5286 1675 5287 1701 5288 1673 5289 1702 5289 1675 5289 1673 5290 1671 5291 1692 5292 1689 5293 1671 5294 1667 5295 1666 5296 1688 5296 1667 5296 1665 5297 1703 5297 1666 5297 1660 5298 1683 5298 1662 5298 1681 5299 1660 5300 1659 5301 1704 5302 1657 5302 1655 5302 1655 5303 1705 5304 1704 5305 1655 5306 1654 5307 1705 5308 1654 5309 1674 5309 1705 5309 1654 5310 1653 5311 1674 5312 1653 5313 1672 5313 1674 5313 1653 5314 1670 5314 1672 5314 1670 5315 1653 5316 1651 5317 1669 5318 1670 5319 1651 5320 1669 5321 1651 5321 1650 5321 1668 5322 1669 5322 1650 5322 1668 5323 1650 5324 1648 5325 1648 5326 1664 5326 1668 5326 1647 5327 1645 5327 1664 5327 1645 5328 1643 5328 1663 5328 1712 5329 1661 5329 1643 5329 1711 5330 1661 5330 1712 5330 1711 5331 1706 5331 1658 5331 1711 5332 1709 5333 1706 5334 1708 5335 1707 5335 1713 5335 1652 5336 1708 5336 1714 5336 1649 5337 1652 5337 1715 5337 1715 5338 1716 5339 1649 5340 1646 5341 1649 5341 1717 5341 1718 5342 1719 5343 1644 5344 1719 5345 1642 5346 1644 5347 1719 5348 1770 5348 1642 5348 1717 5349 1718 5349 1646 5349 1716 5350 1717 5351 1649 5352 1714 5353 1715 5354 1652 5355 1713 5356 1714 5357 1708 5358 1710 5359 1713 5359 1707 5360 1709 5361 1710 5362 1656 5363 1648 5364 1647 5364 1664 5365 1659 5366 1657 5367 1678 5368 1699 5369 1695 5369 1684 5369 1681 5370 1683 5371 1660 5372 1678 5373 1681 5373 1659 5373 1720 5374 1789 5375 1721 5376 1724 5377 1723 5377 1722 5377 1725 5378 1787 5378 1724 5378 1725 5379 1727 5379 1726 5379 1732 5380 1731 5381 1733 5382 1786 5383 1732 5383 1733 5383 1734 5384 1735 5385 1786 5386 1735 5387 1734 5388 1736 5389 1737 5390 1735 5390 1736 5390 1742 5391 1740 5392 1741 5392 1741 5393 1743 5394 1742 5395 1742 5396 1743 5397 1745 5398 1745 5399 1744 5400 1742 5401 1748 5402 1746 5403 1749 5404 1749 5405 1750 5406 1748 5407 1751 5408 1750 5409 1749 5410 1752 5411 1754 5412 1753 5413 1757 5414 1758 5415 1756 5416 1759 5417 1758 5418 1760 5419 1760 5420 1762 5420 1761 5420 1764 5421 1767 5421 1765 5421 1766 5422 1767 5423 1768 5424 1768 5425 1782 5426 1766 5426 1771 5427 1718 5427 1717 5427 1772 5428 1717 5429 1716 5430 1776 5431 1713 5431 1710 5431 1777 5432 1710 5432 1709 5432 1709 5433 1711 5434 1777 5435 1711 5436 1779 5436 1778 5436 1711 5437 1712 5438 1779 5439 1712 5440 1642 5440 1779 5440 1643 5441 1642 5442 1712 5442 1777 5443 1711 5444 1778 5445 1776 5446 1710 5446 1777 5446 1775 5447 1713 5447 1776 5447 1775 5448 1714 5448 1713 5448 1774 5449 1714 5449 1775 5449 1773 5450 1715 5450 1714 5450 1773 5451 1780 5452 1715 5453 1780 5454 1716 5454 1715 5454 1716 5455 1780 5456 1772 5457 1771 5458 1717 5458 1772 5458 1719 5459 1718 5460 1781 5461 1719 5462 1781 5462 1769 5462 1769 5463 1770 5463 1719 5463 1782 5464 1768 5465 1769 5465 1765 5466 1767 5467 1766 5468 1764 5469 1765 5470 1783 5471 1763 5472 1764 5472 1783 5472 1784 5473 1763 5474 1783 5475 1784 5476 1762 5477 1763 5478 1784 5479 1761 5480 1762 5481 1759 5482 1760 5482 1761 5482 1759 5483 1756 5483 1758 5483 1757 5484 1756 5485 1755 5486 1755 5487 1754 5487 1757 5487 1755 5488 1753 5489 1754 5490 1752 5491 1753 5491 1785 5491 1785 5492 1751 5493 1752 5494 1750 5495 1751 5495 1785 5495 1748 5496 1747 5496 1746 5496 1747 5497 1744 5497 1746 5497 1739 5498 1740 5499 1737 5500 1731 5501 1732 5501 1730 5501 1729 5502 1731 5503 1730 5504 1729 5505 1730 5505 1728 5505 1726 5506 1727 5506 1728 5506 1726 5507 1787 5507 1725 5507 1723 5508 1721 5508 1722 5508 1723 5509 1720 5509 1721 5509 1787 5510 1723 5511 1724 5512 1771 5513 1781 5514 1718 5515 1774 5516 1773 5517 1714 5516 1768 5518 1770 5519 1769 5520 1745 5521 1746 5521 1744 5521 1739 5522 1741 5522 1740 5522 1738 5523 1739 5524 1737 5525 1736 5526 1738 5527 1737 5528 1733 5529 1734 5530 1786 5531 1727 5532 1729 5533 1728 5534 1791 5535 1786 5535 1735 5535 1789 5536 1788 5536 1740 5536 1788 5537 1737 5538 1740 5539 1751 5540 1769 5540 1781 5540 1770 5541 1779 5541 1642 5541 1779 5542 1770 5543 1768 5544 1778 5545 1779 5545 1768 5545 1778 5546 1768 5547 1767 5548 1767 5549 1777 5549 1778 5549 1777 5550 1767 5551 1764 5552 1764 5553 1776 5554 1777 5555 1776 5556 1764 5556 1763 5556 1775 5557 1776 5557 1763 5557 1775 5558 1763 5559 1762 5560 1774 5561 1775 5562 1760 5563 1775 5564 1762 5565 1760 5564 1760 5566 1773 5566 1774 5566 1758 5567 1757 5568 1773 5569 1780 5570 1773 5570 1757 5570 1772 5571 1780 5571 1757 5571 1757 5572 1754 5573 1772 5574 1754 5575 1771 5576 1772 5577 1771 5578 1754 5579 1752 5580 1781 5581 1752 5582 1751 5583 1752 5584 1781 5584 1771 5584 1749 5585 1769 5585 1751 5585 1782 5586 1769 5586 1749 5586 1782 5587 1749 5588 1746 5589 1746 5590 1766 5590 1782 5590 1765 5591 1766 5591 1746 5591 1783 5592 1765 5592 1745 5592 1745 5593 1743 5594 1783 5595 1784 5596 1783 5596 1741 5596 1761 5597 1784 5597 1741 5597 1741 5598 1739 5598 1761 5598 1759 5599 1761 5600 1739 5601 1738 5602 1756 5602 1759 5602 1738 5603 1736 5604 1756 5605 1736 5606 1755 5606 1756 5606 1753 5607 1755 5608 1734 5609 1753 5610 1734 5611 1733 5612 1785 5613 1753 5614 1733 5615 1733 5616 1731 5616 1785 5616 1731 5617 1750 5617 1785 5617 1731 5618 1729 5619 1750 5620 1748 5621 1729 5622 1727 5623 1729 5624 1748 5625 1750 5626 1747 5627 1748 5627 1727 5627 1727 5628 1725 5629 1747 5630 1725 5631 1744 5631 1747 5631 1744 5632 1725 5632 1724 5632 1722 5633 1742 5633 1744 5633 1744 5634 1724 5634 1722 5634 1722 5635 1721 5636 1742 5637 1721 5638 1740 5638 1742 5638 1790 5639 1735 5639 1737 5639 1791 5640 1735 5641 1790 5642 1732 5643 1786 5643 1792 5643 1732 5644 1792 5644 1793 5644 1793 5645 1730 5646 1732 5647 1730 5648 1793 5649 1794 5650 1794 5651 1728 5651 1730 5651 1726 5652 1728 5652 1794 5652 1794 5653 1795 5654 1726 5655 1787 5656 1726 5656 1795 5656 1795 5657 1796 5657 1787 5657 1787 5658 1796 5659 1797 5660 1797 5661 1723 5661 1787 5661 1723 5662 1797 5662 1798 5662 1720 5663 1723 5663 1798 5663 1720 5664 1798 5665 1845 5666 1791 5667 1792 5668 1786 5669 1788 5670 1790 5670 1737 5670 1721 5671 1789 5671 1740 5671 1736 5672 1734 5673 1755 5674 1739 5675 1738 5676 1759 5677 1743 5678 1741 5679 1783 5680 1746 5681 1745 5681 1765 5681 1760 5682 1758 5682 1773 5682 1860 5683 1859 5684 1799 5685 1799 5686 1800 5686 1860 5686 1801 5687 1800 5687 1799 5687 1802 5688 1801 5688 1803 5688 1802 5689 1803 5689 1804 5689 1807 5690 1806 5691 1808 5692 1809 5693 1808 5693 1810 5693 1810 5694 1811 5694 1809 5694 1811 5695 1810 5695 1812 5695 1812 5696 1814 5696 1811 5696 1815 5697 1814 5697 1813 5697 1818 5698 1816 5699 1819 5698 1820 5700 1819 5701 1821 5702 1821 5703 1822 5704 1820 5703 1822 5705 1821 5706 1823 5707 1823 5708 1824 5708 1822 5708 1824 5709 1823 5710 1825 5710 1825 5711 1827 5712 1824 5713 1828 5714 1829 5714 1826 5714 1830 5715 1831 5715 1829 5715 1830 5716 1832 5717 1831 5718 1833 5719 1832 5719 1835 5719 1835 5720 1834 5720 1833 5720 1836 5721 1835 5721 1837 5722 1838 5723 1837 5724 1839 5724 1840 5725 1839 5725 1842 5725 1844 5726 1843 5727 1842 5728 1846 5729 1845 5729 1798 5730 1797 5731 1847 5732 1798 5733 1796 5734 1847 5734 1797 5734 1848 5735 1847 5735 1796 5735 1849 5736 1795 5737 1794 5738 1850 5739 1849 5739 1794 5739 1852 5740 1793 5740 1792 5740 1789 5741 1720 5742 1853 5743 1854 5744 1790 5744 1788 5744 1854 5745 1855 5745 1790 5745 1855 5746 1791 5746 1790 5746 1791 5747 1855 5748 1856 5749 1792 5750 1791 5750 1856 5750 1852 5751 1851 5751 1793 5751 1794 5752 1851 5753 1850 5754 1796 5755 1795 5755 1849 5755 1846 5756 1798 5756 1847 5756 1843 5757 1845 5758 1857 5758 1840 5759 1842 5760 1841 5761 1838 5762 1839 5762 1840 5762 1832 5763 1833 5763 1831 5763 1827 5764 1826 5765 1829 5766 1817 5767 1816 5767 1818 5767 1817 5768 1815 5768 1816 5768 1817 5769 1814 5769 1815 5769 1805 5770 1806 5771 1858 5772 1858 5773 1804 5773 1805 5773 1802 5774 1804 5775 1858 5776 1860 5777 1861 5777 1862 5777 1861 5778 1863 5779 1862 5780 1862 5781 1859 5782 1860 5783 1807 5784 1858 5784 1806 5784 1809 5785 1807 5786 1808 5787 1818 5788 1819 5788 1820 5788 1836 5789 1834 5790 1835 5791 1838 5792 1836 5793 1837 5794 1843 5795 1841 5796 1842 5797 1846 5798 1857 5798 1845 5798 1849 5799 1848 5799 1796 5799 1856 5800 1852 5801 1792 5802 1853 5803 1854 5804 1788 5805 1788 5806 1789 5807 1853 5808 1794 5809 1793 5810 1851 5811 1844 5812 1845 5813 1843 5814 1828 5815 1830 5816 1829 5817 1825 5818 1826 5818 1827 5818 1812 5819 1813 5820 1814 5821 1799 5822 1803 5823 1801 5824 1867 5825 1868 5825 1858 5825 1865 5826 1807 5827 1809 5828 1866 5829 1865 5830 1809 5831 1866 5832 1809 5833 1811 5834 1806 5835 1827 5836 1829 5837 1849 5838 1850 5838 1832 5838 1853 5839 1720 5840 1845 5841 1854 5842 1853 5842 1842 5842 1853 5843 1844 5844 1842 5845 1842 5846 1855 5846 1854 5846 1856 5847 1855 5847 1839 5847 1852 5848 1856 5848 1837 5848 1852 5849 1837 5850 1835 5851 1851 5852 1852 5852 1835 5852 1851 5853 1835 5854 1832 5855 1832 5856 1850 5856 1851 5856 1830 5857 1849 5857 1832 5857 1830 5858 1848 5858 1849 5858 1848 5859 1830 5860 1828 5861 1828 5862 1847 5862 1848 5862 1847 5863 1828 5864 1826 5865 1846 5866 1826 5867 1825 5868 1846 5869 1847 5869 1826 5869 1825 5870 1857 5870 1846 5870 1825 5871 1823 5871 1857 5871 1843 5872 1857 5872 1823 5872 1823 5873 1821 5873 1843 5873 1841 5874 1843 5874 1821 5874 1821 5875 1819 5876 1841 5877 1840 5878 1841 5878 1819 5878 1819 5879 1816 5880 1840 5881 1816 5882 1838 5883 1840 5884 1836 5885 1838 5885 1815 5885 1836 5886 1815 5887 1813 5888 1834 5889 1836 5889 1813 5889 1813 5890 1812 5891 1834 5892 1812 5893 1833 5894 1834 5895 1812 5896 1810 5896 1833 5896 1831 5897 1833 5897 1810 5897 1831 5898 1810 5898 1808 5898 1808 5899 1829 5899 1831 5899 1829 5900 1808 5901 1806 5902 1806 5903 1805 5904 1827 5905 1824 5906 1827 5906 1805 5906 1824 5907 1805 5908 1804 5909 1824 5910 1804 5910 1803 5910 1822 5911 1824 5911 1803 5911 1820 5912 1822 5912 1799 5912 1822 5913 1803 5914 1799 5915 1818 5916 1820 5916 1799 5917 1799 5918 1859 5919 1818 5920 1859 5921 1817 5921 1818 5921 1817 5922 1859 5922 1862 5922 1862 5923 1814 5923 1817 5923 1814 5924 1863 5924 1864 5924 1811 5925 1864 5925 1866 5925 1807 5926 1865 5926 1867 5926 1868 5927 1802 5927 1858 5927 1862 5928 1863 5929 1814 5930 1816 5931 1815 5932 1838 5933 1839 5934 1837 5935 1856 5934 1842 5936 1839 5936 1855 5936 1845 5937 1844 5938 1853 5939 1811 5940 1814 5941 1864 5940 1858 5942 1807 5942 1867 5942 1867 5943 1865 5943 1802 5943 1801 5944 1802 5944 1800 5944 1802 5945 1868 5945 1867 5945 1860 5946 1800 5946 1802 5946 1866 5947 1864 5947 1802 5947 1865 5948 1866 5948 1802 5948 1863 5949 1861 5949 1802 5949 1864 5950 1863 5950 1802 5950 1861 5951 1860 5951 1802 5951 1871 5952 1870 5952 1872 5952 1872 5953 1873 5953 1871 5953 1869 5954 1873 5954 1874 5954 1880 5955 1871 5956 1869 5957 1874 5958 1875 5958 1869 5958 1873 5959 1869 5959 1871 5959 1870 5960 1871 5960 1880 5960 1875 5961 1874 5961 1876 5961 1875 5962 1876 5962 1878 5962 1880 5963 1878 5963 1879 5963 1880 5964 1879 5964 1870 5964 1869 5965 1875 5965 1880 5965 1878 5966 1880 5966 1875 5966 1877 5967 1878 5967 1876 5967 1881 5968 1874 5968 1873 5968 1873 5969 1883 5969 1882 5969 1873 5970 1872 5970 1883 5970 1884 5971 1883 5971 1870 5971 1883 5972 1872 5972 1870 5972 1873 5973 1882 5973 1881 5973 1884 5974 1870 5974 1879 5974 1885 5975 1879 5975 1878 5975 1885 5976 1878 5976 1877 5976 1886 5977 1877 5977 1876 5977 1881 5978 1876 5978 1874 5978 1876 5979 1881 5979 1886 5979 1877 5980 1886 5980 1885 5980 1879 5981 1885 5981 1884 5981 1887 5982 1882 5982 1883 5982 1889 5983 1888 5983 1884 5983 1884 5984 1888 5984 1890 5984 1890 5985 1887 5985 1883 5985 1890 5986 1883 5986 1884 5986 1887 5982 1891 5982 1882 5982 1892 5987 1893 5987 1881 5987 1893 5988 1886 5988 1881 5988 1882 5989 1891 5989 1892 5989 1893 5990 1894 5990 1886 5990 1894 5982 1885 5982 1886 5982 1881 5982 1882 5982 1892 5982 1884 5991 1885 5991 1889 5991 1894 5982 1889 5982 1885 5982 1895 5992 1892 5992 1891 5992 1896 5993 1891 5993 1887 5993 1897 5994 1887 5994 1890 5994 1898 5995 1890 5995 1888 5995 1888 5996 1899 5996 1898 5996 1890 5997 1898 5997 1897 5997 1887 5998 1897 5998 1896 5998 1891 5999 1896 5999 1895 5999 1899 6000 1888 6000 1889 6000 1900 6001 1889 6001 1894 6001 1901 6002 1894 6002 1893 6002 1902 6003 1893 6003 1892 6003 1892 6004 1895 6004 1902 6004 1893 6005 1902 6005 1901 6005 1894 6006 1901 6006 1900 6006 1889 6007 1900 6007 1899 6007 1903 5982 1904 5982 1905 5982 1906 6008 1907 6008 1908 6008 1904 5982 1910 5982 1905 5982 1903 6009 1905 6009 1909 6009 1906 6010 1908 6010 1911 6010 1907 6011 1912 6011 1908 6011 1909 6012 1907 6012 1903 6012 1904 6013 1906 6014 1911 6015 1911 5982 1910 5982 1904 5982 1909 5982 1912 5982 1907 5982 1906 6016 1904 6016 1913 6016 1914 5982 1915 5982 1916 5982 1918 5982 1919 5982 1920 5982 1918 5982 1923 5982 1925 5982 1923 6017 1926 6017 1925 6017 1923 5982 1924 5982 1928 5982 1928 6018 1926 6018 1923 6018 1914 6019 1916 6020 1929 6021 1929 5982 1930 5982 1914 5982 1931 6022 1924 6022 1901 6022 1923 6023 1921 6023 1897 6023 1899 5982 1924 5982 1923 5982 1900 5982 1901 5982 1924 5982 1898 6024 1899 6024 1923 6024 1921 5982 1896 5982 1897 5982 1901 6025 1902 6025 1931 6025 1897 6026 1898 6026 1923 6026 1899 5982 1900 5982 1924 5982 1921 5982 1989 5982 1895 5982 1989 6027 1902 6027 1895 6027 1895 6028 1896 6028 1921 6028 1989 6029 1931 6029 1902 6029 1933 5982 1932 5982 1914 5982 1932 6030 1934 6030 1914 6030 1934 6031 1923 6031 1920 6031 1935 6032 1921 6032 1923 6032 1936 6033 1914 6033 1921 6033 1935 5982 1936 5982 1921 5982 1936 5982 1933 5982 1914 5982 1917 6034 1942 6034 1937 6034 1995 5982 1922 5982 1938 5982 1995 6035 1939 6035 1940 6035 1938 6036 1939 6036 1995 6036 1922 5982 1917 5982 1938 5982 1941 6037 1918 6037 1927 6037 1941 5982 1942 5982 1918 5982 1927 6038 1940 6038 1943 6038 1917 5982 1918 5982 1942 5982 1943 5982 1941 5982 1927 5982 1922 5982 1944 5982 1945 5982 1999 6039 1945 6039 1944 6039 1907 6040 1906 6040 1946 6040 1917 5982 1947 5982 1906 5982 1906 6041 1947 6041 1946 6041 1946 6042 1948 6042 1907 6042 1919 6043 1949 6043 1906 6043 1918 5982 1917 5982 1951 5982 1917 5982 1953 5982 1951 5982 1952 5982 1919 5982 1918 5982 1917 5982 1906 5982 1950 5982 1951 6044 1952 6044 1918 6044 1950 5982 1953 5982 1917 5982 1952 5982 1949 5982 1919 5982 1958 5982 1920 5982 1919 5982 1913 6045 1915 6045 1954 6045 1915 5982 1957 5982 1954 5982 1955 5982 1919 5982 1913 5982 1954 6046 1955 6046 1913 6046 1956 5982 1915 5982 1914 5982 1955 5982 1958 5982 1919 5982 1920 5982 1956 5982 1914 5982 1956 5982 1957 5982 1915 5982 1916 5982 1915 5982 1959 5982 1960 6047 1915 6047 1962 6047 1963 6048 1962 6048 1964 6048 1915 5982 1965 5982 1959 5982 1960 5982 1965 5982 1915 5982 1964 6049 1916 6049 1966 6049 1966 6050 1967 6050 1964 6050 1959 5982 1966 5982 1916 5982 1962 6051 1963 6051 1961 6051 1962 5982 1961 5982 1960 5982 1967 6052 1963 6052 1964 6052 1916 5982 1964 5982 1968 5982 1916 5982 1968 5982 1969 5982 1916 6053 1969 6053 1970 6053 1975 5982 1914 5982 1971 5982 1970 6054 1973 6054 1974 6054 1972 5982 1916 5982 1970 5982 1975 6055 1971 6055 1973 6055 1914 6056 1930 6056 1971 6056 1972 6057 1976 6057 1916 6057 1974 6058 1972 6058 1970 6058 1970 5982 1975 5982 1973 5982 1975 5982 1977 5982 1914 5982 1914 5982 1977 5982 1978 5982 1979 6059 1977 6059 1980 6059 1977 5982 1979 5982 1978 5982 1980 6060 1981 6060 1979 6060 1982 5982 1921 5982 1914 5982 1980 6061 1984 6061 1981 6061 1983 6062 1982 6062 1914 6062 1978 6063 1983 6063 1914 6063 1982 5982 1985 5982 1921 5982 1986 5982 1980 5982 1921 5982 1986 5982 1984 5982 1980 5982 1921 6064 1987 6064 1988 6064 1921 6065 1988 6065 1989 6065 1921 6066 1980 6066 1987 6066 1990 6067 1927 6067 1991 6067 1990 5982 1991 5982 1992 5982 1924 5982 1990 5982 1928 5982 1990 5982 1992 5982 1928 5982 1927 6068 1993 6068 1991 6068 1940 5982 1927 5982 1994 5982 1940 5982 1994 5982 1995 5982 1995 5982 1996 5982 1922 5982 1944 5982 1997 5982 1999 5982 1907 5982 1998 5982 1997 5982 1997 6069 1998 6069 1999 6069 1907 5982 2000 5982 1903 5982 1904 6070 2002 6070 2001 6070 1904 6071 1903 6071 2002 6071 2003 5982 1904 5982 2001 5982 2001 6072 2004 6072 2005 6072 2005 5982 2003 5982 2001 5982 1913 6073 1904 6073 2007 6073 2006 6074 2009 6074 1913 6074 2004 5982 2010 5982 2008 5982 2008 6075 2010 6075 2009 6075 1913 6076 2007 6076 2006 6076 2006 5982 2011 5982 2009 5982 2011 5982 2008 5982 2009 5982 2012 5982 1915 5982 1913 5982 1915 5982 2013 5982 2014 5982 2012 6077 2013 6077 1915 6077 1913 6078 2009 6078 2012 6078 1962 5982 1915 5982 2014 5982 2008 6079 2005 6079 2004 6079 1996 5982 1944 5982 1922 5982 1985 5982 1986 5982 1921 5982 1976 6080 1929 6080 1916 6080 1948 5982 1998 5982 1907 5982 1937 5982 1938 5982 1917 5982 1934 5982 1920 5982 1914 5982 1918 5982 1993 5982 1927 5982 1920 5982 1923 5982 1918 5982 1913 5982 1919 5982 1906 5982 2010 6081 2015 6081 2016 6081 2016 6082 2009 6082 2010 6082 2015 6083 2019 6083 2017 6083 2015 6084 2018 6084 2019 6084 2015 6085 2017 6085 2016 6085 2020 5982 2019 5982 2018 5982 2020 6086 2014 6086 2013 6086 2019 6087 2013 6087 2012 6087 2017 6088 2012 6088 2009 6088 2009 6089 2016 6089 2017 6089 2012 6090 2017 6090 2019 6090 2013 6091 2019 6091 2020 6091 2014 6092 2020 6092 2018 6092 2018 6093 1962 6093 2014 6093 2021 6094 2129 6094 1975 6094 2022 6095 2021 6095 1975 6095 2023 6096 2022 6096 1969 6096 2024 6097 2023 6097 1968 6097 2025 6098 2024 6098 1962 6098 2027 6099 2026 6099 2004 6099 2028 6100 2027 6100 2002 6100 2029 6101 2028 6101 2002 6101 2030 6102 2029 6102 1903 6102 2031 6103 2030 6103 1907 6103 2018 6104 2025 6104 1962 6104 2032 6105 2025 6105 2018 6105 2010 6106 2026 6106 2015 6106 2015 6107 2026 6107 2032 6107 2018 6108 2015 6108 2032 6108 2000 6109 1907 6109 2030 6109 1903 6110 2000 6110 2030 6110 2002 6111 1903 6111 2029 6111 2001 6112 2002 6112 2027 6112 2004 6113 2001 6113 2027 6113 2010 6114 2004 6114 2026 6114 1964 6115 1962 6115 2024 6115 1968 6116 1964 6116 2024 6116 1969 6117 1968 6117 2023 6117 1970 6118 1969 6118 2022 6118 1975 6119 1970 6119 2022 6119 1977 6120 1975 6120 2129 6120 1926 6121 2033 6121 2034 6121 1926 6122 2034 6122 2035 6122 1925 6123 2035 6123 2036 6123 1918 6124 2036 6124 2037 6124 2036 6125 1918 6125 1925 6125 2035 6126 1925 6126 1926 6126 2033 6127 1926 6127 1928 6127 1993 6128 2037 6128 2038 6128 1991 6129 2038 6129 2039 6129 1992 6130 2039 6130 2040 6130 1928 6131 2040 6131 2033 6131 2040 6132 1928 6132 1992 6132 2039 6133 1992 6133 1991 6133 2038 6134 1991 6134 1993 6134 2037 6135 1993 6135 1918 6135 1974 6136 2041 6136 2042 6136 1972 6137 2042 6137 2043 6137 1976 6138 2043 6138 2044 6138 1929 6139 2044 6139 2045 6139 2044 6140 1929 6140 1976 6140 2043 6141 1976 6141 1972 6141 2042 6142 1972 6142 1974 6142 2041 6143 1974 6143 1973 6143 1930 6144 2045 6144 2046 6144 1930 6145 2046 6145 2047 6145 1971 6146 2047 6146 2048 6146 1973 6147 2048 6147 2041 6147 2048 6148 1973 6148 1971 6148 2047 6149 1971 6149 1930 6149 2045 6150 1930 6150 1929 6150 1933 6151 2049 6151 2050 6151 1933 6152 2050 6152 2051 6152 1932 6153 2051 6153 2052 6153 1934 6154 2052 6154 2053 6154 2052 6155 1934 6155 1932 6155 2051 6156 1932 6156 1933 6156 2049 6157 1933 6157 1936 6157 1923 6158 2053 6158 2054 6158 1923 6159 2054 6159 2055 6159 1935 6160 2055 6160 2056 6160 1936 6161 2056 6161 2049 6161 2056 6162 1936 6162 1935 6162 2055 6163 1935 6163 1923 6163 2053 6164 1923 6164 1934 6164 1979 6165 2057 6165 2058 6165 1979 6166 2058 6166 2059 6166 1978 6167 2059 6167 2060 6167 1983 6168 2060 6168 2061 6168 2061 6169 1982 6169 1983 6169 2060 6170 1983 6170 1978 6170 2059 6171 1978 6171 1979 6171 2057 6172 1979 6172 1981 6172 1982 6173 2061 6173 2062 6173 1985 6174 2062 6174 2063 6174 1986 6175 2063 6175 2064 6175 1981 6176 2064 6176 2057 6176 2064 6177 1981 6177 1984 6177 2064 6178 1984 6178 1986 6178 2063 6179 1986 6179 1985 6179 2062 6180 1985 6180 1982 6180 1967 6181 2065 6181 2066 6181 1963 6182 2066 6182 2067 6182 1961 6183 2067 6183 2068 6183 1960 6184 2068 6184 2069 6184 2068 6185 1960 6185 1961 6185 2067 6186 1961 6186 1963 6186 2066 6187 1963 6187 1967 6187 2065 6188 1967 6188 1966 6188 1965 6189 2069 6189 2070 6189 1965 6190 2070 6190 2071 6190 1959 6191 2071 6191 2072 6191 1966 6192 2072 6192 2065 6192 2072 6193 1966 6193 1959 6193 2071 6194 1959 6194 1965 6194 2069 6195 1965 6195 1960 6195 1941 6196 2079 6196 2073 6196 1942 6197 2073 6197 2074 6197 1937 6198 2074 6198 2075 6198 1938 6199 2075 6199 2076 6199 2075 6200 1938 6200 1937 6200 2074 6201 1937 6201 1942 6201 2073 6202 1942 6202 1941 6202 1939 6203 2076 6203 2077 6203 1940 6204 2077 6204 2078 6204 1943 6205 2078 6205 2079 6205 2079 6206 1941 6206 1943 6206 2078 6207 1943 6207 1940 6207 2077 6208 1940 6208 1939 6208 2076 6209 1939 6209 1938 6209 1917 6210 2087 6210 2080 6210 1946 6211 2080 6211 2081 6211 1948 6212 2081 6212 2082 6212 1998 6213 2082 6213 2083 6213 2082 6214 1998 6214 1948 6214 2081 6215 1948 6215 1946 6215 2080 6216 1946 6216 1947 6216 2080 6217 1947 6217 1917 6217 1999 6218 2083 6218 2084 6218 1999 6219 2084 6219 2085 6219 1945 6220 2085 6220 2086 6220 1922 6221 2086 6221 2087 6221 2087 6222 1917 6222 1922 6222 2086 6223 1922 6223 1945 6223 2085 6224 1945 6224 1999 6224 2083 6225 1999 6225 1998 6225 1949 6226 2088 6226 2089 6226 1949 6227 2089 6227 2090 6227 1906 6228 2090 6228 2091 6228 1950 6229 2091 6229 2092 6229 2091 6230 1950 6230 1906 6230 2090 6231 1906 6231 1949 6231 2088 6232 1949 6232 1952 6232 1953 6233 2092 6233 2093 6233 1953 6234 2093 6234 2094 6234 1951 6235 2094 6235 2095 6235 1952 6236 2095 6236 2088 6236 2095 6237 1952 6237 1951 6237 2094 6238 1951 6238 1953 6238 2092 6239 1953 6239 1950 6239 1957 6240 2096 6240 2097 6240 1957 6241 2097 6241 2098 6241 1954 6242 2098 6242 2099 6242 1955 6243 2099 6243 2100 6243 2099 6244 1955 6244 1954 6244 2098 6245 1954 6245 1957 6245 2096 6246 1957 6246 1956 6246 1958 6247 2100 6247 2101 6247 1958 6248 2101 6248 2102 6248 1920 6249 2102 6249 2103 6249 1956 6250 2103 6250 2096 6250 2103 6251 1956 6251 1920 6251 2102 6252 1920 6252 1958 6252 2100 6253 1958 6253 1955 6253 2011 6254 2104 6254 2105 6254 2008 6255 2105 6255 2106 6255 2005 6256 2106 6256 2107 6256 2107 6257 2003 6257 2005 6257 2106 6258 2005 6258 2008 6258 2105 6259 2008 6259 2011 6259 2104 6260 2011 6260 2006 6260 2003 6261 2107 6261 2108 6261 1904 6262 2108 6262 2109 6262 2007 6263 2109 6263 2110 6263 2006 6264 2110 6264 2104 6264 2110 6265 2006 6265 2007 6265 2109 6266 2007 6266 1904 6266 2108 6267 1904 6267 2003 6267 1910 6268 2111 6268 2112 6268 1910 6269 2112 6269 2113 6269 1905 6270 2113 6270 2114 6270 1909 6271 2114 6271 2115 6271 2114 6272 1909 6272 1905 6272 2113 6273 1905 6273 1910 6273 2111 6274 1910 6274 1911 6274 1912 6275 2115 6275 2116 6275 1912 6276 2116 6276 2117 6276 1908 6277 2117 6277 2118 6277 1911 6278 2118 6278 2111 6278 2118 6279 1911 6279 1908 6279 2117 6280 1908 6280 1912 6280 2115 6281 1912 6281 1909 6281 2119 6282 2031 6282 1997 6282 2120 6283 2119 6283 1944 6283 2121 6284 2120 6284 1996 6284 2122 6285 2121 6285 1995 6285 2123 6286 2122 6286 1994 6286 2124 6287 2123 6287 1927 6287 2125 6288 2124 6288 1924 6288 2126 6289 2125 6289 1931 6289 2127 6290 2126 6290 1989 6290 2128 6291 2127 6291 1988 6291 2129 6292 2128 6292 1980 6292 1980 6293 1977 6293 2129 6293 1987 6294 1980 6294 2128 6294 1988 6295 1987 6295 2128 6295 1989 6296 1988 6296 2127 6296 1931 6297 1989 6297 2126 6297 1924 6298 1931 6298 2125 6298 1990 6299 1924 6299 2124 6299 1927 6300 1990 6300 2124 6300 1994 6301 1927 6301 2123 6301 1995 6302 1994 6302 2122 6302 1996 6303 1995 6303 2121 6303 1944 6304 1996 6304 2120 6304 1997 6305 1944 6305 2119 6305 1907 6306 1997 6306 2031 6306 2129 6307 2150 6307 2130 6307 2128 6308 2130 6308 2131 6308 2127 6309 2131 6309 2132 6309 2126 6310 2132 6310 2133 6310 2125 6311 2133 6311 2134 6311 2124 6312 2134 6312 2135 6312 2123 6313 2135 6313 2136 6313 2122 6314 2136 6314 2137 6314 2120 6315 2137 6315 2138 6315 2119 6316 2138 6316 2139 6316 2139 6317 2031 6317 2119 6317 2138 6318 2119 6318 2120 6318 2137 6319 2120 6319 2121 6319 2137 6320 2121 6320 2122 6320 2136 6321 2122 6321 2123 6321 2135 6322 2123 6322 2124 6322 2134 6323 2124 6323 2125 6323 2133 6324 2125 6324 2126 6324 2132 6325 2126 6325 2127 6325 2131 6326 2127 6326 2128 6326 2130 6327 2128 6327 2129 6327 2030 6328 2140 6328 2141 6328 2029 6329 2141 6329 2142 6329 2027 6330 2142 6330 2143 6330 2026 6331 2143 6331 2144 6331 2032 6332 2144 6332 2145 6332 2025 6333 2145 6333 2146 6333 2024 6334 2146 6334 2147 6334 2023 6335 2147 6335 2148 6335 2022 6336 2148 6336 2149 6336 2022 6337 2149 6337 2150 6337 2150 6338 2129 6338 2021 6338 2150 6339 2021 6339 2022 6339 2148 6340 2022 6340 2023 6340 2147 6341 2023 6341 2024 6341 2146 6342 2024 6342 2025 6342 2145 6343 2025 6343 2032 6343 2144 6344 2032 6344 2026 6344 2143 6345 2026 6345 2027 6345 2142 6346 2027 6346 2028 6346 2142 6347 2028 6347 2029 6347 2141 6348 2029 6348 2030 6348 2140 6349 2030 6349 2031 6349 2031 6350 2139 6350 2140 6350 2037 6351 2036 6351 2152 6351 2151 5982 2036 5982 2035 5982 2034 6352 2153 6352 2151 6352 2036 5982 2151 5982 2152 5982 2151 6353 2035 6353 2034 6353 2153 6354 2034 6354 2033 6354 2040 6355 2156 6355 2155 6355 2155 6356 2153 6356 2033 6356 2033 6357 2040 6357 2155 6357 2038 6358 2154 6358 2156 6358 2156 5982 2039 5982 2038 5982 2152 5982 2154 5982 2037 5982 2040 6359 2039 6359 2156 6359 2038 5982 2037 5982 2154 5982 2152 6360 2157 6360 2158 6360 2154 6361 2158 6361 2159 6361 2156 6362 2159 6362 2160 6362 2155 6363 2160 6363 2161 6363 2160 6364 2155 6364 2156 6364 2159 6365 2156 6365 2154 6365 2158 6366 2154 6366 2152 6366 2155 6367 2161 6367 2162 6367 2153 6368 2162 6368 2163 6368 2151 6369 2163 6369 2157 6369 2157 6370 2152 6370 2151 6370 2163 6371 2151 6371 2153 6371 2162 6372 2153 6372 2155 6372 2164 6373 2161 6373 2160 6373 2165 6374 2160 6374 2159 6374 2165 6375 2159 6375 2158 6375 2166 6376 2158 6376 2157 6376 2168 6377 2165 6378 2166 6379 2164 6380 2165 6381 2168 6382 2158 6383 2166 6383 2165 6383 2160 6384 2165 6384 2164 6384 2163 6385 2167 6385 2157 6385 2157 6386 2168 6386 2166 6386 2157 6387 2167 6387 2168 6387 2167 6388 2162 6388 2164 6388 2162 6389 2161 6389 2164 6389 2164 6390 2168 6391 2167 6392 2167 6393 2163 6393 2162 6393 2045 6394 2044 6394 2170 6394 2042 6395 2171 6395 2169 6395 2169 6396 2043 6396 2042 6396 2173 6397 2174 6397 2047 6397 2170 6398 2044 6398 2043 6398 2041 6399 2048 6399 2174 6399 2170 6400 2172 6400 2045 6400 2171 6401 2042 6401 2041 6401 2173 6402 2047 6402 2046 6402 2169 6403 2170 6403 2043 6403 2174 6404 2171 6404 2041 6404 2048 6405 2047 6405 2174 6405 2172 6406 2173 6406 2046 6406 2046 6407 2045 6407 2172 6407 2172 6408 2183 6408 2175 6408 2172 6409 2175 6409 2176 6409 2173 6410 2176 6410 2177 6410 2174 6411 2177 6411 2178 6411 2177 6412 2174 6412 2173 6412 2176 6413 2173 6413 2172 6413 2178 6414 2171 6414 2174 6414 2178 6415 2179 6415 2171 6415 2179 6416 2169 6416 2171 6416 2170 6417 2179 6417 2180 6417 2179 6418 2170 6418 2169 6418 2180 6419 2181 6419 2170 6419 2172 6420 2170 6420 2183 6420 2181 6421 2183 6422 2170 6423 2184 6424 2182 6424 2177 6424 2177 6425 2176 6425 2184 6425 2176 6426 2175 6426 2185 6426 2175 6427 2183 6427 2185 6427 2185 6428 2184 6429 2176 6430 2182 6431 2178 6431 2177 6431 2186 6432 2181 6432 2180 6432 2186 6433 2180 6433 2179 6433 2179 6434 2187 6434 2186 6434 2179 6435 2178 6435 2187 6435 2178 6436 2182 6436 2187 6436 2181 6437 2188 6438 2183 6439 2185 6440 2183 6441 2188 6442 2181 6443 2186 6443 2188 6443 2186 6444 2187 6445 2188 6444 2187 6446 2182 6446 2184 6446 2184 6447 2188 6447 2187 6447 2185 6448 2188 6449 2184 6450 2053 6451 2052 6451 2190 6451 2189 6452 2052 6452 2051 6452 2050 6453 2191 6453 2189 6453 2189 6454 2051 6454 2050 6454 2191 6455 2050 6455 2049 6455 2194 6456 2193 6456 2055 6456 2052 6457 2189 6457 2190 6457 2049 6458 2192 6458 2191 6458 2049 6459 2056 6459 2193 6459 2194 6460 2055 6460 2054 6460 2190 6461 2194 6461 2053 6461 2056 6462 2055 6462 2193 6462 2054 6463 2053 6463 2194 6463 2193 6464 2192 6464 2049 6464 2194 6465 2190 6465 2195 6465 2190 6466 2206 6466 2195 6466 2195 6467 2196 6467 2194 6467 2196 6468 2197 6468 2194 6468 2197 6469 2193 6469 2194 6469 2197 6470 2198 6470 2193 6470 2198 6471 2192 6471 2193 6471 2192 6472 2198 6472 2199 6472 2191 6473 2199 6473 2200 6473 2199 6474 2191 6474 2192 6474 2189 6475 2191 6475 2201 6475 2200 6476 2201 6476 2191 6476 2190 6477 2189 6477 2202 6477 2201 6478 2202 6478 2189 6478 2202 6479 2206 6479 2190 6479 2204 6480 2203 6480 2197 6480 2203 6481 2198 6481 2197 6481 2205 6482 2204 6482 2196 6482 2204 6483 2197 6483 2196 6483 2205 6484 2196 6484 2195 6484 2205 6485 2195 6485 2206 6485 2211 6486 2203 6487 2207 6488 2203 6489 2204 6489 2207 6489 2204 6490 2205 6491 2207 6492 2205 6493 2206 6493 2208 6493 2208 6494 2207 6495 2205 6496 2206 6497 2202 6497 2209 6497 2209 6498 2202 6498 2201 6498 2201 6499 2200 6499 2210 6499 2201 6500 2210 6500 2209 6500 2200 6501 2199 6501 2210 6501 2210 6502 2199 6502 2203 6502 2198 6503 2203 6504 2199 6505 2209 6506 2208 6507 2206 6508 2209 6509 2210 6509 2211 6509 2210 6510 2203 6510 2211 6510 2211 6511 2208 6512 2209 6513 2208 6514 2211 6514 2207 6514 2062 5982 2061 5982 2212 5982 2212 5982 2061 5982 2060 5982 2060 6515 2059 6515 2213 6515 2060 6516 2215 6516 2212 6516 2059 6517 2058 6517 2213 6517 2217 6518 2058 6518 2057 6518 2213 6519 2215 6519 2060 6519 2216 6520 2217 6520 2057 6520 2063 6521 2214 6521 2218 6521 2058 6522 2217 6522 2213 6522 2057 6523 2064 6523 2216 6523 2064 6524 2218 6524 2216 6524 2064 6525 2063 6525 2218 6525 2212 6526 2214 6526 2062 6526 2063 6527 2062 6527 2214 6527 2214 6528 2212 6528 2219 6528 2212 6529 2220 6529 2219 6529 2219 6530 2221 6530 2214 6530 2218 6531 2214 6531 2222 6531 2221 6532 2222 6532 2214 6532 2222 6533 2223 6533 2216 6533 2222 6534 2216 6534 2218 6534 2223 6535 2224 6535 2217 6535 2223 6536 2217 6536 2216 6536 2213 6537 2217 6537 2224 6537 2224 6538 2225 6538 2213 6538 2215 6539 2213 6539 2225 6539 2225 6540 2226 6540 2215 6540 2212 6541 2215 6541 2226 6541 2212 6542 2226 6542 2220 6542 2228 6543 2227 6543 2222 6543 2227 6544 2223 6544 2222 6544 2229 6545 2228 6545 2221 6545 2228 6546 2222 6546 2221 6546 2229 6547 2221 6547 2219 6547 2229 6548 2219 6548 2220 6548 2237 6549 2227 6550 2230 6551 2227 6552 2228 6553 2230 6554 2228 6555 2229 6555 2230 6555 2229 6556 2220 6556 2234 6556 2234 6557 2231 6558 2229 6559 2234 6560 2220 6560 2232 6560 2231 6561 2230 6562 2229 6563 2226 6564 2225 6564 2235 6564 2236 6565 2235 6566 2225 6567 2236 6568 2225 6568 2224 6568 2236 6569 2224 6569 2227 6569 2224 6570 2223 6571 2227 6572 2226 6573 2231 6574 2220 6575 2231 6576 2234 6577 2232 6578 2232 6579 2220 6580 2231 6581 2234 6582 2233 6582 2232 6582 2226 6583 2235 6584 2231 6585 2235 6586 2236 6587 2237 6588 2236 6589 2227 6590 2237 6591 2237 6592 2231 6593 2235 6594 2237 6595 2230 6595 2231 6595 2239 6596 2068 6596 2067 6596 2066 6597 2240 6597 2238 6597 2069 6598 2068 6598 2239 6598 2238 6599 2067 6599 2066 6599 2240 6600 2066 6600 2065 6600 2065 6601 2072 6601 2242 6601 2072 6602 2244 6602 2242 6602 2239 6603 2241 6603 2069 6603 2242 6604 2240 6604 2065 6604 2070 6605 2243 6605 2244 6605 2238 6606 2239 6606 2067 6606 2072 6607 2071 6607 2244 6607 2244 6608 2071 6608 2070 6608 2241 6609 2243 6609 2069 6609 2070 6610 2069 6610 2243 6610 2243 6611 2241 6611 2245 6611 2241 6612 2253 6612 2245 6612 2245 6613 2246 6613 2243 6613 2244 6614 2243 6614 2246 6614 2246 6615 2247 6615 2244 6615 2247 6616 2248 6616 2244 6616 2242 6617 2244 6617 2248 6617 2248 6618 2249 6618 2242 6618 2240 6619 2242 6619 2250 6619 2249 6620 2250 6621 2242 6620 2250 6622 2251 6622 2240 6622 2238 6623 2240 6623 2251 6623 2239 6624 2238 6624 2251 6624 2251 6625 2252 6625 2239 6625 2252 6626 2253 6626 2241 6626 2252 6627 2241 6627 2239 6627 2254 6628 2249 6629 2248 6630 2255 6631 2254 6631 2248 6631 2255 6632 2248 6632 2247 6632 2256 6633 2255 6633 2246 6633 2255 6634 2247 6634 2246 6634 2256 6635 2246 6635 2245 6635 2256 6636 2245 6636 2253 6636 2261 6637 2254 6638 2257 6639 2254 6640 2255 6641 2257 6641 2255 6642 2256 6643 2257 6644 2256 6645 2253 6645 2258 6645 2258 6646 2257 6647 2256 6648 2252 6649 2251 6649 2259 6649 2260 6650 2259 6650 2251 6650 2260 6651 2251 6651 2250 6652 2260 6653 2250 6653 2254 6653 2250 6654 2249 6655 2254 6656 2252 6657 2258 6658 2253 6659 2252 6660 2259 6661 2258 6662 2259 6663 2260 6664 2261 6663 2260 6665 2254 6666 2261 6667 2261 6668 2258 6669 2259 6670 2261 6671 2257 6671 2258 6671 2076 6672 2075 6672 2263 6672 2262 5982 2075 5982 2074 5982 2073 5982 2264 5982 2262 5982 2075 5982 2262 5982 2263 5982 2262 6673 2074 6673 2073 6673 2073 5982 2079 5982 2267 5982 2078 5982 2265 5982 2267 5982 2077 5982 2266 5982 2265 5982 2267 5982 2079 5982 2078 5982 2265 6674 2078 6674 2077 6674 2267 5982 2264 5982 2073 5982 2263 5982 2266 5982 2076 5982 2077 5982 2076 5982 2266 5982 2263 6675 2268 6675 2269 6675 2266 6676 2269 6676 2270 6676 2265 6677 2270 6677 2271 6677 2265 6678 2271 6678 2272 6678 2272 6679 2267 6679 2265 6679 2270 6680 2265 6680 2266 6680 2269 6681 2266 6681 2263 6681 2267 6682 2272 6682 2273 6682 2264 6683 2273 6683 2274 6683 2262 6684 2274 6684 2268 6684 2268 6685 2263 6685 2262 6685 2274 6686 2262 6686 2264 6686 2273 6687 2264 6687 2267 6687 2276 6688 2272 6688 2271 6688 2276 6689 2271 6689 2269 6689 2277 6690 2269 6690 2268 6690 2279 6691 2276 6691 2277 6691 2275 6692 2276 6693 2279 6694 2269 6695 2277 6695 2276 6695 2272 6696 2276 6696 2275 6696 2270 6697 2269 6697 2271 6697 2274 6698 2278 6698 2268 6698 2268 6699 2279 6700 2277 6701 2268 6702 2278 6702 2279 6702 2278 6703 2273 6703 2275 6703 2273 6704 2272 6704 2275 6704 2275 6705 2279 6706 2278 6707 2278 6708 2274 6708 2273 6708 2083 6709 2082 6709 2280 6709 2281 6710 2081 6710 2080 6710 2282 6711 2084 6711 2083 6711 2082 6712 2283 6712 2280 6712 2283 6713 2082 6713 2081 6713 2080 6714 2087 6714 2284 6714 2282 6715 2285 6715 2086 6715 2086 6716 2285 6716 2284 6716 2086 6717 2085 6717 2282 6717 2281 6718 2283 6718 2081 6718 2284 6719 2286 6719 2080 6719 2284 6720 2087 6720 2086 6720 2080 6721 2286 6721 2281 6721 2280 6722 2282 6722 2083 6722 2085 6723 2084 6723 2282 6723 2282 6724 2280 6724 2287 6724 2280 6725 2288 6725 2287 6725 2287 6726 2289 6726 2282 6726 2289 6727 2290 6727 2285 6727 2289 6728 2285 6728 2282 6728 2290 6729 2284 6729 2285 6729 2284 6730 2290 6730 2291 6730 2291 6731 2292 6731 2286 6731 2291 6732 2286 6732 2284 6732 2281 6733 2286 6733 2292 6733 2292 6734 2293 6734 2281 6734 2283 6735 2281 6735 2293 6735 2293 6736 2294 6736 2283 6736 2280 6737 2283 6737 2294 6737 2280 6738 2294 6738 2288 6738 2295 6739 2291 6740 2290 6741 2296 6742 2295 6742 2290 6742 2296 6743 2290 6743 2289 6743 2297 6744 2296 6744 2289 6744 2297 6745 2289 6745 2287 6745 2297 6746 2287 6746 2288 6746 2299 6747 2295 6748 2298 6749 2295 6750 2296 6750 2298 6750 2296 6751 2297 6751 2298 6751 2297 6752 2288 6752 2303 6752 2303 6753 2300 6754 2297 6755 2303 6756 2288 6756 2301 6756 2300 6757 2299 6758 2298 6759 2300 6760 2298 6761 2297 6762 2294 6763 2293 6763 2304 6763 2305 6764 2304 6764 2293 6764 2305 6765 2293 6765 2292 6765 2305 6766 2292 6766 2295 6766 2292 6767 2291 6768 2295 6769 2294 6770 2306 6770 2288 6770 2306 6771 2303 6772 2301 6773 2301 6774 2288 6775 2306 6776 2306 6777 2300 6778 2303 6779 2303 6780 2302 6780 2301 6780 2294 6781 2304 6782 2306 6783 2304 6784 2305 6784 2306 6784 2305 6785 2295 6785 2299 6785 2299 6786 2300 6787 2306 6788 2299 6789 2306 6790 2305 6791 2092 6792 2091 6792 2308 6792 2307 6793 2091 6793 2090 6793 2089 6794 2309 6794 2307 6794 2307 6795 2090 6795 2089 6795 2309 6796 2089 6796 2088 6796 2091 6797 2307 6797 2308 6797 2310 6798 2309 6798 2088 6798 2093 5982 2312 5982 2311 5982 2088 6799 2095 6799 2310 6799 2095 6800 2311 6800 2310 6800 2311 5982 2094 5982 2093 5982 2308 6801 2312 6801 2092 6801 2095 6802 2094 6802 2311 6802 2093 6803 2092 6803 2312 6803 2308 6804 2313 6804 2314 6804 2312 6805 2314 6805 2315 6805 2311 6806 2315 6806 2316 6806 2310 6807 2316 6807 2317 6807 2316 6808 2310 6808 2311 6808 2315 6809 2311 6809 2312 6809 2314 6810 2312 6810 2308 6810 2309 6811 2310 6811 2317 6811 2317 6812 2318 6812 2309 6812 2318 6813 2319 6813 2307 6813 2318 6814 2307 6814 2309 6814 2308 6815 2307 6815 2313 6815 2319 6816 2313 6816 2307 6816 2320 6817 2317 6817 2316 6817 2321 6818 2315 6818 2314 6818 2322 6819 2314 6819 2313 6819 2323 6820 2320 6821 2316 6822 2323 6823 2316 6823 2321 6823 2324 6824 2321 6825 2322 6826 2321 6827 2324 6828 2323 6829 2314 6830 2322 6830 2321 6830 2315 6831 2321 6831 2316 6831 2325 6832 2322 6832 2313 6832 2325 6833 2313 6833 2319 6833 2319 6834 2318 6834 2326 6834 2319 6835 2326 6835 2325 6835 2318 6836 2317 6836 2326 6836 2317 6837 2320 6838 2326 6839 2325 6840 2327 6841 2324 6842 2325 6843 2326 6843 2323 6843 2326 6844 2320 6845 2323 6846 2323 6847 2324 6847 2327 6847 2323 6848 2327 6849 2325 6850 2324 6851 2322 6851 2325 6851 2100 6852 2099 6852 2329 6852 2328 5982 2099 5982 2098 5982 2097 6853 2330 6853 2328 6853 2328 5982 2098 5982 2097 5982 2330 6854 2097 6854 2096 6854 2099 6855 2328 6855 2329 6855 2331 6856 2330 6856 2096 6856 2101 6857 2332 6857 2333 6857 2096 6858 2103 6858 2331 6858 2103 6859 2333 6859 2331 6859 2333 6860 2102 6860 2101 6860 2329 6861 2332 6861 2100 6861 2101 6862 2100 6862 2332 6862 2103 6863 2102 6863 2333 6863 2332 6864 2329 6864 2334 6864 2334 6865 2335 6865 2332 6865 2333 6866 2332 6866 2336 6866 2335 6867 2336 6867 2332 6867 2336 6868 2337 6868 2331 6868 2336 6869 2331 6869 2333 6869 2331 6870 2337 6870 2338 6870 2338 6871 2328 6871 2330 6871 2338 6872 2339 6872 2328 6872 2328 6873 2339 6873 2340 6873 2329 6874 2328 6874 2340 6874 2329 6875 2340 6875 2334 6875 2338 6876 2330 6876 2331 6876 2342 6877 2341 6877 2336 6877 2341 6878 2337 6878 2336 6878 2343 6879 2342 6879 2335 6879 2342 6880 2336 6880 2335 6880 2343 6881 2335 6881 2334 6881 2343 6882 2334 6882 2344 6882 2346 6883 2341 6884 2345 6885 2341 6886 2342 6886 2345 6886 2342 6887 2343 6888 2345 6889 2343 6890 2344 6890 2350 6890 2350 6891 2347 6892 2343 6893 2350 6894 2344 6894 2348 6894 2345 6895 2347 6895 2346 6895 2347 6896 2345 6897 2343 6898 2340 6899 2344 6900 2334 6901 2339 6902 2344 6902 2340 6902 2339 6903 2338 6903 2351 6903 2351 6904 2338 6904 2341 6904 2337 6905 2341 6906 2338 6907 2347 6908 2350 6909 2348 6910 2348 6911 2344 6912 2347 6913 2350 6914 2349 6914 2348 6914 2347 6915 2344 6915 2339 6915 2346 6916 2339 6916 2351 6916 2351 6917 2341 6917 2346 6917 2339 6918 2346 6919 2347 6920 2105 6921 2354 6921 2352 6921 2352 6922 2106 6922 2105 6922 2108 6923 2107 6923 2355 6923 2353 6924 2107 6924 2106 6924 2354 6925 2105 6925 2104 6925 2108 6926 2358 6926 2357 6926 2353 6927 2355 6927 2107 6927 2356 6928 2354 6928 2104 6928 2104 6929 2110 6929 2356 6929 2110 6930 2357 6930 2356 6930 2357 6931 2109 6931 2108 6931 2352 6932 2353 6932 2106 6932 2355 6933 2358 6933 2108 6933 2110 6934 2109 6934 2357 6934 2358 6935 2355 6935 2359 6935 2355 6936 2367 6936 2359 6936 2359 6937 2360 6937 2358 6937 2357 6938 2358 6938 2360 6938 2360 6939 2361 6939 2357 6939 2361 6940 2362 6940 2357 6940 2356 6941 2357 6941 2362 6941 2362 6942 2363 6942 2356 6942 2354 6943 2356 6943 2364 6943 2363 6944 2364 6944 2356 6944 2364 6945 2365 6945 2354 6945 2352 6946 2354 6946 2365 6946 2353 6947 2352 6947 2365 6947 2365 6948 2366 6948 2353 6948 2366 6949 2367 6949 2355 6949 2366 6950 2355 6950 2353 6950 2368 6951 2363 6952 2362 6953 2369 6954 2368 6954 2362 6954 2369 6955 2362 6956 2361 6957 2370 6958 2369 6958 2360 6958 2369 6959 2361 6959 2360 6959 2370 6960 2360 6960 2359 6960 2370 6961 2359 6961 2367 6961 2372 6962 2368 6963 2371 6964 2368 6965 2369 6965 2371 6965 2369 6966 2370 6966 2371 6966 2374 6967 2367 6967 2375 6967 2370 6968 2367 6968 2374 6968 2374 6969 2373 6970 2370 6971 2375 6972 2376 6972 2374 6972 2372 6973 2371 6974 2373 6975 2373 6976 2371 6977 2370 6978 2366 6979 2365 6979 2377 6979 2378 6980 2377 6980 2365 6980 2378 6981 2365 6981 2364 6981 2378 6982 2364 6982 2368 6982 2364 6983 2363 6984 2368 6984 2366 6985 2379 6985 2367 6985 2379 6986 2374 6987 2375 6988 2375 6989 2367 6990 2379 6991 2379 6992 2373 6993 2374 6994 2366 6995 2377 6996 2379 6997 2377 6998 2378 6999 2379 7000 2378 7001 2368 7002 2372 7003 2372 7004 2373 7005 2379 7006 2372 7007 2379 7007 2378 7007 2115 7008 2114 7008 2381 7008 2112 7009 2382 7009 2380 7009 2380 7010 2113 7010 2112 7010 2381 7011 2114 7011 2113 7011 2381 7012 2383 7012 2115 7012 2382 7013 2112 7013 2111 7013 2111 7014 2118 7014 2384 7014 2385 7015 2384 7015 2117 7015 2380 7016 2381 7016 2113 7016 2384 7017 2382 7017 2111 7017 2383 7018 2385 7018 2116 7018 2118 7019 2117 7019 2384 7019 2385 5982 2117 5982 2116 5982 2116 7020 2115 7020 2383 7020 2383 7021 2394 7021 2386 7021 2383 7022 2386 7022 2387 7022 2385 7023 2387 7023 2388 7023 2384 7024 2388 7024 2389 7024 2388 7025 2384 7025 2385 7025 2387 7026 2385 7026 2383 7026 2389 7027 2382 7027 2384 7027 2389 7028 2390 7028 2382 7028 2390 7029 2380 7029 2382 7029 2381 7030 2390 7030 2391 7030 2390 7031 2381 7031 2380 7031 2391 7032 2392 7032 2381 7032 2383 7033 2381 7033 2394 7033 2392 7034 2394 7035 2381 7036 2395 7037 2393 7037 2388 7037 2388 7038 2387 7038 2395 7038 2387 7039 2386 7039 2396 7039 2386 7040 2394 7040 2396 7040 2396 7041 2395 7042 2387 7043 2393 7044 2389 7044 2388 7044 2397 7045 2392 7045 2391 7045 2397 7046 2391 7046 2390 7046 2390 7047 2398 7047 2397 7047 2390 7048 2389 7048 2398 7048 2389 7049 2393 7049 2398 7049 2392 7050 2399 7051 2394 7052 2396 7053 2394 7054 2399 7055 2392 7056 2397 7056 2399 7056 2397 7057 2398 7058 2399 7057 2398 7059 2393 7059 2395 7059 2395 7060 2399 7060 2398 7060 2396 7061 2399 7062 2395 7063 2400 7064 2135 7064 2134 7064 2400 7065 2136 7065 2135 7065 2403 7066 2131 7066 2130 7066 2405 7067 2132 7067 2131 7067 2406 7068 2134 7068 2133 7068 2401 7069 2137 7069 2136 7069 2408 7070 2138 7070 2137 7070 2409 7071 2140 7071 2139 7071 2413 7072 2130 7072 2150 7072 2131 7073 2403 7073 2404 7073 2131 7074 2404 7074 2405 7074 2410 7075 2133 7075 2132 7075 2409 7076 2139 7076 2138 7076 2411 7077 2143 7077 2142 7077 2134 7078 2406 7078 2407 7078 2134 7079 2407 7079 2400 7079 2136 7080 2400 7080 2401 7080 2137 7081 2401 7081 2402 7081 2137 7082 2402 7082 2408 7082 2132 7083 2405 7083 2410 7083 2140 7084 2409 7084 2412 7084 2414 7085 2141 7085 2140 7085 2130 7086 2413 7086 2403 7086 2138 7087 2408 7087 2409 7087 2414 7088 2142 7088 2141 7088 2418 7089 2149 7089 2148 7089 2419 7090 2150 7090 2149 7090 2133 7091 2410 7091 2406 7091 2142 7092 2414 7092 2415 7092 2417 7093 2148 7093 2147 7093 2149 7094 2418 7094 2419 7094 2150 7095 2419 7095 2413 7095 2140 7096 2412 7096 2414 7096 2143 7097 2411 7097 2416 7097 2147 7098 2422 7098 2417 7098 2142 7099 2415 7099 2411 7099 2420 7100 2145 7100 2144 7100 2422 7101 2147 7101 2146 7101 2148 7102 2417 7102 2418 7102 2416 7103 2144 7103 2143 7103 2145 7104 2420 7104 2421 7104 2421 7105 2146 7105 2145 7105 2146 7106 2421 7106 2422 7106 2144 7107 2416 7107 2420 7107 2409 7108 2446 7108 2423 7108 2412 7109 2423 7109 2424 7109 2414 7110 2424 7110 2425 7110 2415 7111 2425 7111 2426 7111 2411 7112 2426 7112 2427 7112 2416 7113 2427 7113 2428 7113 2420 7114 2428 7114 2429 7114 2421 7115 2429 7115 2430 7115 2422 7116 2430 7116 2431 7116 2417 7117 2431 7117 2432 7117 2418 7118 2432 7118 2433 7118 2419 7119 2433 7119 2434 7119 2434 7120 2413 7120 2419 7120 2433 7121 2419 7121 2418 7121 2432 7122 2418 7122 2417 7122 2431 7123 2417 7123 2422 7123 2430 7124 2422 7124 2421 7124 2429 7125 2421 7125 2420 7125 2428 7126 2420 7126 2416 7126 2427 7127 2416 7127 2411 7127 2426 7128 2411 7128 2415 7128 2425 7129 2415 7129 2414 7129 2424 7130 2414 7130 2412 7130 2423 7131 2412 7131 2409 7131 2413 7132 2434 7132 2435 7132 2403 7133 2435 7133 2436 7133 2404 7134 2436 7134 2437 7134 2405 7135 2437 7135 2438 7135 2410 7136 2438 7136 2439 7136 2406 7137 2439 7137 2440 7137 2407 7138 2440 7138 2441 7138 2400 7139 2441 7139 2442 7139 2401 7140 2442 7140 2443 7140 2402 7141 2443 7141 2444 7141 2408 7142 2444 7142 2445 7142 2409 7143 2445 7143 2446 7143 2445 7144 2409 7144 2408 7144 2444 7145 2408 7145 2402 7145 2443 7146 2402 7146 2401 7146 2442 7147 2401 7147 2400 7147 2441 7148 2400 7148 2407 7148 2440 7149 2407 7149 2406 7149 2439 7150 2406 7150 2410 7150 2438 7151 2410 7151 2405 7151 2437 7152 2405 7152 2404 7152 2436 7153 2404 7153 2403 7153 2435 7154 2403 7154 2413 7154 2434 7155 2475 7155 2447 7155 2436 7156 2447 7156 2448 7156 2436 7157 2448 7157 2449 7157 2437 7158 2449 7158 2450 7158 2438 7159 2450 7159 2451 7159 2439 7160 2451 7160 2452 7160 2440 7161 2452 7161 2453 7161 2440 7162 2453 7162 2454 7162 2441 7163 2454 7163 2455 7163 2442 7164 2455 7164 2456 7164 2443 7165 2456 7165 2457 7165 2444 7166 2457 7166 2458 7166 2445 7167 2458 7167 2459 7167 2445 7168 2459 7168 2460 7168 2460 7169 2446 7169 2445 7169 2458 7170 2445 7170 2444 7170 2457 7171 2444 7171 2443 7171 2456 7172 2443 7172 2442 7172 2455 7173 2442 7173 2441 7173 2454 7174 2441 7174 2440 7174 2452 7175 2440 7175 2439 7175 2451 7176 2439 7176 2438 7176 2450 7177 2438 7177 2437 7177 2449 7178 2437 7178 2436 7178 2447 7179 2436 7179 2435 7179 2447 7180 2435 7180 2434 7180 2446 7181 2460 7181 2461 7181 2423 7182 2461 7182 2462 7182 2424 7183 2462 7183 2463 7183 2425 7184 2463 7184 2464 7184 2426 7185 2464 7185 2465 7185 2427 7186 2465 7186 2466 7186 2428 7187 2466 7187 2467 7187 2429 7188 2467 7188 2468 7188 2429 7189 2468 7189 2469 7189 2430 7190 2469 7190 2470 7190 2431 7191 2470 7191 2471 7191 2431 7192 2471 7192 2472 7192 2432 7193 2472 7193 2473 7193 2432 7194 2473 7194 2474 7194 2433 7195 2474 7195 2475 7195 2475 7196 2434 7196 2433 7196 2474 7197 2433 7197 2432 7197 2472 7198 2432 7198 2431 7198 2470 7199 2431 7199 2430 7199 2469 7200 2430 7200 2429 7200 2467 7201 2429 7201 2428 7201 2466 7202 2428 7202 2427 7202 2465 7203 2427 7203 2426 7203 2464 7204 2426 7204 2425 7204 2463 7205 2425 7205 2424 7205 2462 7206 2424 7206 2423 7206 2461 7207 2423 7207 2446 7207 2517 7208 2478 7208 2477 7208 2478 7209 2480 7209 2481 7209 2480 7210 2483 7210 2482 7210 2483 7211 2486 7211 2485 7212 2486 7213 2488 7213 2487 7213 2488 7214 2490 7214 2491 7214 2490 7215 2492 7215 2491 7215 2492 7216 2495 7216 2494 7216 2495 7217 2497 7217 2496 7217 2476 7218 2477 7218 2447 7218 2477 7219 2479 7219 2448 7219 2479 7220 2481 7220 2449 7220 2481 7221 2482 7221 2450 7221 2482 7222 2484 7222 2452 7222 2484 7223 2485 7223 2452 7223 2485 7224 2487 7224 2454 7224 2487 7225 2489 7225 2454 7225 2489 7226 2491 7226 2455 7226 2491 7227 2493 7227 2456 7227 2493 7228 2494 7228 2457 7228 2494 7229 2496 7229 2459 7229 2496 7230 2498 7230 2460 7230 2460 7231 2459 7231 2496 7231 2459 7232 2458 7232 2494 7232 2458 7233 2457 7233 2494 7233 2457 7234 2456 7234 2493 7234 2456 7235 2455 7235 2491 7235 2455 7236 2454 7236 2489 7236 2454 7237 2453 7237 2485 7237 2453 7238 2452 7238 2485 7238 2452 7239 2451 7239 2482 7239 2451 7240 2450 7240 2482 7240 2450 7241 2449 7241 2481 7241 2449 7242 2448 7242 2479 7242 2448 7243 2447 7243 2477 7243 2447 7244 2475 7244 2476 7244 2498 7245 2496 7245 2497 7245 2496 7246 2494 7246 2495 7246 2494 7247 2493 7247 2492 7247 2493 7248 2491 7248 2492 7248 2491 7249 2489 7249 2488 7249 2489 7250 2487 7250 2488 7250 2487 7251 2485 7251 2486 7251 2485 7252 2484 7252 2483 7252 2484 7253 2482 7253 2483 7253 2482 7254 2481 7254 2480 7254 2481 7255 2479 7255 2478 7255 2479 7256 2477 7256 2478 7256 2477 7257 2476 7257 2517 7257 2497 7258 2499 7258 2498 7258 2499 7259 2501 7259 2502 7259 2501 7260 2503 7260 2502 7260 2503 7261 2506 7261 2505 7261 2506 7262 2508 7262 2507 7262 2508 7263 2510 7263 2509 7263 2510 7264 2513 7264 2512 7264 2513 7265 2514 7266 2472 7267 2514 7268 2517 7268 2516 7268 2498 7269 2500 7269 2461 7269 2500 7270 2502 7270 2463 7270 2502 7271 2504 7271 2464 7271 2504 7272 2505 7272 2466 7272 2505 7273 2507 7273 2467 7273 2507 7274 2509 7274 2468 7274 2509 7275 2511 7275 2469 7275 2511 7276 2512 7276 2470 7276 2512 7277 2472 7277 2471 7277 2472 7278 2515 7278 2473 7278 2515 7279 2516 7279 2474 7279 2516 7280 2476 7280 2475 7280 2475 7281 2474 7281 2516 7281 2474 7282 2473 7282 2515 7282 2471 7283 2470 7283 2512 7283 2470 7284 2469 7284 2511 7284 2469 7285 2468 7285 2509 7285 2468 7286 2467 7286 2507 7286 2467 7287 2466 7287 2505 7287 2466 7288 2465 7288 2504 7288 2465 7289 2464 7289 2504 7289 2464 7290 2463 7290 2502 7290 2463 7291 2462 7291 2500 7291 2462 7292 2461 7292 2500 7292 2461 7293 2460 7293 2498 7293 2476 7294 2516 7294 2517 7294 2516 7295 2515 7295 2514 7295 2515 7296 2472 7296 2514 7296 2472 7297 2512 7297 2513 7297 2512 7298 2511 7298 2510 7298 2511 7299 2509 7299 2510 7299 2509 7300 2507 7300 2508 7300 2507 7301 2505 7301 2506 7301 2505 7302 2504 7303 2503 7303 2504 7304 2502 7304 2503 7304 2502 7305 2500 7305 2499 7305 2500 7306 2498 7306 2499 7306 2518 7307 2495 7307 2492 7307 2520 7308 2490 7308 2488 7308 2521 7309 2492 7309 2490 7309 2495 7310 2518 7310 2519 7310 2523 7311 2499 7311 2497 7311 2492 7312 2521 7312 2518 7312 2523 7313 2524 7313 2499 7313 2488 7314 2522 7314 2520 7314 2490 7315 2520 7315 2521 7315 2519 7316 2497 7316 2495 7316 2532 7317 2527 7317 2517 7317 2483 7318 2480 7318 2525 7318 2524 7319 2529 7319 2501 7319 2478 7320 2517 7320 2527 7320 2528 7321 2525 7321 2480 7321 2486 7322 2483 7322 2526 7322 2488 7323 2486 7323 2522 7323 2501 7324 2499 7324 2524 7324 2514 7325 2513 7325 2530 7325 2532 7326 2517 7326 2514 7326 2480 7327 2478 7327 2528 7327 2533 7328 2510 7328 2508 7328 2514 7329 2530 7329 2532 7329 2503 7330 2501 7330 2529 7330 2506 7331 2531 7331 2508 7331 2534 7332 2513 7332 2510 7332 2510 7333 2533 7333 2534 7333 2536 7334 2531 7334 2506 7334 2537 7335 2506 7335 2503 7335 2537 7336 2503 7336 2529 7336 2539 7337 2529 7337 2524 7337 2540 7338 2524 7338 2523 7338 2541 7339 2523 7339 2497 7339 2542 7340 2497 7340 2519 7340 2543 7341 2519 7341 2518 7341 2545 7342 2518 7342 2521 7342 2546 7343 2521 7343 2520 7343 2547 7344 2520 7344 2522 7344 2548 7345 2522 7345 2486 7345 2486 7346 2549 7346 2548 7346 2522 7347 2548 7347 2547 7347 2520 7348 2547 7348 2546 7348 2521 7349 2546 7349 2545 7349 2518 7350 2545 7350 2544 7350 2518 7351 2544 7351 2543 7351 2519 7352 2543 7352 2542 7352 2497 7353 2542 7353 2541 7353 2523 7354 2541 7354 2540 7354 2524 7355 2540 7355 2539 7355 2529 7356 2539 7356 2538 7356 2529 7357 2538 7357 2537 7357 2506 7358 2537 7358 2536 7358 2531 7359 2536 7359 2535 7359 2549 7360 2486 7360 2526 7360 2550 7361 2526 7361 2483 7361 2551 7362 2483 7362 2525 7362 2552 7363 2525 7363 2528 7363 2554 7364 2528 7364 2478 7364 2555 7365 2478 7365 2527 7365 2555 7366 2527 7366 2532 7366 2556 7367 2532 7367 2530 7367 2558 7368 2530 7368 2513 7368 2559 7369 2513 7369 2534 7369 2560 7370 2534 7370 2533 7370 2561 7371 2533 7371 2508 7371 2535 7372 2508 7372 2531 7372 2508 7373 2535 7373 2561 7373 2533 7374 2561 7374 2560 7374 2534 7375 2560 7375 2559 7375 2513 7376 2559 7376 2558 7376 2530 7377 2558 7377 2557 7377 2530 7378 2557 7378 2556 7378 2532 7379 2556 7379 2555 7379 2478 7380 2555 7380 2554 7380 2528 7381 2554 7381 2553 7381 2528 7382 2553 7382 2552 7382 2525 7383 2552 7383 2551 7383 2483 7384 2551 7384 2550 7384 2526 7385 2550 7385 2549 7385 2549 7386 2562 7386 2563 7386 2548 7387 2563 7387 2564 7387 2547 7388 2564 7388 2565 7388 2546 7389 2565 7389 2566 7389 2545 7390 2566 7390 2567 7390 2544 7391 2567 7391 2568 7391 2543 7392 2568 7392 2569 7392 2542 7393 2569 7393 2570 7393 2541 7394 2570 7394 2571 7394 2540 7395 2571 7395 2572 7395 2539 7396 2572 7396 2573 7396 2538 7397 2573 7397 2574 7397 2537 7398 2574 7398 2575 7398 2536 7399 2575 7399 2576 7399 2536 7400 2576 7400 2577 7400 2577 7401 2535 7401 2536 7401 2575 7402 2536 7402 2537 7402 2574 7403 2537 7403 2538 7403 2573 7404 2538 7404 2539 7404 2572 7405 2539 7405 2540 7405 2571 7406 2540 7406 2541 7406 2570 7407 2541 7407 2542 7407 2569 7408 2542 7408 2543 7408 2568 7409 2543 7409 2544 7409 2567 7410 2544 7410 2545 7410 2566 7411 2545 7411 2546 7411 2565 7412 2546 7412 2547 7412 2564 7413 2547 7413 2548 7413 2563 7414 2548 7414 2549 7414 2535 7415 2577 7415 2578 7415 2560 7416 2578 7416 2579 7416 2560 7417 2579 7417 2580 7417 2559 7418 2580 7418 2581 7418 2558 7419 2581 7419 2582 7419 2557 7420 2582 7420 2583 7420 2556 7421 2583 7421 2584 7421 2555 7422 2584 7422 2585 7422 2554 7423 2585 7423 2586 7423 2553 7424 2586 7424 2587 7424 2552 7425 2587 7425 2588 7425 2550 7426 2588 7426 2589 7426 2549 7427 2589 7427 2562 7427 2589 7428 2549 7428 2550 7428 2588 7429 2550 7429 2551 7429 2588 7430 2551 7430 2552 7430 2587 7431 2552 7431 2553 7431 2586 7432 2553 7432 2554 7432 2585 7433 2554 7433 2555 7433 2584 7434 2555 7434 2556 7434 2583 7435 2556 7435 2557 7435 2582 7436 2557 7436 2558 7436 2581 7437 2558 7437 2559 7437 2580 7438 2559 7438 2560 7438 2578 7439 2560 7439 2561 7439 2578 7440 2561 7440 2535 7440 2563 7441 2590 7441 2591 7441 2564 7442 2591 7442 2592 7442 2565 7443 2592 7443 2593 7443 2567 7444 2593 7444 2594 7444 2568 7445 2594 7445 2595 7445 2569 7446 2595 7446 2596 7446 2570 7447 2596 7447 2597 7447 2572 7448 2597 7448 2598 7448 2573 7449 2598 7449 2599 7449 2574 7450 2599 7450 2600 7450 2575 7451 2600 7451 2601 7451 2577 7452 2601 7452 2602 7452 2601 7453 2577 7453 2576 7453 2601 7454 2576 7454 2575 7454 2600 7455 2575 7455 2574 7455 2599 7456 2574 7456 2573 7456 2598 7457 2573 7457 2572 7457 2597 7458 2572 7458 2571 7458 2597 7459 2571 7459 2570 7459 2596 7460 2570 7460 2569 7460 2595 7461 2569 7461 2568 7461 2594 7462 2568 7462 2567 7462 2593 7463 2567 7463 2566 7463 2593 7464 2566 7464 2565 7464 2592 7465 2565 7465 2564 7465 2591 7466 2564 7466 2563 7466 2590 7467 2563 7467 2562 7467 2578 7468 2602 7468 2603 7468 2580 7469 2603 7469 2604 7469 2581 7470 2604 7470 2605 7470 2582 7471 2605 7471 2606 7471 2583 7472 2606 7472 2607 7472 2583 7473 2607 7473 2608 7473 2585 7474 2608 7474 2609 7474 2586 7475 2609 7475 2610 7475 2587 7476 2610 7476 2611 7476 2588 7477 2611 7477 2612 7477 2562 7478 2612 7478 2590 7478 2612 7479 2562 7479 2589 7479 2612 7480 2589 7480 2588 7480 2611 7481 2588 7481 2587 7481 2610 7482 2587 7482 2586 7482 2609 7483 2586 7483 2585 7483 2608 7484 2585 7484 2584 7484 2608 7485 2584 7485 2583 7485 2606 7486 2583 7486 2582 7486 2605 7487 2582 7487 2581 7487 2604 7488 2581 7488 2580 7488 2603 7489 2580 7489 2579 7489 2603 7490 2579 7490 2578 7490 2602 7491 2578 7491 2577 7491 2611 7492 2610 7492 2614 7492 2613 7493 2623 7493 2612 7493 2612 7494 2611 7494 2613 7494 2610 7495 2609 7495 2615 7495 2606 7496 2605 7496 2618 7496 2603 7497 2602 7497 2616 7497 2617 7498 2613 7498 2611 7498 2619 7499 2618 7499 2605 7499 2602 7500 2601 7500 2624 7500 2597 7501 2596 7501 2632 7501 2593 7502 2592 7502 2630 7502 2591 7503 2590 7503 2622 7503 2590 7504 2612 7504 2623 7504 2614 7505 2617 7505 2611 7505 2615 7506 2614 7506 2610 7506 2608 7507 2607 7507 2626 7507 2607 7508 2606 7508 2627 7508 2605 7509 2604 7509 2619 7509 2604 7510 2603 7510 2620 7510 2621 7511 2616 7511 2602 7511 2625 7512 2630 7512 2592 7512 2592 7513 2591 7513 2625 7513 2609 7514 2608 7514 2631 7514 2620 7515 2619 7515 2604 7515 2628 7516 2620 7516 2603 7516 2598 7517 2597 7517 2637 7517 2629 7518 2633 7518 2595 7518 2594 7519 2593 7519 2634 7519 2630 7520 2634 7520 2593 7520 2622 7521 2625 7521 2591 7521 2623 7522 2622 7522 2590 7522 2631 7523 2615 7523 2609 7523 2624 7524 2621 7524 2602 7524 2600 7525 2599 7525 2636 7525 2632 7526 2637 7526 2597 7526 2596 7527 2595 7527 2633 7527 2595 7528 2594 7528 2629 7528 2626 7529 2631 7529 2608 7529 2627 7530 2626 7530 2607 7530 2601 7531 2600 7531 2635 7531 2636 7532 2635 7532 2600 7532 2599 7533 2598 7533 2636 7533 2633 7534 2632 7534 2596 7534 2618 7535 2627 7535 2606 7535 2616 7536 2628 7536 2603 7536 2635 7537 2624 7537 2601 7537 2634 7538 2629 7538 2594 7538 2637 7539 2636 7539 2598 7539 2626 7540 2662 7540 2638 7540 2626 7541 2638 7541 2639 7541 2631 7542 2639 7542 2640 7542 2615 7543 2640 7543 2641 7543 2614 7544 2641 7544 2642 7544 2617 7545 2642 7545 2643 7545 2613 7546 2643 7546 2644 7546 2622 7547 2644 7547 2645 7547 2625 7548 2645 7548 2646 7548 2630 7549 2646 7549 2647 7549 2634 7550 2647 7550 2648 7550 2634 7551 2648 7551 2649 7551 2633 7552 2649 7552 2650 7552 2649 7553 2633 7553 2629 7553 2649 7554 2629 7554 2634 7554 2647 7555 2634 7555 2630 7555 2646 7556 2630 7556 2625 7556 2645 7557 2625 7557 2622 7557 2644 7558 2622 7558 2623 7558 2644 7559 2623 7559 2613 7559 2643 7560 2613 7560 2617 7560 2642 7561 2617 7561 2614 7561 2641 7562 2614 7562 2615 7562 2640 7563 2615 7563 2631 7563 2639 7564 2631 7564 2626 7564 2632 7565 2650 7565 2651 7565 2632 7566 2651 7566 2652 7566 2637 7567 2652 7567 2653 7567 2636 7568 2653 7568 2654 7568 2635 7569 2654 7569 2655 7569 2624 7570 2655 7570 2656 7570 2621 7571 2656 7571 2657 7571 2616 7572 2657 7572 2658 7572 2628 7573 2658 7573 2659 7573 2620 7574 2659 7574 2660 7574 2619 7575 2660 7575 2661 7575 2618 7576 2661 7576 2662 7576 2662 7577 2626 7577 2627 7577 2662 7578 2627 7578 2618 7578 2661 7579 2618 7579 2619 7579 2660 7580 2619 7580 2620 7580 2659 7581 2620 7581 2628 7581 2658 7582 2628 7582 2616 7582 2657 7583 2616 7583 2621 7583 2656 7584 2621 7584 2624 7584 2655 7585 2624 7585 2635 7585 2654 7586 2635 7586 2636 7586 2653 7587 2636 7587 2637 7587 2652 7588 2637 7588 2632 7588 2650 7589 2632 7589 2633 7589 2667 7590 2663 7590 2649 7590 2664 7591 2665 7591 2641 7591 2665 7592 2666 7592 2642 7592 2650 7593 2649 7593 2663 7593 2663 7594 2668 7594 2650 7594 2668 7595 2670 7595 2651 7595 2641 7596 2640 7596 2664 7596 2642 7597 2641 7597 2665 7597 2643 7598 2642 7598 2666 7598 2666 7599 2669 7599 2643 7599 2669 7600 2671 7600 2645 7600 2671 7601 2672 7601 2646 7601 2673 7602 2674 7602 2648 7602 2644 7603 2643 7603 2669 7603 2646 7604 2645 7604 2671 7604 2672 7605 2673 7605 2647 7605 2648 7606 2647 7606 2673 7606 2674 7607 2667 7607 2648 7607 2670 7608 2675 7608 2652 7608 2680 7609 2677 7609 2638 7609 2677 7610 2664 7610 2640 7610 2645 7611 2644 7611 2669 7611 2647 7612 2646 7612 2672 7612 2651 7613 2650 7613 2668 7613 2658 7614 2657 7614 2676 7614 2676 7615 2679 7615 2658 7615 2639 7616 2638 7616 2677 7616 2681 7617 2678 7617 2656 7617 2678 7618 2676 7618 2657 7618 2640 7619 2639 7619 2677 7619 2649 7620 2648 7620 2667 7620 2652 7621 2651 7621 2670 7621 2675 7622 2682 7622 2653 7622 2682 7623 2686 7623 2654 7623 2660 7624 2659 7624 2683 7624 2684 7625 2685 7625 2661 7625 2653 7626 2652 7626 2675 7626 2657 7627 2656 7627 2678 7627 2679 7628 2683 7628 2659 7628 2683 7629 2684 7629 2660 7629 2661 7630 2660 7630 2684 7630 2685 7631 2687 7631 2662 7631 2686 7632 2681 7632 2655 7632 2662 7633 2661 7633 2685 7633 2655 7634 2654 7634 2686 7634 2687 7635 2680 7635 2662 7635 2654 7636 2653 7636 2682 7636 2656 7637 2655 7637 2681 7637 2659 7638 2658 7638 2679 7638 2638 7639 2662 7639 2680 7639 2688 7640 2668 7640 2663 7640 2689 7641 2663 7641 2667 7641 2690 7642 2667 7642 2674 7642 2691 7643 2674 7643 2673 7643 2693 7644 2673 7644 2672 7644 2694 7645 2672 7645 2671 7645 2696 7646 2671 7646 2669 7646 2698 7647 2669 7647 2666 7647 2699 7648 2666 7648 2665 7648 2700 7649 2665 7649 2664 7649 2702 7650 2664 7650 2677 7650 2703 7651 2677 7651 2680 7651 2680 7652 2704 7652 2703 7652 2677 7653 2703 7653 2702 7653 2664 7654 2702 7654 2701 7654 2664 7655 2701 7655 2700 7655 2665 7656 2700 7656 2699 7656 2666 7657 2699 7657 2698 7657 2669 7658 2698 7658 2697 7658 2669 7659 2697 7659 2696 7659 2671 7660 2696 7660 2695 7660 2671 7661 2695 7661 2694 7661 2672 7662 2694 7662 2693 7662 2673 7663 2693 7663 2692 7663 2673 7664 2692 7664 2691 7664 2674 7665 2691 7665 2690 7665 2667 7666 2690 7666 2689 7666 2663 7667 2689 7667 2688 7667 2704 7668 2680 7668 2687 7668 2706 7669 2687 7669 2685 7669 2707 7670 2685 7670 2684 7670 2708 7671 2684 7671 2683 7671 2709 7672 2683 7672 2679 7672 2711 7673 2679 7673 2676 7673 2712 7674 2676 7674 2678 7674 2713 7675 2678 7675 2681 7675 2714 7676 2681 7676 2686 7676 2716 7677 2686 7677 2682 7677 2718 7678 2682 7678 2675 7678 2719 7679 2675 7679 2670 7679 2720 7680 2670 7680 2668 7680 2668 7681 2688 7681 2720 7681 2670 7682 2720 7682 2719 7682 2675 7683 2719 7683 2718 7683 2682 7684 2718 7684 2717 7684 2682 7685 2717 7685 2716 7685 2686 7686 2716 7686 2715 7686 2686 7687 2715 7687 2714 7687 2681 7688 2714 7688 2713 7688 2678 7689 2713 7690 2712 7691 2676 7692 2712 7692 2711 7692 2679 7693 2711 7693 2710 7693 2679 7694 2710 7694 2709 7694 2683 7695 2709 7695 2708 7695 2684 7696 2708 7696 2707 7696 2685 7697 2707 7697 2706 7697 2687 7698 2706 7698 2705 7698 2687 7699 2705 7699 2704 7699 2720 7700 2721 7700 2722 7700 2720 7701 2722 7701 2723 7701 2719 7702 2723 7702 2724 7702 2718 7703 2724 7703 2725 7703 2717 7704 2725 7704 2726 7704 2716 7705 2726 7705 2727 7705 2714 7706 2727 7706 2728 7706 2713 7707 2728 7707 2729 7707 2712 7708 2729 7708 2730 7708 2711 7709 2730 7709 2731 7709 2710 7710 2731 7710 2732 7710 2709 7711 2732 7711 2733 7711 2707 7712 2733 7712 2734 7712 2707 7713 2734 7713 2735 7713 2705 7714 2735 7714 2736 7714 2736 7715 2704 7715 2705 7715 2735 7716 2705 7716 2706 7716 2735 7717 2706 7717 2707 7717 2733 7718 2707 7718 2708 7718 2733 7719 2708 7719 2709 7719 2732 7720 2709 7720 2710 7720 2731 7721 2710 7721 2711 7721 2730 7722 2711 7722 2712 7722 2729 7723 2712 7723 2713 7723 2728 7724 2713 7724 2714 7724 2727 7725 2714 7725 2715 7725 2727 7726 2715 7726 2716 7726 2726 7727 2716 7727 2717 7727 2725 7728 2717 7728 2718 7728 2724 7729 2718 7729 2719 7729 2723 7730 2719 7730 2720 7730 2721 7731 2720 7731 2688 7731 2704 7732 2736 7732 2737 7732 2703 7733 2737 7733 2738 7733 2702 7734 2738 7734 2739 7734 2701 7735 2739 7735 2740 7735 2699 7736 2740 7736 2741 7736 2698 7737 2741 7737 2742 7737 2697 7738 2742 7738 2743 7738 2696 7739 2743 7739 2744 7739 2694 7740 2744 7740 2745 7740 2694 7741 2745 7741 2746 7741 2692 7742 2746 7742 2747 7742 2690 7743 2747 7743 2748 7743 2690 7744 2748 7744 2749 7744 2688 7745 2749 7745 2721 7745 2749 7746 2688 7746 2689 7746 2749 7747 2689 7747 2690 7747 2747 7748 2690 7748 2691 7748 2747 7749 2691 7749 2692 7749 2746 7750 2692 7750 2693 7750 2746 7751 2693 7751 2694 7751 2744 7752 2694 7752 2695 7752 2744 7753 2695 7753 2696 7753 2743 7754 2696 7754 2697 7754 2742 7755 2697 7755 2698 7755 2741 7756 2698 7756 2699 7756 2740 7757 2699 7757 2700 7757 2740 7758 2700 7758 2701 7758 2739 7759 2701 7759 2702 7759 2738 7760 2702 7760 2703 7760 2737 7761 2703 7761 2704 7761 2744 7762 2751 7762 2762 7762 2757 7763 2752 7763 2750 7763 2753 7764 2752 7764 2757 7764 2756 7765 2754 7765 2755 7765 2747 7766 2746 7766 2759 7766 2762 7767 2761 7767 2745 7767 2744 7768 2743 7768 2751 7768 2754 7769 2760 7769 2753 7769 2746 7770 2761 7770 2759 7770 2768 7771 2763 7771 2751 7771 2757 7772 2758 7772 2753 7772 2753 7773 2758 7773 2754 7773 2756 7774 2760 7774 2754 7774 2763 7775 2762 7775 2751 7775 2755 7776 2764 7776 2767 7776 2765 7777 2764 7777 2755 7777 2721 7778 2749 7778 2766 7778 2745 7779 2744 7779 2762 7779 2755 7780 2769 7780 2765 7780 2721 7781 2766 7781 2769 7781 2766 7782 2749 7782 2748 7782 2746 7783 2745 7783 2761 7783 2751 7784 2750 7784 2768 7784 2750 7785 2751 7785 2757 7785 2748 7786 2770 7786 2766 7786 2767 7787 2756 7787 2755 7787 2769 7788 2755 7788 2721 7788 2759 7789 2770 7789 2747 7789 2770 7790 2748 7790 2747 7790 2755 7791 2772 7791 2771 7791 2721 7792 2755 7792 2773 7792 2774 7793 2775 7793 2727 7793 2785 7794 2725 7794 2724 7794 2778 7795 2772 7795 2755 7795 2775 7796 2728 7796 2727 7796 2724 7797 2777 7797 2776 7797 2771 7798 2773 7798 2755 7798 2755 7799 2783 7799 2779 7799 2724 7800 2723 7800 2777 7800 2780 7801 2782 7801 2783 7801 2785 7802 2726 7802 2725 7802 2724 7803 2776 7803 2785 7803 2773 7804 2786 7804 2722 7804 2779 7805 2778 7805 2755 7805 2780 7806 2781 7806 2784 7806 2784 7807 2789 7807 2787 7807 2729 7808 2728 7808 2775 7808 2774 7809 2727 7809 2726 7809 2786 7810 2777 7810 2723 7810 2722 7811 2721 7811 2773 7811 2783 7812 2781 7812 2780 7812 2775 7813 2774 7813 2788 7813 2783 7814 2782 7814 2779 7814 2784 7815 2775 7815 2790 7815 2784 7816 2787 7816 2780 7816 2790 7817 2789 7817 2784 7817 2775 7818 2788 7818 2790 7818 2726 7819 2785 7819 2774 7819 2723 7820 2722 7820 2786 7820 2791 7821 2736 7821 2735 7821 2792 7822 2735 7822 2734 7822 2793 7823 2792 7823 2734 7823 2793 7824 2734 7824 2733 7824 2731 7825 2775 7825 2795 7825 2798 7826 2793 7826 2733 7826 2733 7827 2732 7827 2794 7827 2775 7828 2730 7828 2729 7828 2731 7829 2730 7829 2775 7829 2799 7830 2800 7830 2801 7830 2802 7831 2797 7831 2796 7831 2796 7832 2791 7832 2802 7832 2735 7833 2792 7833 2791 7833 2794 7834 2798 7834 2733 7834 2795 7835 2794 7835 2732 7835 2732 7836 2731 7836 2795 7836 2791 7837 2796 7837 2736 7837 2775 7838 2809 7838 2808 7838 2806 7839 2803 7839 2804 7839 2803 7840 2800 7840 2804 7840 2800 7841 2799 7841 2804 7841 2804 7842 2805 7842 2806 7842 2806 7843 2805 7843 2811 7843 2810 7844 2801 7844 2796 7844 2797 7845 2807 7845 2796 7845 2808 7846 2795 7846 2775 7846 2811 7847 2775 7847 2806 7847 2807 7848 2810 7848 2796 7848 2811 7849 2809 7849 2775 7849 2801 7850 2810 7850 2799 7850 2819 7851 2751 7851 2812 7851 2751 7852 2743 7852 2742 7852 2813 7853 2741 7853 2740 7853 2751 7854 2814 7854 2812 7854 2813 7855 2751 7855 2741 7855 2751 7856 2742 7856 2741 7856 2818 7857 2816 7857 2817 7857 2815 7858 2740 7858 2739 7858 2818 7859 2821 7859 2819 7859 2751 7860 2820 7860 2814 7860 2813 7861 2820 7861 2751 7861 2740 7862 2815 7862 2813 7862 2737 7863 2736 7863 2822 7863 2817 7864 2821 7864 2818 7864 2739 7865 2738 7865 2824 7865 2822 7866 2824 7866 2738 7866 2819 7867 2828 7867 2818 7867 2739 7868 2823 7868 2815 7868 2736 7869 2796 7869 2830 7869 2816 7870 2827 7870 2817 7870 2736 7871 2829 7871 2822 7871 2830 7872 2829 7872 2736 7872 2825 7873 2830 7873 2796 7873 2796 7874 2817 7874 2826 7874 2819 7875 2812 7875 2828 7875 2824 7876 2823 7876 2739 7876 2738 7877 2737 7877 2822 7877 2817 7878 2827 7878 2826 7878 2826 7879 2825 7879 2796 7879 2831 7880 2883 7880 2796 7880 2883 7881 2817 7881 2796 7881 2796 7882 2801 7882 2831 7882 2831 7883 2801 7883 2800 7883 2832 7884 2800 7885 2803 7886 2803 7887 2833 7887 2832 7887 2833 7888 2803 7888 2806 7888 2806 7889 2834 7889 2833 7889 2800 7890 2832 7890 2831 7890 2840 7891 2834 7891 2775 7891 2834 7892 2806 7892 2775 7892 2775 7893 2784 7893 2840 7893 2831 7894 2836 7894 2835 7894 2831 7895 2832 7895 2836 7895 2832 7896 2837 7896 2836 7896 2833 7897 2838 7897 2837 7897 2833 7898 2834 7898 2838 7898 2834 7899 2839 7899 2838 7899 2832 7900 2833 7900 2837 7900 2841 7901 2784 7901 2781 7901 2781 7902 2842 7902 2841 7902 2842 7903 2781 7903 2783 7903 2783 7904 2843 7904 2842 7904 2784 7905 2841 7905 2840 7905 2839 7906 2834 7906 2840 7906 2840 7907 2844 7907 2839 7907 2858 7908 2843 7908 2755 7908 2843 7909 2783 7909 2755 7909 2755 7910 2754 7910 2858 7910 2840 7911 2841 7911 2845 7911 2842 7912 2843 7912 2847 7912 2843 7913 2848 7913 2847 7913 2842 7914 2847 7914 2846 7914 2841 7915 2842 7915 2846 7915 2841 7916 2846 7917 2845 7918 2840 7919 2845 7919 2844 7919 2844 7920 2853 7920 2849 7920 2849 7921 2839 7921 2844 7921 2849 7922 2850 7922 2839 7922 2848 7923 2851 7923 2852 7923 2846 7924 2852 7924 2853 7924 2853 7925 2844 7925 2845 7925 2853 7926 2845 7927 2846 7928 2852 7929 2846 7929 2847 7929 2852 7930 2847 7930 2848 7930 2869 7931 2867 7931 2854 7931 2854 7932 2848 7932 2869 7932 2854 7933 2851 7933 2848 7933 2838 7934 2850 7934 2855 7934 2837 7935 2855 7935 2856 7935 2856 7936 2835 7936 2836 7936 2856 7937 2836 7937 2837 7937 2855 7938 2837 7938 2838 7938 2850 7939 2838 7939 2839 7939 2873 7940 2835 7940 2857 7940 2835 7941 2856 7941 2857 7941 2857 7942 2872 7942 2873 7942 2843 7943 2858 7943 2869 7943 2869 7944 2848 7944 2843 7944 2859 7945 2754 7945 2758 7945 2758 7946 2860 7946 2859 7946 2860 7947 2758 7948 2757 7948 2757 7949 2861 7949 2860 7949 2754 7950 2859 7950 2858 7950 2863 7951 2862 7951 2864 7951 2866 7952 2864 7952 2867 7952 2867 7953 2869 7954 2868 7955 2867 7956 2868 7956 2866 7957 2864 7958 2866 7958 2865 7958 2864 7959 2865 7959 2863 7959 2879 7960 2877 7960 2870 7960 2870 7961 2863 7961 2879 7961 2870 7962 2862 7962 2863 7962 2858 7963 2859 7963 2868 7963 2860 7964 2861 7964 2865 7964 2861 7965 2863 7965 2865 7965 2860 7966 2865 7966 2866 7966 2859 7967 2860 7967 2866 7967 2859 7968 2866 7969 2868 7970 2858 7971 2868 7971 2869 7971 2871 7972 2861 7972 2751 7972 2861 7973 2757 7973 2751 7973 2751 7974 2819 7974 2871 7974 2874 7975 2872 7975 2875 7975 2878 7976 2875 7976 2877 7976 2877 7977 2879 7977 2878 7977 2875 7978 2878 7978 2876 7978 2875 7979 2876 7979 2874 7979 2872 7980 2874 7980 2873 7980 2861 7981 2871 7981 2879 7981 2879 7982 2863 7982 2861 7982 2871 7983 2880 7983 2878 7983 2880 7984 2881 7984 2878 7984 2876 7985 2878 7985 2881 7985 2881 7986 2882 7986 2876 7986 2882 7987 2883 7987 2874 7987 2873 7988 2874 7988 2883 7988 2874 7989 2876 7989 2882 7989 2878 7990 2879 7990 2871 7990 2835 7991 2873 7991 2883 7991 2883 7992 2831 7992 2835 7992 2880 7993 2819 7993 2821 7993 2882 7994 2821 7994 2817 7994 2817 7995 2883 7995 2882 7995 2821 7996 2882 7996 2881 7996 2821 7997 2881 7997 2880 7997 2819 7998 2880 7998 2871 7998 2756 7999 2767 7999 2884 7999 2767 8000 2764 8000 2885 8000 2764 8001 2765 8001 2886 8001 2765 8002 2769 8002 2888 8002 2769 8003 2766 8003 2888 8003 2766 8004 2770 8004 2890 8004 2770 8005 2759 8005 2891 8005 2759 8006 2761 8006 2892 8006 2893 8007 2892 8007 2761 8007 2892 8008 2891 8008 2759 8008 2891 8009 2890 8009 2770 8009 2890 8010 2889 8010 2766 8010 2889 8011 2888 8011 2766 8011 2888 8012 2887 8012 2765 8012 2887 8013 2886 8013 2765 8013 2886 8014 2885 8014 2764 8014 2885 8015 2884 8015 2767 8015 2761 8016 2762 8016 2893 8016 2762 8017 2894 8017 2893 8017 2762 8018 2763 8018 2895 8018 2763 8019 2768 8019 2896 8019 2768 8020 2750 8020 2897 8020 2750 8021 2752 8021 2898 8021 2752 8022 2899 8022 2898 8022 2752 8023 2753 8023 2900 8023 2753 8024 2760 8024 2901 8024 2760 8025 2756 8025 2902 8025 2884 8026 2902 8027 2756 8028 2902 8029 2901 8029 2760 8029 2901 8030 2900 8030 2753 8030 2900 8031 2899 8031 2752 8031 2898 8032 2897 8032 2750 8032 2897 8033 2896 8033 2768 8033 2896 8034 2895 8034 2763 8034 2895 8035 2894 8035 2762 8035 2903 8036 2904 8036 2892 8036 2904 8037 2905 8037 2891 8037 2905 8038 2906 8038 2890 8038 2889 8039 2890 8039 2906 8039 2906 8040 2907 8040 2889 8040 2888 8041 2889 8041 2907 8041 2884 8042 2910 8042 2911 8042 2910 8043 2884 8043 2885 8043 2885 8044 2909 8044 2910 8044 2909 8045 2885 8045 2886 8045 2886 8046 2908 8046 2909 8046 2908 8047 2886 8047 2887 8047 2887 8048 2907 8048 2908 8048 2907 8049 2887 8049 2888 8049 2905 8050 2890 8050 2891 8050 2904 8051 2891 8051 2892 8051 2903 8052 2892 8052 2893 8052 2911 8053 2912 8054 2902 8055 2913 8056 2914 8056 2899 8056 2914 8057 2898 8057 2899 8057 2915 8058 2916 8058 2897 8058 2917 8059 2918 8059 2894 8059 2918 8060 2893 8060 2894 8060 2893 8061 2918 8061 2903 8061 2917 8062 2894 8062 2895 8062 2917 8063 2895 8063 2896 8063 2896 8064 2916 8064 2917 8064 2896 8065 2897 8065 2916 8065 2915 8066 2897 8066 2898 8066 2898 8067 2914 8067 2915 8067 2913 8068 2899 8068 2900 8068 2913 8069 2900 8069 2901 8069 2901 8070 2912 8070 2913 8070 2901 8071 2902 8071 2912 8071 2911 8072 2902 8073 2884 8074 2815 8075 2823 8075 2919 8075 2823 8076 2824 8076 2920 8076 2824 8077 2822 8077 2921 8077 2822 8078 2829 8078 2923 8078 2829 8079 2830 8079 2923 8079 2830 8080 2825 8080 2925 8080 2825 8081 2826 8081 2926 8081 2826 8082 2827 8082 2928 8082 2928 8083 2927 8083 2826 8083 2927 8084 2926 8084 2826 8084 2926 8085 2925 8085 2825 8085 2925 8086 2924 8086 2830 8086 2924 8087 2923 8087 2830 8087 2923 8088 2922 8088 2822 8088 2922 8089 2921 8089 2822 8089 2921 8090 2920 8090 2824 8090 2920 8091 2919 8091 2823 8091 2827 8092 2816 8092 2928 8092 2816 8093 2929 8093 2928 8093 2816 8094 2818 8094 2930 8094 2818 8095 2828 8095 2931 8095 2828 8096 2812 8096 2932 8096 2812 8097 2814 8097 2933 8097 2814 8098 2934 8098 2933 8098 2814 8099 2820 8099 2935 8099 2820 8100 2813 8100 2936 8100 2813 8101 2815 8101 2937 8101 2919 8102 2937 8102 2815 8102 2937 8103 2936 8103 2813 8103 2936 8104 2935 8104 2820 8104 2935 8105 2934 8105 2814 8105 2933 8106 2932 8106 2812 8106 2932 8107 2931 8107 2828 8107 2931 8108 2930 8108 2818 8108 2930 8109 2929 8109 2816 8109 2938 8110 2939 8110 2927 8110 2939 8111 2940 8111 2926 8111 2940 8112 2941 8112 2925 8112 2924 8113 2925 8113 2941 8113 2941 8114 2942 8114 2924 8114 2923 8115 2924 8115 2942 8115 2919 8116 2945 8116 2946 8116 2945 8117 2919 8117 2920 8117 2920 8118 2944 8118 2945 8118 2944 8119 2920 8119 2921 8119 2921 8120 2943 8120 2944 8120 2943 8121 2921 8121 2922 8121 2922 8122 2942 8122 2943 8122 2942 8123 2922 8123 2923 8123 2940 8124 2925 8124 2926 8124 2939 8125 2926 8125 2927 8125 2938 8126 2927 8126 2928 8126 2946 8127 2947 8127 2937 8127 2948 8128 2949 8128 2934 8128 2949 8129 2933 8129 2934 8129 2950 8130 2951 8130 2932 8130 2952 8131 2953 8131 2929 8131 2953 8132 2928 8132 2929 8132 2928 8133 2953 8133 2938 8133 2952 8134 2929 8134 2930 8134 2952 8135 2930 8135 2931 8135 2931 8136 2951 8136 2952 8136 2931 8137 2932 8137 2951 8137 2950 8138 2932 8138 2933 8138 2933 8139 2949 8139 2950 8139 2948 8140 2934 8140 2935 8140 2948 8141 2935 8141 2936 8141 2936 8142 2947 8142 2948 8142 2936 8143 2937 8143 2947 8143 2946 8144 2937 8144 2919 8144 2794 8145 2795 8145 2954 8145 2795 8146 2808 8146 2955 8146 2808 8147 2809 8147 2956 8147 2809 8148 2811 8148 2958 8148 2811 8149 2805 8149 2958 8149 2805 8150 2804 8150 2960 8150 2804 8151 2799 8151 2961 8151 2799 8152 2810 8152 2963 8152 2963 8153 2962 8153 2799 8153 2962 8154 2961 8154 2799 8154 2961 8155 2960 8155 2804 8155 2960 8156 2959 8156 2805 8156 2959 8157 2958 8157 2805 8157 2958 8158 2957 8158 2809 8158 2957 8159 2956 8159 2809 8159 2956 8160 2955 8160 2808 8160 2955 8161 2954 8161 2795 8161 2810 8162 2807 8162 2963 8162 2807 8163 2964 8163 2963 8163 2807 8164 2797 8164 2965 8164 2797 8165 2802 8165 2966 8165 2802 8166 2791 8166 2967 8166 2791 8167 2792 8167 2968 8167 2792 8168 2969 8168 2968 8168 2792 8169 2793 8169 2970 8169 2793 8170 2798 8170 2971 8170 2798 8171 2794 8171 2972 8171 2954 8172 2972 8172 2794 8172 2972 8173 2971 8173 2798 8173 2971 8174 2970 8174 2793 8174 2970 8175 2969 8175 2792 8175 2968 8176 2967 8176 2791 8176 2967 8177 2966 8177 2802 8177 2966 8178 2965 8178 2797 8178 2965 8179 2964 8179 2807 8179 2974 8180 2975 8180 2961 8180 2975 8181 2976 8181 2960 8181 2976 8182 2977 8182 2959 8182 2958 8183 2959 8183 2977 8183 2980 8184 2981 8184 2954 8184 2980 8185 2954 8185 2955 8185 2955 8186 2979 8186 2980 8186 2979 8187 2955 8187 2956 8187 2956 8188 2978 8188 2979 8188 2978 8189 2956 8189 2957 8189 2957 8190 2977 8190 2978 8190 2977 8191 2957 8191 2958 8191 2976 8192 2959 8192 2960 8193 2975 8194 2960 8194 2961 8194 2974 8195 2961 8195 2962 8195 2962 8196 2973 8197 2974 8198 2973 8199 2962 8199 2963 8199 2981 8200 2982 8200 2972 8200 2983 8201 2984 8201 2969 8201 2984 8202 2968 8202 2969 8202 2985 8203 2986 8203 2967 8203 2987 8204 2988 8204 2964 8204 2988 8205 2963 8205 2964 8205 2963 8206 2988 8206 2973 8206 2987 8207 2964 8207 2965 8207 2987 8208 2965 8208 2966 8208 2966 8209 2986 8209 2987 8209 2966 8210 2967 8210 2986 8210 2985 8211 2967 8211 2968 8211 2968 8212 2984 8212 2985 8212 2983 8213 2969 8213 2970 8213 2983 8214 2970 8214 2971 8214 2971 8215 2982 8215 2983 8215 2971 8216 2972 8216 2982 8216 2981 8217 2972 8217 2954 8217 2779 8218 2782 8218 2989 8218 2782 8219 2780 8219 2990 8219 2780 8220 2787 8220 2991 8220 2787 8221 2789 8221 2993 8221 2789 8222 2790 8223 2993 8224 2790 8225 2788 8225 2995 8225 2788 8226 2774 8226 2996 8226 2774 8227 2785 8227 2997 8227 2998 8228 2997 8228 2785 8228 2997 8229 2996 8229 2774 8229 2996 8230 2995 8230 2788 8230 2995 8231 2994 8231 2790 8231 2994 8232 2993 8233 2790 8232 2993 8234 2992 8235 2787 8236 2992 8237 2991 8237 2787 8237 2991 8238 2990 8238 2780 8238 2990 8239 2989 8239 2782 8239 2785 8240 2776 8240 2998 8240 2776 8241 2999 8241 2998 8241 2776 8242 2777 8242 3000 8242 2777 8243 2786 8243 3001 8243 2786 8244 2773 8244 3002 8244 2773 8245 2771 8245 3003 8245 2771 8246 3004 8246 3003 8246 2771 8247 2772 8247 3005 8247 2772 8248 2778 8248 3006 8248 2778 8249 2779 8249 3007 8249 2989 8250 3007 8250 2779 8250 3007 8251 3006 8251 2778 8251 3006 8252 3005 8252 2772 8252 3005 8253 3004 8253 2771 8253 3003 8254 3002 8254 2773 8254 3002 8255 3001 8255 2786 8255 3001 8256 3000 8256 2777 8256 3000 8257 2999 8257 2776 8257 3009 8258 3010 8258 2996 8258 3010 8259 3011 8259 2995 8259 3011 8260 3012 8260 2994 8260 2993 8261 2994 8261 3012 8261 2989 8262 3015 8262 3016 8262 3015 8263 2989 8263 2990 8263 2990 8264 3014 8264 3015 8264 3014 8265 2990 8265 2991 8265 2991 8266 3013 8266 3014 8266 3013 8267 2991 8267 2992 8267 2992 8268 3012 8268 3013 8268 3012 8269 2992 8269 2993 8269 3011 8270 2994 8271 2995 8272 3010 8273 2995 8273 2996 8273 3009 8274 2996 8274 2997 8274 2997 8275 3008 8275 3009 8275 3008 8276 2997 8276 2998 8276 3016 8277 3017 8278 3007 8279 3018 8280 3019 8280 3004 8280 3019 8281 3003 8281 3004 8281 3020 8282 3021 8282 3002 8282 3022 8283 3023 8283 2999 8283 3023 8284 2998 8284 2999 8284 2998 8285 3023 8285 3008 8285 3022 8286 2999 8286 3000 8286 3022 8287 3000 8287 3001 8287 3001 8288 3021 8288 3022 8288 3001 8289 3002 8289 3021 8289 3020 8290 3002 8290 3003 8290 3003 8291 3019 8291 3020 8291 3018 8292 3004 8292 3005 8292 3018 8293 3005 8293 3006 8293 3006 8294 3017 8294 3018 8294 3006 8295 3007 8295 3017 8295 3016 8296 3007 8297 2989 8298 3024 8299 3026 8299 2907 8299 3024 8300 2906 8300 2905 8300 3028 8301 3027 8301 2904 8301 2909 8302 2908 8302 3025 8302 2908 8303 3026 8303 3025 8303 3024 8304 2907 8304 2906 8304 2905 8305 3027 8305 3024 8305 3027 8306 2905 8306 2904 8306 3025 8307 3031 8307 2910 8307 2903 8308 3029 8308 3028 8308 3033 8309 2917 8309 2916 8309 3032 8310 2916 8310 2915 8310 3031 8311 2911 8311 2910 8311 2904 8312 2903 8312 3028 8312 2916 8313 3032 8313 3033 8313 2915 8314 3030 8314 3032 8314 2915 8315 2914 8315 3030 8315 2910 8316 2909 8316 3025 8316 3033 8317 3029 8317 2918 8317 3033 8318 2918 8318 2917 8318 3034 8319 3030 8319 2914 8319 2908 8320 2907 8320 3026 8320 3029 8321 2903 8321 2918 8321 2912 8322 3031 8322 3035 8322 2913 8323 3035 8323 3034 8323 2912 8324 2911 8324 3031 8324 2914 8325 2913 8325 3034 8325 2913 8326 2912 8326 3035 8326 3031 8327 3037 8327 3036 8327 3037 8328 3031 8328 3025 8328 3025 8329 3038 8329 3037 8329 3025 8330 3039 8330 3038 8330 3039 8331 3025 8331 3026 8331 3026 8332 3024 8332 3039 8332 3024 8333 3040 8333 3039 8333 3024 8334 3027 8334 3041 8334 3027 8335 3042 8335 3041 8335 3042 8336 3027 8336 3028 8336 3028 8337 3043 8337 3042 8337 3043 8338 3028 8338 3029 8338 3041 8339 3040 8339 3024 8339 3044 8340 3036 8340 3037 8340 3037 8341 3045 8341 3044 8341 3045 8342 3037 8342 3038 8342 3045 8343 3038 8343 3039 8343 3046 8344 3045 8344 3039 8344 3047 8345 3046 8345 3039 8345 3039 8346 3040 8346 3047 8346 3048 8347 3047 8347 3040 8347 3048 8348 3041 8348 3042 8348 3042 8349 3049 8349 3048 8349 3049 8350 3042 8350 3043 8350 3050 8351 3049 8351 3043 8351 3040 8352 3041 8352 3048 8352 3029 8353 3051 8353 3043 8353 3051 8354 3029 8354 3033 8354 3033 8355 3052 8355 3051 8355 3033 8356 3053 8356 3052 8356 3053 8357 3033 8357 3032 8357 3032 8358 3030 8358 3053 8358 3030 8359 3054 8359 3053 8359 3030 8360 3034 8360 3055 8360 3034 8361 3056 8361 3055 8361 3056 8362 3034 8362 3035 8362 3035 8363 3036 8363 3056 8363 3036 8364 3035 8364 3031 8364 3055 8365 3054 8365 3030 8365 3050 8366 3043 8366 3051 8366 3051 8367 3057 8367 3050 8367 3057 8368 3051 8368 3052 8368 3052 8369 3058 8369 3057 8369 3058 8370 3052 8370 3053 8370 3059 8371 3058 8371 3053 8371 3053 8372 3054 8372 3059 8372 3060 8373 3059 8373 3054 8373 3060 8374 3055 8374 3056 8374 3056 8375 3061 8375 3060 8375 3061 8376 3056 8376 3036 8376 3036 8377 3044 8377 3061 8377 3054 8378 3055 8378 3060 8378 3063 8379 2951 8379 2950 8379 3064 8380 2952 8380 2951 8380 3062 8381 3066 8381 2953 8381 2952 8382 3064 8382 3062 8382 3065 8383 3063 8383 2949 8383 3062 8384 2953 8384 2952 8384 2951 8385 3063 8385 3064 8385 2950 8386 2949 8386 3063 8386 2949 8387 2948 8387 3065 8387 3066 8388 3068 8388 2938 8388 3066 8389 2938 8389 2953 8389 2948 8390 3067 8390 3065 8390 2948 8391 2947 8391 3067 8391 3070 8392 3067 8392 2946 8392 3069 8393 3072 8393 2942 8393 3071 8394 3070 8394 2945 8394 3070 8395 2946 8395 2945 8395 3069 8396 2942 8396 2941 8396 3068 8397 3073 8397 2939 8397 2947 8398 2946 8398 3067 8398 2945 8399 2944 8399 3071 8399 2944 8400 3072 8400 3071 8400 3073 8401 2940 8401 2939 8401 2944 8402 2943 8402 3072 8402 3069 8403 2941 8403 2940 8403 2940 8404 3073 8404 3069 8404 2943 8405 2942 8405 3072 8405 2939 8406 2938 8406 3068 8406 3070 8407 3075 8407 3074 8407 3074 8408 3067 8408 3070 8408 3071 8409 3076 8409 3075 8409 3075 8410 3070 8410 3071 8410 3071 8411 3077 8411 3076 8411 3077 8412 3071 8412 3072 8412 3072 8413 3069 8413 3077 8413 3069 8414 3078 8414 3077 8414 3069 8415 3073 8415 3079 8415 3073 8416 3080 8416 3079 8416 3080 8417 3073 8417 3068 8417 3068 8418 3081 8418 3080 8418 3079 8419 3078 8419 3069 8419 3082 8420 3074 8420 3075 8420 3075 8421 3083 8421 3082 8421 3083 8422 3075 8422 3076 8422 3076 8423 3084 8423 3083 8423 3084 8424 3076 8424 3077 8424 3085 8425 3084 8425 3077 8425 3077 8426 3078 8426 3085 8426 3086 8427 3085 8427 3078 8427 3086 8428 3079 8428 3080 8428 3080 8429 3087 8429 3086 8429 3087 8430 3080 8430 3081 8430 3088 8431 3087 8431 3081 8431 3078 8432 3079 8432 3086 8432 3068 8433 3066 8433 3081 8433 3066 8434 3062 8434 3089 8434 3062 8435 3064 8435 3090 8435 3064 8436 3063 8436 3091 8436 3063 8437 3093 8437 3092 8437 3065 8438 3094 8438 3093 8438 3093 8439 3063 8439 3065 8439 3067 8440 3095 8440 3094 8440 3094 8441 3065 8441 3067 8441 3067 8442 3074 8442 3095 8442 3092 8443 3091 8443 3063 8443 3091 8444 3090 8444 3064 8444 3090 8445 3089 8445 3062 8445 3089 8446 3081 8446 3066 8446 3096 8447 3088 8447 3089 8447 3097 8448 3096 8448 3090 8448 3098 8449 3097 8449 3091 8449 3098 8450 3092 8450 3093 8450 3093 8451 3099 8451 3098 8451 3099 8452 3093 8452 3094 8452 3094 8453 3100 8453 3099 8453 3100 8454 3094 8454 3095 8454 3095 8455 3101 8455 3100 8455 3101 8456 3095 8456 3074 8456 3082 8457 3101 8457 3074 8457 3091 8458 3092 8458 3098 8458 3090 8459 3091 8459 3097 8459 3089 8460 3090 8460 3096 8460 3081 8461 3089 8461 3088 8461 3104 8462 3103 8462 2984 8462 3102 8463 2975 8463 2974 8463 3112 8464 2986 8464 2985 8464 2983 8465 3108 8465 3104 8465 3105 8466 3110 8466 2977 8466 3107 8467 2976 8467 2975 8467 3102 8468 3107 8468 2975 8468 2974 8469 3111 8469 3102 8469 2985 8470 3103 8470 3112 8470 2985 8471 2984 8471 3103 8471 2984 8472 2983 8472 3104 8472 2978 8473 3110 8473 3106 8473 3105 8474 2977 8474 2976 8474 3111 8475 2974 8475 2973 8475 3111 8476 2973 8476 2988 8476 3113 8477 3111 8477 2988 8477 2983 8478 2982 8478 3108 8478 2981 8479 2980 8479 3109 8479 2979 8480 2978 8480 3106 8480 3113 8481 2988 8481 2987 8481 3113 8482 2987 8482 2986 8482 3106 8483 3109 8483 2980 8483 2976 8484 3107 8484 3105 8484 2986 8485 3112 8485 3113 8485 2980 8486 2979 8486 3106 8486 2978 8487 2977 8487 3110 8487 2982 8488 3109 8488 3108 8488 2982 8489 2981 8489 3109 8489 3109 8490 3115 8490 3114 8490 3115 8491 3109 8491 3106 8491 3106 8492 3116 8492 3115 8492 3106 8493 3117 8493 3116 8493 3117 8494 3106 8495 3110 8496 3110 8497 3105 8497 3117 8497 3105 8498 3118 8499 3117 8500 3105 8501 3107 8502 3119 8503 3107 8504 3120 8504 3119 8504 3120 8505 3107 8505 3102 8505 3102 8506 3121 8506 3120 8506 3121 8507 3102 8507 3111 8507 3111 8508 3129 8508 3121 8508 3119 8509 3118 8509 3105 8509 3122 8510 3114 8510 3115 8510 3115 8511 3123 8511 3122 8511 3123 8512 3115 8512 3116 8512 3116 8513 3124 8513 3123 8513 3124 8514 3116 8514 3117 8514 3125 8515 3124 8515 3117 8515 3117 8516 3118 8517 3125 8518 3126 8519 3125 8520 3118 8521 3126 8522 3119 8522 3120 8522 3120 8523 3127 8523 3126 8523 3127 8524 3120 8524 3121 8524 3121 8525 3128 8525 3127 8525 3121 8526 3129 8526 3128 8526 3118 8527 3119 8527 3126 8527 3113 8528 3130 8528 3129 8528 3129 8529 3111 8529 3113 8529 3113 8530 3131 8530 3130 8530 3131 8531 3113 8531 3112 8531 3112 8532 3103 8532 3132 8532 3103 8533 3133 8533 3132 8533 3103 8534 3104 8534 3134 8534 3104 8535 3135 8535 3134 8535 3135 8536 3104 8536 3108 8536 3108 8537 3114 8537 3135 8537 3114 8538 3108 8538 3109 8538 3134 8539 3133 8539 3103 8539 3132 8540 3131 8540 3112 8540 3129 8541 3136 8541 3128 8541 3136 8542 3129 8542 3130 8542 3130 8543 3137 8543 3136 8543 3137 8544 3130 8544 3131 8544 3138 8545 3137 8545 3131 8545 3139 8546 3138 8546 3132 8546 3132 8547 3133 8547 3139 8547 3140 8548 3139 8548 3133 8548 3140 8549 3134 8549 3135 8549 3135 8550 3141 8550 3140 8550 3141 8551 3135 8551 3114 8551 3114 8552 3122 8552 3141 8552 3133 8553 3134 8553 3140 8553 3131 8554 3132 8554 3138 8554 3142 8555 3152 8555 3015 8555 3145 8556 3021 8556 3020 8556 3015 8557 3014 8557 3142 8557 3144 8558 3148 8558 3012 8558 3147 8559 3149 8559 3010 8559 3150 8560 3009 8560 3008 8560 3143 8561 3023 8561 3022 8561 3020 8562 3146 8562 3145 8562 3020 8563 3019 8563 3146 8563 3151 8564 3146 8564 3019 8564 3014 8565 3013 8565 3142 8565 3013 8566 3148 8566 3142 8566 3144 8567 3012 8567 3011 8567 3147 8568 3010 8568 3009 8568 3143 8569 3022 8569 3021 8569 3009 8570 3150 8570 3147 8570 3150 8571 3008 8571 3023 8571 3143 8572 3150 8572 3023 8572 3021 8573 3145 8573 3143 8573 3019 8574 3018 8574 3151 8574 3149 8575 3011 8575 3010 8575 3018 8576 3153 8576 3151 8576 3152 8577 3016 8577 3015 8577 3011 8578 3149 8578 3144 8578 3013 8579 3012 8579 3148 8579 3018 8580 3017 8580 3153 8580 3017 8581 3152 8581 3153 8581 3017 8582 3016 8582 3152 8582 3152 8583 3155 8583 3154 8583 3155 8584 3152 8584 3142 8584 3142 8585 3156 8585 3155 8585 3142 8586 3157 8586 3156 8586 3157 8587 3142 8588 3148 8589 3148 8590 3144 8590 3157 8590 3144 8591 3158 8592 3157 8593 3144 8594 3149 8594 3159 8594 3149 8595 3160 8595 3159 8595 3160 8596 3149 8596 3147 8596 3147 8597 3161 8597 3160 8597 3161 8598 3147 8598 3150 8598 3150 8599 3169 8599 3161 8599 3159 8600 3158 8600 3144 8600 3162 8601 3154 8601 3155 8601 3155 8602 3163 8602 3162 8602 3163 8603 3155 8603 3156 8603 3156 8604 3164 8604 3163 8604 3164 8605 3156 8605 3157 8605 3165 8606 3164 8606 3157 8606 3157 8607 3158 8608 3165 8609 3166 8610 3165 8610 3158 8610 3166 8611 3159 8611 3160 8611 3160 8612 3167 8612 3166 8612 3167 8613 3160 8613 3161 8613 3161 8614 3168 8614 3167 8614 3161 8615 3169 8615 3168 8615 3158 8616 3159 8616 3166 8616 3143 8617 3170 8617 3169 8617 3169 8618 3150 8618 3143 8618 3143 8619 3171 8619 3170 8619 3171 8620 3143 8620 3145 8620 3145 8621 3146 8621 3172 8621 3146 8622 3173 8622 3172 8622 3146 8623 3151 8623 3174 8623 3151 8624 3175 8624 3174 8624 3175 8625 3151 8625 3153 8625 3153 8626 3154 8626 3175 8626 3154 8627 3153 8627 3152 8627 3174 8628 3173 8628 3146 8628 3172 8540 3171 8540 3145 8540 3169 8629 3176 8629 3168 8629 3176 8630 3169 8630 3170 8630 3170 8631 3177 8631 3176 8631 3177 8632 3170 8632 3171 8632 3178 8633 3177 8633 3171 8633 3179 8634 3178 8634 3172 8634 3172 8635 3173 8635 3179 8635 3180 8636 3179 8636 3173 8636 3180 8637 3174 8637 3175 8637 3175 8638 3181 8638 3180 8638 3181 8639 3175 8639 3154 8639 3154 8640 3162 8640 3181 8640 3173 8641 3174 8641 3180 8641 3171 8642 3172 8642 3178 8642 3163 8643 2852 8643 2851 8643 2854 8644 3083 8644 3178 8644 3178 8645 3179 8645 2854 8645 3083 8646 2849 8646 3168 8646 3166 8647 2849 8647 2853 8647 2853 8648 3164 8648 3165 8648 3163 8649 3164 8649 2852 8649 2849 8650 3167 8650 3168 8650 3166 8651 3167 8651 2849 8651 2851 8652 3162 8652 3163 8652 3165 8653 3166 8653 2853 8653 2853 8654 2852 8654 3164 8654 2851 8655 2854 8655 3162 8655 3083 8656 3176 8656 3177 8656 3083 8657 3177 8657 3178 8657 3179 8658 3180 8658 2854 8658 3181 8659 3162 8659 2854 8659 3168 8660 3176 8660 3083 8660 3180 8661 3181 8661 2854 8661 2862 8662 3058 8662 3059 8662 3058 8663 2862 8663 2870 8663 2870 8664 3049 8664 3050 8664 3182 8665 3045 8665 3046 8665 2864 8666 2862 8666 3060 8666 3183 8667 3182 8667 3049 8667 2864 8668 3060 8668 3061 8668 3049 8669 2870 8669 3183 8669 3182 8670 3048 8670 3049 8670 3061 8671 3044 8671 2867 8671 2862 8672 3059 8672 3060 8672 2870 8673 3057 8673 3058 8673 3182 8674 3047 8674 3048 8674 3182 8675 3044 8675 3045 8675 2867 8676 2864 8676 3061 8676 3182 8677 3046 8677 3047 8677 3050 8678 3057 8678 2870 8678 2854 8679 3185 8679 3188 8679 3184 8680 2870 8680 3083 8680 3186 8681 2867 8681 3044 8681 3044 8682 3182 8682 3186 8682 3083 8683 2854 8683 3188 8683 3187 8684 3184 8684 3083 8684 3184 8685 3183 8685 2870 8685 3188 8686 3187 8686 3083 8686 2854 8687 3189 8687 3185 8687 2854 8688 3190 8688 3189 8688 2854 8689 2867 8689 3190 8689 2867 8690 3191 8690 3190 8690 3186 8691 3191 8691 2867 8691 3096 8692 3097 8692 2877 8692 2857 8693 3085 8693 3086 8693 3083 8694 2870 8694 3082 8694 2877 8695 3097 8695 3098 8695 3096 8696 2875 8696 2872 8696 2857 8697 3086 8697 3087 8697 2877 8698 2875 8698 3096 8698 2857 8699 3084 8699 3085 8699 3100 8700 3101 8700 2870 8700 2877 8701 3098 8701 3099 8701 2872 8702 3088 8702 3096 8702 2872 8703 2857 8703 3087 8703 3084 8704 2857 8704 3083 8704 3099 8705 3100 8705 2870 8705 3099 8706 2870 8706 2877 8706 3087 8707 3088 8707 2872 8707 3127 8708 2855 8708 2850 8708 3127 8709 3128 8709 2856 8709 2857 8710 3138 8710 3139 8710 2850 8711 3126 8711 3127 8711 3125 8712 3126 8712 2850 8712 2849 8713 3124 8713 3125 8713 2856 8714 2855 8714 3127 8714 2849 8715 3083 8715 3122 8715 3083 8716 2857 8716 3139 8716 3125 8717 2850 8717 2849 8717 3122 8718 3123 8718 2849 8718 2857 8719 3137 8719 3138 8719 3123 8720 3124 8720 2849 8720 3083 8721 3141 8721 3122 8721 3083 8722 3139 8722 3140 8722 2857 8723 3136 8723 3137 8723 2857 8724 2856 8724 3136 8724 3128 8725 3136 8725 2856 8725 3140 8726 3141 8726 3083 8726 3101 8727 3082 8727 2870 8727 3182 8728 3183 8728 3193 8728 3183 8729 3184 8729 3193 8729 3184 8730 3187 8730 3194 8730 3187 8731 3195 8731 3194 8731 3187 8732 3188 8732 3195 8732 3188 8733 3196 8733 3195 8733 3194 8734 3193 8734 3184 8734 3193 8735 3192 8735 3182 8735 3188 8736 3185 8736 3197 8736 3197 8737 3196 8737 3188 8737 3185 8738 3189 8738 3197 8738 3189 8739 3190 8739 3198 8739 3190 8740 3191 8740 3199 8740 3191 8741 3200 8741 3199 8741 3191 8742 3186 8742 3200 8742 3186 8743 3201 8743 3200 8743 3199 8744 3198 8744 3190 8744 3198 8745 3197 8745 3189 8745 3196 8746 3197 8746 3202 8746 3202 8747 3206 8747 3196 8747 3208 8748 3202 8748 3209 8748 3203 8749 3205 8749 3204 8749 3205 8750 3208 8750 3207 8750 3208 8751 3205 8751 3206 8751 3207 8752 3204 8752 3205 8752 3206 8753 3202 8753 3208 8753 3207 8754 3200 8754 3201 8754 3200 8755 3207 8755 3208 8755 3208 8756 3199 8756 3200 8756 3208 8757 3209 8757 3198 8757 3198 8758 3199 8758 3208 8758 3197 8759 3209 8759 3202 8759 3197 8760 3198 8760 3209 8760 3201 8761 3192 8761 3204 8761 3204 8762 3207 8762 3201 8762 3206 8763 3195 8763 3196 8763 3195 8764 3206 8764 3205 8764 3205 8765 3194 8765 3195 8765 3205 8766 3203 8766 3193 8766 3193 8767 3194 8767 3205 8767 3193 8768 3203 8768 3204 8768 3204 8769 3192 8769 3193 8769 3186 8770 3182 8770 3192 8770 3192 8771 3201 8771 3186 8771</p>
        </triangles>
      </mesh>
    </geometry>
    <geometry id="shape0_002-mesh" name="shape0.002">
      <mesh>
        <source id="shape0_002-mesh-positions">
          <float_array id="shape0_002-mesh-positions-array" count="1209">0.008268773 0.001693606 0.04088574 0.006365776 2.73054e-4 0.04189604 -0.02199107 -0.00507009 0.02124834 -0.02177631 -4.36683e-4 0.02124845 -0.02056235 0.003953695 0.02124828 -0.01856082 0.007965028 0.02124822 -0.01309764 0.01380836 0.02124851 -0.01002496 0.0156759 0.02124863 -0.006490886 0.01713764 0.02124887 -0.002200007 0.0179786 0.02124845 0.001500785 0.01803445 0.02124822 0.004960119 0.01752537 0.02124816 0.008517682 0.01638346 0.02124834 0.0100485 0.01571136 0.02124786 0.01377052 0.01325058 0.02124834 0.01622486 0.01100659 0.02124893 0.01771605 0.00914663 0.0212484 0.01975244 0.005826592 0.02124804 0.02112883 0.002312839 0.02124822 0.02194905 -0.002049088 0.02124834 0.02178853 -0.007443487 0.02124851 0.0205689 -0.01182293 0.0212484 0.01944798 -0.01426267 0.02124851 0.01741641 -0.01742112 0.02124792 0.01413029 -0.02084016 0.02124828 0.01052832 -0.0232793 0.02124798 0.007744073 -0.02453178 0.02124804 0.004915952 -0.02539432 0.02124816 0.001460671 -0.02589625 0.02124822 -0.006524264 -0.02498638 0.02124881 -0.01088398 -0.02309751 0.02124816 -0.01439332 -0.02059489 0.0212481 -0.0172407 -0.01765608 0.02124816 -0.01989018 -0.01344031 0.02124834 -0.02131634 -0.009602546 0.0212481 0.02065312 -0.01096516 0.02434301 0.02145677 -0.008379697 0.02367562 0.02194732 -0.005048751 0.02270406 0.01772874 -0.01672714 0.02397012 0.01937192 -0.0142346 0.02343183 0.02167344 -0.005630731 0.02488625 0.01418834 -0.02057111 0.02387481 0.01597124 -0.0189436 0.02339476 0.01207673 -0.02223801 0.02329295 0.01668751 -0.01743537 0.02615994 0.01827365 -0.01482123 0.02701777 0.01977264 -0.01193147 0.02672767 0.020783 -0.008491992 0.02694016 0.02119803 -0.004485726 0.02727687 0.009662508 -0.02359813 0.02355712 0.01505571 -0.01909172 0.02659487 0.006450653 -0.02485698 0.02376699 0.01154255 -0.02198487 0.02632731 0.01308661 -0.02066671 0.02705883 0.01830518 -0.01340591 0.02901089 0.01931524 -0.01073443 0.02939069 0.02016788 -0.00794059 0.02910774 0.02023756 -0.005206882 0.02987033 3.17357e-5 -0.02589219 0.02276998 0.002919971 -0.02564996 0.02362477 0.007113039 -0.02408587 0.02664649 0.009510099 -0.02302229 0.02674722 0.01516944 -0.01753985 0.02962094 0.01658529 -0.01583629 0.02953147 -0.002261996 -0.02583909 0.02124863 0.004198551 -0.02500194 0.02612608 0.01373076 -0.0189408 0.02969068 0.0188663 -0.00834012 0.03174257 -0.003960013 -0.02550327 0.02348786 -9.65394e-4 -0.02545887 0.02587741 0.001690924 -0.0253787 0.02596324 0.01111233 -0.02117425 0.0293138 0.01752692 -0.01224738 0.03171324 0.01906895 -0.004497349 0.03229069 -0.008235692 -0.0243147 0.02293729 0.007910192 -0.02234017 0.03044587 0.01521456 -0.01577222 0.03189069 -0.01214367 -0.02218472 0.02349078 -0.004648983 -0.02499765 0.02576482 0.002484738 -0.02452403 0.02871155 0.005785882 -0.02319455 0.03023713 0.0101937 -0.02031868 0.03188437 0.01273161 -0.01813703 0.03225618 0.01503705 -0.01345235 0.03426223 0.01619112 -0.01150029 0.03413218 0.01729822 -0.00888735 0.03397661 0.01748043 -0.005040228 0.0346114 -0.01485878 -0.02010118 0.02290922 -0.01003789 -0.02308005 0.02545058 -0.008088469 -0.02381569 0.02619367 -5.91968e-4 -0.02454811 0.02898973 0.01380544 -0.01514232 0.03425407 0.0178892 -0.00267601 0.03402972 -0.01835435 -0.01599198 0.02290409 -0.0167272 -0.01788085 0.02464205 -0.01456367 -0.02005767 0.02489089 -0.006118297 -0.02420985 0.02731865 -0.00329709 -0.02444046 0.0285319 0.003104925 -0.02325904 0.03134411 0.01016765 -0.01798576 0.03484314 0.01180535 -0.01672619 0.03474742 0.01552456 -0.008668243 0.03613519 0.01631462 -0.006083965 0.03587853 -0.02048861 -0.01141995 0.02440237 -0.01171118 -0.02182292 0.02649891 -0.001614928 -0.02361482 0.03100883 7.99282e-4 -0.02321285 0.03185468 0.004385411 -0.02207386 0.0329523 0.006782293 -0.02059262 0.03396338 0.008011519 -0.01922178 0.03496289 0.01413291 -0.0104466 0.0368486 0.01483702 -0.006429076 0.03734892 -0.02191686 -0.003120541 0.02329605 -0.02186352 -0.006336569 0.02255594 -0.02125006 -0.009283304 0.02349174 -0.01936143 -0.01387572 0.02458608 -0.01829618 -0.01519399 0.02619481 -0.01346081 -0.02027028 0.02734863 -0.01060301 -0.02182078 0.02855682 -0.007914423 -0.02274245 0.02952808 -0.004957497 -0.02348428 0.0301187 0.01238644 -0.01372843 0.03659588 0.01524543 -0.003172695 0.03712946 -0.021582 -0.006570816 0.02480506 -0.01530402 -0.01835262 0.02780455 0.001662194 -0.02170318 0.03415304 0.00447148 -0.02013695 0.03550726 0.01030355 -0.01553058 0.03686237 0.01183801 -0.01089441 0.03848701 -0.02159631 -0.003087997 0.02561593 -0.02043968 -0.009864211 0.02696752 -0.01940298 -0.01243513 0.02727901 -0.01705658 -0.01629847 0.02765536 -0.009222924 -0.02135241 0.03110539 -0.00608462 -0.02234971 0.0316661 -0.004092693 -0.02209955 0.0330075 -0.001235961 -0.02204954 0.03371608 0.008563578 -0.01575225 0.03775984 0.01079273 -0.01316559 0.03807467 0.01289713 -0.007644653 0.03873503 0.01274949 -0.003812015 0.03921294 -0.02093976 -0.005324006 0.02796334 -0.02056568 -0.007898271 0.02812099 -0.01288789 -0.01939481 0.03023779 0.006260931 -0.01696187 0.0379005 -0.01827466 -0.01278358 0.02978873 -0.01659709 -0.01550513 0.03000164 -0.01367992 -0.01784414 0.03151744 -0.009907364 -0.01972806 0.03300583 -0.006255924 -0.02094572 0.03375786 -0.003810763 -0.02042996 0.03533732 -0.00165528 -0.02066683 0.03545683 4.78867e-4 -0.01998019 0.03633344 0.003206312 -0.01878768 0.03717958 0.009086549 -0.01250463 0.03937935 0.01062548 -0.007615745 0.04020196 0.01023691 -0.004559636 0.04076594 -0.01920515 -0.00993359 0.03021675 0.004961133 -0.01616925 0.03888779 0.007163465 -0.0127868 0.04011917 0.00798428 -0.01011496 0.04084193 -0.02003234 -0.004113614 0.03042149 -0.01984083 -0.006790697 0.03034001 -0.01669615 -0.01354163 0.03195822 -0.007191956 -0.01910609 0.03550791 -8.70634e-4 -0.01886594 0.03743374 0.002071619 -0.01728177 0.03863906 0.009075999 -0.007061243 0.04108518 -0.01866769 -0.008273184 0.03209543 -0.01774895 -0.01065146 0.03243869 -0.0147823 -0.01482892 0.03341192 -0.0131905 -0.01604998 0.03407573 -0.01068747 -0.01797002 0.03443557 -0.0045982 -0.01874172 0.03688597 0.003366947 -0.01465123 0.04019236 0.005120813 -0.01327145 0.04051512 -0.01892167 -0.005614399 0.03242081 -0.01573699 -0.01275193 0.03387939 -0.009322106 -0.01725262 0.0361033 -0.003045022 -0.01701545 0.03870236 -9.27667e-4 -0.01634621 0.03943061 0.001278281 -0.01511538 0.04018545 0.004413783 -0.01184237 0.04133111 0.005907058 -0.008659303 0.04192775 0.007300078 -0.005683839 0.04193747 -0.01164072 -0.01517748 0.03620547 -0.006243526 -0.01684576 0.03798097 -0.01774066 -0.006297528 0.0340982 -0.01623195 -0.009740531 0.03498363 -0.01336842 -0.0130372 0.0362218 -0.008858323 -0.01521128 0.03796803 0.001251876 -0.01290899 0.04131692 -0.01686537 -0.00410825 0.03543394 -0.006888568 -0.01463621 0.03922313 -0.004565894 -0.01488912 0.03979408 -0.001964449 -0.01411777 0.04067921 -0.01579385 -0.00635761 0.03642159 -0.01468682 -0.009795606 0.0365737 -0.01329416 -0.01070344 0.03745585 -0.01078516 -0.01273667 0.03831577 -0.008211493 -0.01247882 0.03982084 -0.005371272 -0.01304298 0.04056024 -0.003817737 -0.01189863 0.04143041 -0.002238392 -0.01110655 0.0419321 -0.01475644 -0.004908621 0.03756874 -0.01399385 -0.007715284 0.03781473 -0.01199787 -0.009616672 0.03883665 -0.009436011 -0.01069623 0.03995621 -0.006610274 -0.0107932 0.04110085 -0.01266181 -0.004274964 0.03927379 -0.01263922 -0.006587147 0.03909707 -0.01007288 -0.008166372 0.04036295 -0.008080005 -0.00844568 0.04123383 -0.005907237 -0.008772492 0.04189193 -0.01039874 -0.005499839 0.04060637 -0.009151577 -0.006195485 0.04114681 -0.007710039 -0.004220962 0.04186999 0.003761887 -0.01037168 0.04193919 0.001808524 -0.01116889 0.04193979 -1.22275e-4 -0.01156556 0.04189544 -0.004311442 -0.01003521 0.04194223 -0.007091701 -0.006423532 0.04193598 0.02186793 -0.0017699 0.02271276 0.02143055 9.18782e-4 0.02256596 0.02055436 0.003690719 0.02336376 0.01923221 0.006632268 0.02326345 0.02156299 -0.001108229 0.02484518 0.02047717 0.003319323 0.02503353 0.01775759 0.008797347 0.02407681 0.01407331 0.01272159 0.0244807 0.02104437 -0.001068711 0.02703964 0.02052122 0.001610636 0.02700847 0.01883906 0.006049156 0.02680999 0.01587879 0.01076936 0.02538555 0.01219451 0.01431471 0.02324211 0.01953375 0.00342065 0.02827054 0.01729667 0.008172154 0.02756446 0.007153153 0.01681017 0.02306073 0.02026671 -0.001746714 0.02961623 0.01961797 0.001708209 0.02954167 0.01525086 0.01080161 0.02722609 0.01157182 0.01421183 0.02589309 0.008800864 0.01576334 0.02581119 0.004179418 0.01761347 0.02314341 0.01830887 0.005011141 0.02961421 0.01286417 0.01277571 0.02757561 0.00565052 0.01695305 0.02542352 7.24155e-5 0.01797693 0.02372407 0.01901859 -3.96616e-4 0.03179925 0.01649379 0.007077157 0.03085613 0.01535683 0.009383797 0.02970439 0.01336234 0.01149278 0.02955532 0.01036089 0.01402622 0.02874892 0.002550661 0.01755553 0.02535539 0.0179407 0.00221306 0.03245127 0.01674968 0.00480777 0.03261727 0.007310092 0.01549077 0.0286228 0.004285097 0.01682019 0.02735322 4.73641e-4 0.01752293 0.02623283 -0.003031432 0.01782268 0.02290838 0.01432818 0.008798122 0.03210395 0.01203489 0.01098185 0.03214901 -0.003248035 0.01749831 0.0251078 -0.005822837 0.01717615 0.02372449 -0.008954405 0.01612412 0.02290403 0.01717209 -8.44974e-5 0.03449332 0.01517111 0.00667864 0.0331723 0.0101729 0.01248788 0.03184866 0.008740246 0.01398581 0.03060787 0.004577577 0.01585739 0.02978008 -0.003189563 0.0170778 0.0270754 -0.008357286 0.01611679 0.02494847 -0.01200824 0.01444816 0.02303296 0.01619434 0.002535104 0.03470236 0.01276338 0.008862257 0.03386479 0.006703615 0.01434618 0.03156584 0.00135976 0.01641488 0.02959716 -8.92844e-4 0.01690322 0.02830326 -0.005994439 0.01661765 0.02639269 -0.01077896 0.01472061 0.02590775 -0.01488649 0.01206499 0.02420306 0.01601433 -0.001710236 0.03621309 0.01406008 0.005699157 0.03521585 -0.01336395 0.01325178 0.02460336 -0.01614785 0.01106798 0.02124857 -0.01715874 0.009679853 0.0235368 -0.01915973 0.006870865 0.02266478 0.01474326 7.11459e-4 0.03693783 0.01398855 0.003052651 0.03677064 0.008410811 0.01099693 0.03511381 0.007084965 0.01292234 0.03352922 0.004092812 0.01451444 0.03258448 9.48058e-4 0.01544505 0.0317164 -0.002582311 0.01608777 0.03008514 -0.005715727 0.01604419 0.02858668 -0.008746027 0.01488262 0.02869337 -0.01346409 0.01273274 0.02638751 -0.0207237 0.003277003 0.02315223 0.01238244 0.005876302 0.03659397 0.01062476 0.009042739 0.03555887 -0.01102435 0.01373457 0.0284397 -0.01749366 0.008803129 0.02542912 -0.01963233 0.005309462 0.02513206 -0.02152967 2.51014e-4 0.02334749 0.01297247 -0.001503407 0.03890043 0.005692899 0.01194846 0.03541237 0.003394603 0.01349043 0.03428512 0.001370251 0.01361614 0.03453224 -0.003010034 0.01520055 0.0317316 -0.006204605 0.01498049 0.03070586 -0.0133745 0.01165193 0.02926099 -0.01531368 0.01048332 0.02780169 -0.0208472 0.001957535 0.02521419 0.01262718 7.80566e-4 0.03866279 0.01142209 0.004033684 0.03832346 0.009423196 0.006884515 0.0379678 0.00732994 0.008549213 0.03787648 -0.002016663 0.01449209 0.03315895 -0.01737159 0.008070409 0.02755016 -0.01909661 0.005168318 0.02739572 -0.0210722 -5.94903e-4 0.02673602 0.01073718 0.001555979 0.03970086 0.005163967 0.01007753 0.03744167 0.003158152 0.01136958 0.03678303 -0.001408576 0.01348274 0.03466749 -0.00626415 0.0138176 0.03271108 -0.009825706 0.01317411 0.03109037 -0.02020424 0.002130627 0.02759706 0.009080469 0.004656136 0.03937679 -0.005383014 0.01287549 0.03444623 -0.01319915 0.01041686 0.03152203 -0.01506882 0.008890986 0.03091591 -0.01653683 0.007998049 0.02957338 -0.01821339 0.005077004 0.02979081 -0.02066934 -0.002459049 0.028714 0.009505927 -0.001659512 0.04099708 0.00703901 0.005199074 0.04002511 6.39093e-4 0.01094758 0.03748261 -0.001262784 0.0114665 0.03695458 -0.002735257 0.01230216 0.0358712 -0.008741915 0.01205229 0.03363293 -0.01102876 0.01124453 0.03276342 -0.01956707 0.001651704 0.02967917 -0.01969194 1.03694e-4 0.03031164 0.004677474 0.007575869 0.03943473 0.002236366 0.009433865 0.03861314 -0.004525959 0.01125818 0.0365529 -0.012753 0.009334087 0.0333504 -0.01633077 0.006544768 0.03165781 0.00379616 0.005294919 0.0409072 -0.007277429 0.01048207 0.03623789 -0.009385406 0.01046174 0.03501194 -0.01162618 0.009114861 0.03466498 -0.01445686 0.007608234 0.03318953 -0.01690459 0.004158496 0.03282839 -0.01815271 0.001983284 0.03225934 -0.01920557 -0.001985967 0.03186511 0.00736612 -0.002318501 0.04193437 0.005448222 0.003080129 0.04140377 0.002311766 0.006810426 0.0403403 -5.58306e-5 0.008127987 0.03968626 -0.002496838 0.009484171 0.03854101 -0.01567077 0.005064964 0.03384727 -0.006181001 0.009213745 0.03780382 -0.009856462 0.008297979 0.03670799 -0.0132128 0.006797313 0.03523856 -0.01775288 -7.2418e-4 0.03388762 0.003307461 0.002780437 0.04193603 2.14188e-4 0.005427956 0.04119133 -0.003280818 0.007256507 0.0399385 -0.005374789 0.007751822 0.03913813 -0.01418948 0.004939079 0.03555691 -0.01609891 0.002004742 0.03508216 -0.01780885 -0.003022491 0.03416067 -0.001835763 0.006033897 0.04079765 -0.007942378 0.007293283 0.03844249 -0.01200085 0.005832195 0.03692018 0.001180648 0.003498315 0.04193049 -0.009941935 0.005723297 0.03836578 -0.01393502 0.002966165 0.03685098 -0.01580804 -4.26901e-4 0.03619825 -0.001197814 0.003448545 0.04193603 -0.002653717 0.003388643 0.04185771 -0.00479716 0.004382431 0.04107749 -0.006958782 0.005540728 0.03987509 -0.0116043 0.003354012 0.03850686 -0.008084535 0.004171013 0.04007071 -0.01343482 7.76949e-4 0.03805691 -0.01465713 -0.001983225 0.03757286 -0.00936973 0.002805471 0.03999853 -0.004955053 0.001689732 0.04194021 -0.007070481 0.002169609 0.04119539 -0.01022714 0.001111447 0.04008907 -0.0119636 -2.99666e-4 0.03937387 -0.01220375 -0.001721024 0.03946501 -0.006586253 -2.22322e-4 0.0419203 -0.00831902 -1.45045e-4 0.04127699 -0.009833097 -8.11561e-4 0.04069966 -0.01005458 -0.003095805 0.04081523 -0.007218003 -0.002019822 0.04194355 -0.008501946 -0.00182867 0.04143548 -0.008666276 -0.003514885 0.04147809 0.005017757 0.001585781 0.04193902</float_array>
          <technique_common>
            <accessor source="#shape0_002-mesh-positions-array" count="403" stride="3">
              <param name="X" type="float"/>
              <param name="Y" type="float"/>
              <param name="Z" type="float"/>
            </accessor>
          </technique_common>
        </source>
        <source id="shape0_002-mesh-normals">
          <float_array id="shape0_002-mesh-normals-array" count="1209">0.2148395 0.04655301 0.9755393 0.4361187 0.1078822 0.8933991 0.3735623 0.2544524 0.892023 0.2225994 0.1367368 0.9652733 0.4858703 0.2444797 0.8391423 0.9377703 -0.3193913 0.1362941 0.9373636 -0.3435022 0.05792981 0.9853768 -0.1648446 0.04311311 0.8075551 -0.5770804 0.1217911 0.7898052 -0.6121152 0.03902488 0.8777495 -0.4672967 0.1057816 0.8765584 -0.4798955 0.036686 0.9831514 -0.07051551 0.1686443 0.9709907 -0.2148743 0.10491 0.9981588 -0.03679239 0.04822385 0.6411699 -0.7567796 0.1272237 0.6429979 -0.7651055 0.03416717 0.7252876 -0.6825569 0.08985596 0.5507686 -0.8294931 0.09271013 0.8986387 -0.3634754 0.2456302 0.9439778 -0.2062278 0.2576352 0.2944413 -0.948957 0.1130712 0.3531677 -0.9345453 0.04356384 0.4336484 -0.8941556 0.1115115 0.6836292 -0.6879309 0.2437257 0.7571973 -0.6114878 0.2296417 0.5253432 -0.8213012 0.2224386 0.5974977 -0.7578939 0.2619038 0.8287582 -0.429894 0.3582611 0.8301826 -0.4958814 0.254752 0.8773061 -0.3053343 0.370277 0.9171614 -0.176867 0.3571178 0.9620506 -0.02394068 0.2718191 0.3186075 -0.9131792 0.2541519 0.4291797 -0.8667142 0.2541877 0.7572733 -0.5340843 0.3758873 0.1991367 -0.9517422 0.2335197 0.1308136 -0.9859072 0.1042827 0.6145858 -0.6883991 0.3852157 0.688848 -0.6190719 0.3771452 0.8549336 -0.1954761 0.4804974 0.9180731 -0.06047666 0.3917708 -0.1800091 -0.9789049 0.09665447 -0.1026026 -0.993789 0.04308468 -0.006086409 -0.997068 0.07627922 -0.04450559 -0.9771059 0.2080466 0.5041071 -0.7813749 0.3678713 0.7939385 -0.3802697 0.4744017 0.06378859 -0.9747638 0.2139316 0.3608575 -0.8335354 0.4183307 0.6928952 -0.5339284 0.4845789 -0.5525025 -0.8275563 0.09945756 -0.4917719 -0.8695076 0.04601281 -0.3746926 -0.9241017 0.07511085 -0.2121508 -0.9561619 0.2018578 0.1175972 -0.9335364 0.3386458 0.2579994 -0.8797147 0.3994224 0.4628278 -0.740407 0.4874299 0.5773372 -0.6469472 0.4981378 0.6831272 -0.4287151 0.5912196 0.7896139 -0.2184442 0.5734041 0.8657863 -0.02956485 0.4995397 -0.6796142 -0.7302645 0.06955945 -0.6488675 -0.7603862 0.0279985 -0.3651809 -0.9034834 0.2244123 -0.02121806 -0.9381628 0.3455436 0.6206262 -0.5171536 0.5893856 -0.7578181 -0.6340146 0.1540694 -0.7787129 -0.6261145 0.03983694 -0.6576015 -0.7338539 0.170349 -0.2794525 -0.918537 0.2796357 -0.1457076 -0.9342612 0.3254619 0.1391942 -0.8791891 0.455688 0.5412476 -0.5763548 0.6122633 0.7442172 -0.0956754 0.6610499 0.7949063 -0.05700814 0.6040481 -0.9289247 -0.3432515 0.1388427 -0.964261 -0.2613224 0.04372078 -0.9010237 -0.4306205 0.05217587 -0.5379798 -0.8105272 0.2315677 -0.4564363 -0.8700571 0.1861896 0.2050642 -0.8222169 0.5309501 0.3111765 -0.7656599 0.5629692 0.6412651 -0.3008064 0.7058999 0.7352089 -0.3372535 0.5879864 0.7030701 -0.2170195 0.6771964 -0.88159 -0.4491685 0.1450756 -0.8371581 -0.5432196 0.06386673 -0.8292101 -0.5094214 0.230001 -0.6098175 -0.7424923 0.2771784 -0.4802625 -0.8112095 0.3335971 -0.35764 -0.8578555 0.3690224 -0.2210603 -0.8881914 0.4028007 -0.07961219 -0.8913434 0.4462834 0.03709697 -0.876928 0.4791879 0.5694473 -0.4424089 0.6928234 0.6678601 -0.1095541 0.7361799 0.6902971 0.02889209 0.722949 -0.9780366 -0.1205193 0.1700574 -0.9923195 -0.1133685 0.04949396 -0.9648641 -0.2370391 0.1133571 -0.6957246 -0.6515213 0.302469 0.07641398 -0.8045561 0.5889402 0.4737742 -0.5285449 0.7043992 -0.9795939 0.03671407 0.1976057 -0.9958132 0.03743493 0.08339607 -0.9282174 -0.269148 0.25685 -0.8785305 -0.3877317 0.2790129 -0.7737815 -0.5612733 0.293657 -0.4196647 -0.7869907 0.4522469 -0.1779986 -0.8280432 0.5316587 -0.05612379 -0.8231694 0.5650154 0.20154 -0.7320895 0.6507125 0.3626581 -0.6884804 0.6280716 0.3841339 -0.5358188 0.7518905 0.4580382 -0.6403709 0.6165438 0.4861636 -0.4231835 0.7645657 0.5321847 -0.3117147 0.7871552 0.5853523 -0.1651914 0.7937725 0.5755643 -0.002446651 0.8177529 -0.9329238 -0.1795974 0.3120868 -0.5782104 -0.7068437 0.407486 -0.2848353 -0.832772 0.4747208 0.2888274 -0.59582 0.7493847 -0.7492722 -0.5308196 0.3960074 -0.6240633 -0.6253844 0.4684436 -0.2931916 -0.7693514 0.5675714 0.03520148 -0.730125 0.6824064 0.1444051 -0.674215 0.7242799 0.4193927 -0.3873429 0.8210209 0.4901187 -0.1755979 0.8537851 0.4676692 -0.02260369 0.8836145 -0.8753803 -0.2697963 0.4011477 -0.4503538 -0.7164488 0.5328064 0.3222985 -0.410869 0.852825 0.3667458 -0.2789953 0.8875017 -0.9006765 -0.142836 0.4103411 -0.9519706 -0.06200397 0.2998458 -0.04181414 -0.6734253 0.7380719 -0.07499355 -0.7597232 0.6459078 0.09180349 -0.6098646 0.7871704 0.2250657 -0.5490614 0.804908 0.3993878 -0.1449078 0.9052575 -0.8461359 -0.1980915 0.4947869 -0.8035603 -0.3053033 0.5109608 -0.8320573 -0.4032908 0.3808375 -0.6709786 -0.4991045 0.5483453 -0.758622 -0.4358488 0.4842816 -0.4902676 -0.6375537 0.5942752 -0.2039689 -0.6737143 0.7102857 -0.1735731 -0.7475376 0.6411396 0.2346426 -0.4359562 0.8688413 -0.8592221 -0.06899785 0.5069289 -0.9085941 -0.007413566 0.4176145 -0.7106938 -0.3900877 0.5854451 -0.4184371 -0.6059941 0.6765217 -0.329468 -0.688735 0.645829 -0.0409379 -0.5639265 0.8248098 0.05342173 -0.5077718 0.8598337 0.1543552 -0.4854663 0.8605214 0.1735441 -0.139859 0.9748446 -0.5250187 -0.5112544 0.6804222 -0.5948231 -0.5544582 0.5820323 -0.2842881 -0.5890866 0.7564107 -0.8012883 -0.1167689 0.5867726 -0.7385336 -0.2624716 0.6210289 -0.6119373 -0.4108721 0.6758083 0.05706167 -0.4110546 0.9098231 0.2004012 -0.353962 0.9135373 -0.762204 6.189e-4 0.6473367 -0.8109409 0.04280227 0.5835606 -0.1990177 -0.5009732 0.8422695 -0.1427878 -0.5943658 0.7914171 -0.08823734 -0.4601236 0.8834594 -0.7183226 -0.120886 0.6851271 -0.6709396 -0.2677573 0.6914812 -0.4905393 -0.400599 0.773881 -0.407164 -0.5112161 0.7568855 -0.2435404 -0.4137802 0.8771967 -0.05641853 -0.2086325 0.9763655 -0.0115472 -0.263883 0.9644856 -0.6677882 -0.03718757 0.7434219 -0.638527 -0.1741236 0.7496428 -0.5408298 -0.2576724 0.8006923 -0.6015708 -0.311452 0.735602 -0.4311847 -0.3038902 0.8495472 -0.3732823 -0.3905097 0.8415239 -0.3017317 -0.3118199 0.9009585 -0.1716494 -0.366097 0.914609 -0.5714529 -0.1245148 0.8111336 -0.4640936 -0.1941404 0.8642493 -0.3656778 -0.2095738 0.90684 -0.4779358 -0.06877237 0.8756985 -0.575704 -0.01072579 0.8175879 -0.4090551 -0.103151 0.9066609 -0.1953642 -0.0697174 0.9782496 -0.3929935 0.01953828 0.9193338 -0.4652147 0.03746241 0.8844048 -0.2728771 -0.01324695 0.9619577 -0.2892366 -0.9562709 0.04345273 0.0695942 -0.9971815 0.02803194 0.2203463 -0.9744604 0.04329794 0.4815649 -0.8757755 0.03335559 0.2072795 -0.04622685 0.9771891 0.1029174 -0.1658557 0.9807651 0.05379587 -0.1941842 0.979489 -0.1194179 -0.1633049 0.9793217 -0.1999346 -0.1617558 0.966365 0.9966612 0.08007019 0.01597803 -0.998977 -0.04120528 0.01863312 -0.3133895 -0.4844334 0.8167688 0.8126289 0.06156265 0.5795207 0.9326817 0.350409 0.08554804 0.9581989 0.2841806 0.03310984 0.896565 0.4414471 0.03599625 0.9928798 0.09151333 0.07625591 0.9782878 0.1255932 0.1648619 0.9748482 0.2144709 0.06060767 0.9285213 0.3273186 0.1752446 0.8713361 0.48077 0.09815233 0.6423386 0.7524368 0.1457394 0.7290826 0.6798096 0.07935726 0.6270815 0.7777003 0.04417312 0.935463 0.2406615 0.2588267 0.8563565 0.4538249 0.2463667 0.8044231 0.5790314 0.1327637 0.7263944 0.6642482 0.1764243 0.7851302 0.5492788 0.2861182 0.9199455 0.09829407 0.3795241 0.9537393 0.1296782 0.2712287 0.6901133 0.668955 0.2761212 0.400183 0.8939065 0.2019525 0.5447124 0.8340446 0.08751106 0.4586568 0.8848888 0.08127593 0.3298524 0.9403321 0.08350425 0.829532 0.4054372 0.3840537 0.8857405 0.3406821 0.315277 0.5854818 0.7592313 0.2842168 0.5221619 0.8270666 0.2081053 0.266429 0.9439107 0.1950597 0.1824796 0.9794471 0.08593308 0.862929 0.1549893 0.4809697 0.8892186 0.2516702 0.3820375 0.697447 0.6055648 0.383222 0.6026926 0.7010679 0.3811371 0.4739944 0.8125905 0.3391547 0.1172816 0.9759534 0.1837399 0.001127958 0.9939392 0.1099256 0.8178477 0.2804291 0.5024787 0.6522307 0.5815891 0.4861577 0.3300392 0.8853132 0.3275591 0.193861 0.9403098 0.2797064 0.7798188 0.1775622 0.6002952 0.460217 0.7432429 0.4855824 0.3933745 0.8123553 0.4305061 -0.1423501 0.9549894 0.2602536 -0.1434947 0.9727545 0.1820933 -0.5391146 0.8378305 0.08599722 -0.4581634 0.8881297 0.03622215 -0.6014254 0.7972663 0.05151951 0.7318291 0.2963861 0.6136623 0.7613205 0.3913823 0.5169245 0.5770054 0.5749068 0.5801267 0.5418834 0.6784398 0.4960663 0.06361025 0.9253042 0.373853 0.01427793 0.9723343 0.2331574 -0.03814589 0.9461584 0.3214487 -0.2610014 0.9583542 0.1159129 -0.4872741 0.8481664 0.2077923 -0.4089642 0.9095187 0.07432442 0.7267946 0.1013042 0.6793432 0.6411524 0.436577 0.6311293 0.6845379 0.4832703 0.5457634 -0.5996298 0.7883152 0.1378524 -0.6827083 0.7187433 0.1315958 -0.777625 0.620369 0.1021853 -0.7295185 0.6821515 0.04971933 -0.8373895 0.5453388 0.03720909 0.6725129 0.2052132 0.7110654 0.6340958 0.3194181 0.7041979 0.481252 0.5881594 0.6499731 0.387094 0.6749963 0.6281228 0.3230171 0.7667161 0.554803 0.3048511 0.8294971 0.467975 0.1856848 0.8384716 0.5123345 0.204842 0.8964905 0.3928673 0.04107612 0.8784629 0.4760419 -0.1148042 0.9091325 0.4003723 -0.2610927 0.9073832 0.3293729 -0.2800118 0.9308185 0.2348836 -0.3784717 0.9081417 0.1789913 -0.3894534 0.858937 0.3324955 0.5554701 0.4534449 0.6970227 -0.6098792 0.7543386 0.2429417 -0.7940458 0.5777813 0.1888392 -0.8736974 0.4820602 0.06535369 -0.889798 0.4211195 0.1758352 -0.9418263 0.3260759 0.08147257 0.5846248 0.1102077 0.8037836 0.2566718 0.7222026 0.6422952 0.0568667 0.7938296 0.6054759 -0.2817935 0.8572167 0.4310126 -0.5078369 0.7964744 0.3282228 -0.6990201 0.6529644 0.2915621 -0.9451793 0.2705201 0.1829075 -0.9764344 0.1912443 0.1000071 0.5745622 0.2182388 0.7888283 0.5199541 0.3617444 0.7738146 0.431506 0.4911145 0.7567094 0.3338325 0.5666736 0.753284 -0.09510481 0.8366774 0.5393756 -0.1425176 0.8657827 0.4796969 -0.7927017 0.5392028 0.284402 0.2383506 0.6337379 0.7359112 0.1406604 0.6992061 0.7009462 0.1679604 0.7857366 0.5953212 -0.06446224 0.788627 0.6114835 -0.2838609 0.8067714 0.5182113 -0.4469283 0.7747778 0.4471851 -0.9154711 0.2805718 0.2884309 0.4138888 0.3852126 0.8248075 -0.2405792 0.7639001 0.5988141 -0.7516716 0.5410118 0.3772218 -0.8278321 0.4043994 0.3887867 -0.8668494 0.4125965 0.279886 -0.938286 0.07095998 0.3385026 -0.9560686 0.154904 0.2488726 0.3176892 0.4174327 0.8513656 0.02688336 0.6769202 0.7355653 -0.05479067 0.6990507 0.7129699 -0.1294995 0.7418638 0.6579272 -0.3906888 0.728546 0.5626572 -0.5024837 0.691666 0.5187566 -0.5964154 0.6557697 0.4628766 -0.6022525 0.7090049 0.3668843 -0.6824601 0.5856654 0.4373148 -0.894563 0.1757127 0.4109527 0.2179456 0.5253785 0.8224825 0.1051257 0.60277 0.7909595 -0.7425457 0.4752667 0.4719613 0.1734461 0.4145464 0.8933464 -0.3326883 0.6558021 0.677674 -0.4283792 0.6528196 0.6247541 -0.5240343 0.5902506 0.6139971 -0.5840659 0.5998686 0.5468316 -0.6581484 0.523912 0.5407006 -0.8243386 0.2669384 0.4992091 -0.8851847 0.2715068 0.3777991 -0.8705872 0.08779072 0.4841186 0.253767 0.3187775 0.9132268 0.1009539 0.492816 0.8642574 -0.005183935 0.5514792 0.8341726 -0.1143516 0.6107761 0.7835025 -0.2052965 0.6843805 0.6996262 -0.7065783 0.4106569 0.5762882 -0.7726166 0.3642841 0.5199621 -0.2794307 0.5982103 0.7510411 -0.4465885 0.5538682 0.7027011 -0.5969493 0.4915539 0.6340554 -0.8053866 0.1496281 0.5735539 0.08691364 0.1862096 0.9786583 0.01129895 0.422719 0.9061904 -0.2405713 0.528191 0.8143339 -0.6462178 0.3968299 0.6518656 -0.7302058 0.2705585 0.6273735 -0.08674716 0.4491493 0.8892356 -0.3625369 0.5127134 0.7782621 -0.543803 0.4436342 0.7123672 -0.449758 0.4354532 0.7798066 -0.6339601 0.3125662 0.7073875 -0.718653 0.156341 0.6775659 -0.102349 0.2751391 0.955941 -0.2190606 0.3817461 0.8979324 -0.1504997 0.5053495 0.8496892 -0.3102108 0.4339791 0.8458318 -0.5260778 0.329503 0.7840089 -0.3699744 0.3690639 0.8525906 -0.6115093 0.214374 0.7616431 -0.6656177 0.08282387 0.7416827 -0.4280293 0.3094339 0.8491418 -0.3207429 0.2776713 0.9055511 -0.5414084 0.1805682 0.8211408 -0.5568667 0.09340608 0.8253332 -0.2016459 0.1181588 0.9723052 -0.1361784 0.158183 0.9779743 -0.3756836 0.1810727 0.9088864 -0.4660308 0.2321866 0.8537591 -0.4515871 0.1383935 0.8814286 -0.1915089 0.04907304 0.9802634 -0.3847126 0.09261691 0.9183781 0.8094748 0.5848082 0.05244028 0.3738478 0.9253054 0.06362122 0.228074 0.9730981 0.03259617 0.07018059 0.9964966 0.04548835 -0.09693199 0.9949543 0.02588772 -0.1428098 0.9871555 0.0716201 -0.2907733 0.9558921 0.04148972 -0.9865947 0.1584346 0.03910726 -0.9330689 0.358194 0.03285866 0.0364145 0.2105416 0.9769065 0.1336371 0.1423593 0.9807523 -0.02686142 0.2022768 0.97896 0.7516431 0.5019636 0.4278615</float_array>
          <technique_common>
            <accessor source="#shape0_002-mesh-normals-array" count="403" stride="3">
              <param name="X" type="float"/>
              <param name="Y" type="float"/>
              <param name="Z" type="float"/>
            </accessor>
          </technique_common>
        </source>
        <vertices id="shape0_002-mesh-vertices">
          <input semantic="POSITION" source="#shape0_002-mesh-positions"/>
        </vertices>
        <triangles material="green_glass-material" count="769">
          <input semantic="VERTEX" source="#shape0_002-mesh-vertices" offset="0"/>
          <input semantic="NORMAL" source="#shape0_002-mesh-normals" offset="1"/>
          <p>357 0 335 1 0 2 0 2 1 3 357 0 321 4 0 2 335 1 35 5 21 6 20 7 38 8 23 9 39 10 39 10 22 11 21 6 39 10 21 6 35 5 40 12 36 13 37 14 41 15 24 16 42 17 43 18 24 16 41 15 46 19 39 10 35 5 47 20 36 13 40 12 51 21 26 22 49 23 50 24 42 17 44 25 46 19 35 5 47 20 52 26 43 18 41 15 53 27 41 15 50 24 54 28 45 29 46 19 55 30 46 19 47 20 56 31 47 20 48 32 60 33 51 21 49 23 61 34 49 23 52 26 63 35 44 25 45 29 65 36 59 37 51 21 66 38 50 24 62 39 63 35 45 29 54 28 67 40 56 31 57 41 68 42 64 43 58 44 69 45 58 44 59 37 65 36 51 21 60 33 71 46 61 34 52 26 71 46 52 26 53 27 71 46 53 27 66 38 72 47 54 28 55 30 70 48 59 37 65 36 75 49 60 33 61 34 75 49 61 34 71 46 76 50 62 39 63 35 76 50 63 35 72 47 77 51 30 52 74 53 78 54 68 42 69 45 79 55 70 48 65 36 79 55 65 36 60 33 80 56 60 33 75 49 81 57 71 46 66 38 82 58 66 38 62 39 82 58 62 39 76 50 83 59 76 50 72 47 85 60 72 47 67 40 85 60 67 40 73 61 87 62 31 63 77 51 89 64 74 53 78 54 90 65 69 45 79 55 91 66 76 50 83 59 94 67 32 68 87 62 95 69 87 62 77 51 96 70 89 64 78 54 97 71 78 54 69 45 97 71 69 45 90 65 98 72 79 55 80 56 100 73 82 58 91 66 102 74 85 60 86 75 103 76 34 77 33 78 104 79 77 51 88 80 107 81 98 72 80 56 107 81 80 56 75 49 108 82 75 49 81 57 110 83 84 84 101 85 115 86 33 78 93 87 116 88 93 87 94 67 117 89 95 69 104 79 118 90 88 80 89 64 119 91 89 64 96 70 120 92 96 70 97 71 120 92 97 71 105 93 105 93 90 65 106 94 121 95 91 66 83 59 111 96 102 74 122 97 123 98 113 99 114 100 124 101 94 67 95 69 124 101 95 69 117 89 125 102 98 72 107 81 127 103 100 73 121 95 129 104 112 105 123 98 130 106 114 100 103 76 131 107 103 76 115 86 132 108 116 88 94 67 132 108 94 67 124 101 133 109 118 90 119 91 135 110 120 92 105 93 136 111 105 93 106 94 126 112 108 82 109 113 137 114 99 115 127 103 138 116 121 95 128 117 139 118 110 83 111 96 140 119 111 96 122 97 142 120 123 98 130 106 143 121 124 101 117 89 143 121 117 89 118 90 143 121 118 90 133 109 133 109 119 91 134 122 144 123 126 112 109 113 144 123 109 113 137 114 137 114 127 103 138 116 146 124 116 88 132 108 146 124 132 108 124 101 147 125 124 101 143 121 149 126 134 122 135 110 152 127 136 111 125 102 152 127 125 102 126 112 153 128 126 112 144 123 154 129 138 116 128 117 155 130 128 117 139 118 156 131 139 118 140 119 157 132 130 106 131 107 148 133 133 109 149 126 159 134 137 114 154 129 160 135 128 117 155 130 162 136 141 137 142 120 165 138 151 139 152 127 165 138 152 127 153 128 166 140 153 128 158 141 158 141 144 123 159 134 167 142 155 130 156 131 168 143 142 120 157 132 169 144 157 132 145 145 170 146 163 147 146 124 170 146 146 124 147 125 172 148 147 125 148 133 173 149 150 150 165 138 175 151 158 141 159 134 176 152 161 153 162 136 176 152 162 136 168 143 168 143 157 132 169 144 177 154 163 147 170 146 178 155 172 148 164 156 180 157 165 138 166 140 181 158 166 140 174 159 183 160 160 135 167 142 185 161 171 162 172 148 186 163 164 156 173 149 187 164 176 152 168 143 188 165 168 143 169 144 188 165 169 144 177 154 189 166 177 154 170 146 189 166 170 146 171 162 191 167 174 159 182 168 192 169 373 170 187 164 194 171 186 163 179 172 195 173 179 172 180 157 195 173 180 157 181 158 196 174 187 164 188 165 197 175 188 165 189 166 199 176 185 161 190 177 201 178 194 171 195 173 203 179 195 173 219 180 204 181 192 169 196 174 205 182 196 174 197 175 206 183 198 184 199 176 206 183 205 182 198 184 207 185 199 176 200 186 208 187 201 178 202 188 210 189 204 181 205 182 210 189 205 182 206 183 211 190 206 183 207 185 212 191 207 185 208 187 214 192 209 193 210 189 214 192 210 189 211 190 215 194 214 192 211 190 215 194 211 190 212 191 215 194 212 191 221 195 401 196 398 197 214 192 401 196 214 192 215 194 215 194 221 195 216 198 114 100 113 99 34 77 93 87 33 78 32 68 32 68 31 63 87 62 31 63 30 52 77 51 68 42 74 53 29 199 28 200 27 201 59 37 27 201 26 22 51 21 25 202 49 23 26 22 20 7 37 14 36 13 156 131 357 0 184 203 167 142 156 131 184 203 183 160 217 204 182 168 191 167 182 168 218 205 191 167 218 205 219 180 208 187 220 206 213 207 212 191 213 207 221 195 217 204 218 205 182 168 20 7 19 208 37 14 23 9 22 11 39 10 24 16 23 9 42 17 25 202 24 16 43 18 64 43 28 200 58 44 29 199 64 43 68 42 30 52 29 199 74 53 2 209 34 77 113 99 113 99 112 105 2 209 215 194 216 198 401 196 208 187 213 207 212 191 207 185 212 191 211 190 206 183 211 190 210 189 202 188 220 206 208 187 200 186 208 187 207 185 204 181 210 189 209 193 203 179 220 206 202 188 201 178 208 187 200 186 199 176 207 185 206 183 196 174 205 182 204 181 193 210 201 178 200 186 197 175 198 184 205 182 195 173 203 179 202 188 195 173 202 188 201 178 194 171 201 178 193 210 190 177 193 210 200 186 190 177 200 186 199 176 189 166 199 176 198 184 188 165 197 175 196 174 191 167 219 180 195 173 185 161 199 176 189 166 189 166 198 184 197 175 187 164 196 174 192 169 181 158 191 167 195 173 179 172 195 173 194 171 186 163 194 171 193 210 186 163 193 210 190 177 177 154 189 166 188 165 174 159 191 167 181 158 178 155 186 163 190 177 178 155 190 177 185 161 171 162 185 161 189 166 168 143 188 165 187 164 176 152 187 164 373 170 160 135 183 160 182 168 175 151 182 168 174 159 173 149 179 172 186 163 164 156 186 163 178 155 172 148 178 155 185 161 163 147 177 154 169 144 167 142 184 203 183 160 159 134 160 135 182 168 159 134 182 168 175 151 166 140 181 158 180 157 165 138 180 157 179 172 165 138 179 172 173 149 158 141 175 151 174 159 158 141 174 159 166 140 150 150 173 149 164 156 148 133 164 156 172 148 147 125 172 148 171 162 147 125 171 162 170 146 145 145 163 147 169 144 142 120 168 143 162 136 155 130 167 142 160 135 154 129 160 135 159 134 153 128 166 140 165 138 151 139 165 138 150 150 149 126 150 150 164 156 149 126 164 156 148 133 146 124 163 147 145 145 141 137 162 136 161 153 128 117 160 135 154 129 137 114 159 134 144 123 144 123 158 141 153 128 135 110 150 150 149 126 143 121 148 133 147 125 131 107 145 145 157 132 130 106 157 132 142 120 139 118 156 131 155 130 138 116 154 129 137 114 126 112 153 128 152 127 136 111 152 127 151 139 136 111 151 139 150 150 136 111 150 150 135 110 134 122 149 126 133 109 133 109 148 133 143 121 124 101 147 125 146 124 116 88 146 124 145 145 116 88 145 145 131 107 103 76 131 107 130 106 123 98 142 120 141 137 123 98 141 137 129 104 111 96 140 119 139 118 110 83 139 118 128 117 121 95 138 116 127 103 99 115 137 114 109 113 107 81 126 112 125 102 106 94 125 102 136 111 105 93 136 111 135 110 120 92 135 110 134 122 120 92 134 122 119 91 115 86 116 88 131 107 114 100 130 106 123 98 101 85 111 96 110 83 110 83 128 117 121 95 100 73 127 103 99 115 108 82 126 112 107 81 98 72 125 102 106 94 104 79 118 90 117 89 113 99 123 98 112 105 83 59 110 83 121 95 91 66 121 95 100 73 96 70 120 92 119 91 89 64 119 91 118 90 88 80 118 90 104 79 93 87 116 88 115 86 33 78 115 86 103 76 86 75 122 97 102 74 102 74 111 96 101 85 84 84 110 83 83 59 81 57 99 115 109 113 81 57 109 113 108 82 75 49 108 82 107 81 79 55 98 72 106 94 79 55 106 94 90 65 90 65 105 93 97 71 77 51 104 79 95 69 87 62 95 69 94 67 103 76 114 100 34 77 85 60 102 74 101 85 85 60 101 85 84 84 82 58 100 73 99 115 82 58 99 115 81 57 78 54 97 71 96 70 32 68 94 67 93 87 76 50 91 66 82 58 74 53 89 64 88 80 74 53 88 80 77 51 73 61 92 211 86 75 73 61 86 75 85 60 72 47 85 60 84 84 72 47 84 84 83 59 66 38 82 58 81 57 71 46 81 57 75 49 60 33 80 56 79 55 70 48 79 55 69 45 68 42 78 54 74 53 57 41 73 61 67 40 55 30 67 40 72 47 54 28 72 47 63 35 59 37 70 48 69 45 58 44 69 45 68 42 56 31 67 40 55 30 50 24 66 38 53 27 44 25 63 35 62 39 44 25 62 39 50 24 49 23 61 34 60 33 28 200 59 37 58 44 48 32 57 41 56 31 47 20 56 31 55 30 46 19 55 30 54 28 41 15 53 27 52 26 43 18 52 26 49 23 27 201 51 21 59 37 38 8 45 29 44 25 42 17 50 24 41 15 40 12 48 32 47 20 36 13 47 20 35 5 39 10 46 19 45 29 39 10 45 29 38 8 38 8 44 25 42 17 43 18 49 23 25 202 38 8 42 17 23 9 20 7 36 13 35 5 224 212 18 213 17 214 40 12 37 14 222 215 226 216 222 215 223 217 227 218 223 217 224 212 227 218 224 212 225 219 229 220 15 221 14 222 48 32 40 12 226 216 231 223 226 216 227 218 232 224 225 219 228 225 233 226 228 225 15 221 233 226 15 221 229 220 236 227 228 225 233 226 238 228 48 32 230 229 238 228 230 229 231 223 240 230 233 226 229 220 242 231 234 232 13 233 242 231 13 233 237 234 57 41 48 32 238 228 244 235 235 236 232 224 244 235 232 224 236 227 245 237 229 220 241 238 246 239 237 234 243 240 248 241 238 228 239 242 239 242 235 236 244 235 250 243 236 227 240 230 251 244 240 230 245 237 252 245 241 238 242 231 253 246 243 240 247 247 73 61 57 41 238 228 254 248 239 242 244 235 260 249 250 243 251 244 256 250 242 231 257 251 257 251 246 239 253 246 92 211 73 61 248 241 265 252 248 241 254 248 267 253 251 244 252 245 268 254 252 245 256 250 270 255 247 247 262 256 272 257 7 258 6 259 273 260 254 248 255 261 274 262 260 249 261 263 276 264 257 251 258 265 277 266 258 265 270 255 270 255 262 256 263 267 279 268 264 269 272 257 281 270 92 211 265 252 282 271 255 261 266 272 274 262 266 272 260 249 283 273 272 257 280 274 285 275 284 276 5 277 122 97 86 75 281 270 287 278 265 252 273 260 288 279 273 260 282 271 299 280 274 262 261 263 289 281 261 263 267 253 290 282 267 253 275 283 291 284 275 283 269 285 292 286 269 285 276 264 293 287 277 266 270 255 294 288 270 255 278 289 294 288 278 289 271 290 295 291 271 290 279 268 298 292 282 271 274 262 292 286 276 264 293 287 296 293 283 273 280 274 301 294 285 275 286 295 302 296 286 295 297 297 304 298 122 97 281 270 304 298 281 270 287 278 305 299 290 282 291 284 307 300 291 284 292 286 309 301 293 287 294 288 309 301 294 288 295 291 300 302 279 268 296 293 311 303 280 274 301 294 312 304 297 297 303 305 140 119 122 97 304 298 313 306 287 278 288 279 314 307 288 279 298 292 315 308 298 292 299 280 316 309 299 280 289 281 317 310 292 286 308 311 318 312 301 294 302 296 321 4 313 306 314 307 322 313 289 281 305 299 323 314 305 299 306 315 324 316 307 300 317 310 325 317 308 311 309 301 326 318 309 301 295 291 327 319 302 296 312 304 328 320 314 307 315 308 322 313 305 299 323 314 329 321 317 310 325 317 332 322 311 303 318 312 333 323 318 312 319 324 334 325 320 326 129 104 156 131 140 119 304 298 335 1 304 298 321 4 336 327 315 308 316 309 337 328 323 314 307 300 338 329 307 300 324 316 339 330 324 316 329 321 340 331 325 317 326 318 341 332 326 318 330 333 330 333 310 334 331 335 333 323 319 324 327 319 343 336 327 319 320 326 0 2 321 4 328 320 344 337 316 309 322 313 345 338 322 313 323 314 345 338 323 314 337 328 348 339 332 322 333 323 349 340 336 327 344 337 350 341 329 321 340 331 351 342 340 331 341 332 352 343 341 332 347 344 353 345 330 333 331 335 353 345 331 335 348 339 355 346 333 323 342 347 356 348 343 336 334 325 358 349 0 2 336 327 359 350 344 337 345 338 360 351 345 338 337 328 361 352 337 328 338 329 361 352 338 329 346 353 362 354 348 339 354 355 363 356 346 353 350 341 364 357 350 341 351 342 364 357 351 342 352 343 365 358 347 344 353 345 365 358 353 345 362 354 366 359 343 336 356 348 367 360 358 349 349 340 368 361 359 350 360 351 370 362 361 352 363 356 371 363 365 358 362 354 372 364 354 355 355 346 373 170 356 348 176 152 374 365 368 361 360 351 375 366 363 356 364 357 376 367 364 357 365 358 376 367 365 358 371 363 378 368 375 366 364 357 378 368 364 357 376 367 379 369 371 363 372 364 380 370 372 364 366 359 380 370 366 359 373 170 382 371 368 361 374 365 383 372 374 365 369 373 383 372 369 373 370 362 384 374 370 362 375 366 384 374 375 366 378 368 385 375 376 367 379 369 379 369 372 364 380 370 386 376 384 374 378 368 387 377 379 369 380 370 388 378 380 370 192 169 389 379 386 376 385 375 391 380 383 372 386 376 393 381 385 375 387 377 394 382 387 377 388 378 209 193 388 378 204 181 395 383 390 384 391 380 396 385 391 380 392 386 397 387 392 386 393 381 398 197 394 382 209 193 399 388 395 383 396 385 400 389 396 385 397 387 399 388 400 389 216 198 401 196 400 389 398 197 223 217 222 215 19 208 225 219 17 214 16 390 234 232 229 220 14 222 234 232 14 222 13 233 237 234 12 391 11 392 243 240 11 392 10 393 247 247 10 393 9 394 259 395 9 394 8 396 264 269 8 396 7 258 280 274 6 259 284 276 3 397 303 305 297 297 297 297 4 398 3 397 349 340 377 399 367 360 358 349 367 360 402 400 358 349 402 400 1 3 156 131 335 1 357 0 381 401 377 399 368 361 390 384 382 371 383 372 112 105 3 397 2 209 5 277 4 398 286 295 19 208 18 213 223 217 19 208 222 215 37 14 400 389 401 196 216 198 397 387 398 197 400 389 396 385 400 389 399 388 209 193 214 192 398 197 394 382 398 197 397 387 393 381 394 382 397 387 392 386 397 387 396 385 391 380 396 385 395 383 389 379 392 386 391 380 388 378 209 193 394 382 387 377 394 382 393 381 385 375 393 381 392 386 385 375 392 386 389 379 386 376 389 379 391 380 383 372 391 380 390 384 384 374 386 376 383 372 192 169 204 181 388 378 380 370 388 378 387 377 379 369 387 377 385 375 378 368 385 375 386 376 376 367 385 375 378 368 370 362 384 374 383 372 374 365 383 372 382 371 368 361 382 371 381 401 373 170 192 169 380 370 371 363 379 369 376 367 362 354 372 364 371 363 363 356 375 366 370 362 360 351 369 373 374 365 349 340 368 361 377 399 356 348 373 170 366 359 355 346 366 359 372 364 354 355 372 364 362 354 352 343 365 358 364 357 350 341 364 357 363 356 361 352 370 362 369 373 361 352 369 373 360 351 359 350 368 361 349 340 343 336 366 359 355 346 347 344 365 358 352 343 346 353 363 356 361 352 161 153 176 152 356 348 348 339 362 354 353 345 337 328 361 352 360 351 345 338 360 351 359 350 344 337 359 350 349 340 336 327 349 340 358 349 0 2 358 349 1 3 334 325 161 153 356 348 342 347 343 336 355 346 333 323 355 346 354 355 333 323 354 355 348 339 330 333 353 345 347 344 341 332 352 343 351 342 340 331 351 342 350 341 329 321 350 341 346 353 339 330 346 353 338 329 141 137 161 153 334 325 332 322 348 339 331 335 330 333 347 344 341 332 329 321 346 353 339 330 322 313 345 338 344 337 316 309 344 337 336 327 328 320 336 327 0 2 320 326 334 325 343 336 327 319 343 336 342 347 327 319 342 347 333 323 326 318 341 332 340 331 325 317 340 331 329 321 324 316 339 330 338 329 307 300 338 329 337 328 315 308 336 327 328 320 304 298 335 1 156 131 129 104 141 137 334 325 318 312 333 323 332 322 311 303 332 322 331 335 311 303 331 335 310 334 310 334 330 333 326 318 317 310 329 321 324 316 314 307 328 320 321 4 313 306 321 4 304 298 312 304 320 326 327 319 302 296 327 319 319 324 300 302 310 334 326 318 309 301 326 318 325 317 308 311 325 317 317 310 306 315 307 300 323 314 289 281 322 313 316 309 303 305 129 104 320 326 303 305 320 326 312 304 302 296 319 324 318 312 301 294 318 312 311 303 296 293 311 303 310 334 300 302 326 318 295 291 292 286 317 310 307 300 299 280 316 309 315 308 298 292 315 308 314 307 288 279 314 307 313 306 287 278 313 306 304 298 112 105 129 104 303 305 297 297 312 304 302 296 280 274 311 303 296 293 296 293 310 334 300 302 293 287 309 301 308 311 293 287 308 311 292 286 291 284 307 300 306 315 291 284 306 315 305 299 290 282 305 299 289 281 3 397 112 105 303 305 286 295 302 296 301 294 285 275 301 294 280 274 279 268 300 302 295 291 274 262 299 280 298 292 282 271 298 292 288 279 4 398 297 297 286 295 284 276 285 275 280 274 283 273 296 293 279 268 271 290 295 291 294 288 270 255 294 288 293 287 277 266 293 287 276 264 269 285 292 286 291 284 275 283 291 284 290 282 267 253 290 282 289 281 261 263 289 281 299 280 273 260 288 279 287 278 265 252 287 278 281 270 286 295 285 275 5 277 272 257 283 273 279 268 268 254 275 283 267 253 266 272 274 262 282 271 255 261 282 271 273 260 92 211 281 270 86 75 6 259 280 274 272 257 264 269 279 268 271 290 263 267 271 290 278 289 263 267 278 289 270 255 258 265 277 266 276 264 257 251 276 264 269 285 256 250 269 285 275 283 256 250 275 283 268 254 254 248 273 260 265 252 7 258 272 257 264 269 264 269 271 290 263 267 247 247 270 255 258 265 253 246 258 265 257 251 257 251 269 285 256 250 252 245 268 254 267 253 251 244 267 253 261 263 249 402 260 249 266 272 249 402 266 272 255 261 248 241 265 252 92 211 8 396 264 269 263 267 259 395 263 267 262 256 259 395 262 256 247 247 251 244 261 263 260 249 250 243 260 249 249 402 8 396 263 267 259 395 247 247 258 265 253 246 246 239 257 251 242 231 242 231 256 250 252 245 245 237 252 245 251 244 244 235 249 402 255 261 244 235 255 261 254 248 239 242 254 248 248 241 238 228 248 241 73 61 9 394 259 395 247 247 243 240 253 246 246 239 241 238 252 245 245 237 240 230 251 244 250 243 236 227 250 243 249 402 236 227 249 402 244 235 10 393 247 247 243 240 237 234 246 239 242 231 229 220 245 237 240 230 11 392 243 240 237 234 234 232 242 231 241 238 234 232 241 238 229 220 233 226 240 230 236 227 231 223 235 236 239 242 231 223 239 242 238 228 12 391 237 234 13 233 228 225 236 227 232 224 227 218 232 224 235 236 227 218 235 236 231 223 225 219 232 224 227 218 226 216 231 223 230 229 226 216 230 229 48 32 15 221 228 225 16 390 16 390 228 225 225 219 223 217 227 218 226 216 222 215 226 216 40 12 225 219 224 212 17 214 18 213 224 212 223 217 395 383 399 388 390 384 382 371 390 384 381 401 1 3 402 400 357 0 216 198 221 195 399 388 220 206 221 195 213 207 219 180 218 205 203 179 220 206 203 179 218 205 399 388 381 401 390 384 220 206 183 160 184 203 220 206 218 205 217 204 184 203 221 195 220 206 377 399 381 401 399 388 402 400 367 360 399 388 357 0 402 400 399 388 217 204 183 160 220 206 367 360 377 399 399 388 399 388 184 203 357 0 184 203 399 388 221 195</p>
        </triangles>
      </mesh>
    </geometry>
    <geometry id="shape0-mesh" name="shape0">
      <mesh>
        <source id="shape0-mesh-positions">
          <float_array id="shape0-mesh-positions-array" count="5898">0.01673001 -0.02771818 -0.0151484 0.01646369 -0.02804213 -0.0151484 0.01704841 -0.02914476 -0.0151484 0.0174449 -0.02907443 -0.0151484 0.01699209 -0.02672922 -0.0151484 0.01721602 -0.02692812 -0.0151484 0.01901954 -0.0286827 -0.0151484 0.0169059 -0.02856713 -0.0151484 0.01832211 -0.0291683 -0.0151484 0.01953405 -0.02781748 -0.0151484 0.01843386 -0.0267471 -0.0151484 0.01876401 -0.02936923 -0.0151484 0.01927632 -0.02788615 -0.0151484 0.0189684 -0.0271129 -0.0151484 0.01869887 -0.02649539 -0.0151484 0.01786583 -0.02667582 -0.0151484 0.01914685 -0.02682083 -0.01814836 0.0192191 -0.02914458 -0.01814836 0.01685094 -0.02903884 -0.01814836 0.01677876 -0.02671498 -0.01814836 0.01673001 0.02028119 -0.0151484 0.01646369 0.01995718 -0.0151484 0.01704841 0.01885455 -0.0151484 0.0174449 0.01892495 -0.0151484 0.01699209 0.02127009 -0.0151484 0.01721596 0.02107119 -0.0151484 0.01905083 0.01937115 -0.0151484 0.0169059 0.01943218 -0.0151484 0.01953405 0.02018189 -0.0151484 0.01843386 0.02125221 -0.0151484 0.01838618 0.0188409 -0.0151484 0.01927632 0.02011317 -0.0151484 0.0189684 0.02088642 -0.0151484 0.01876401 0.01863008 -0.0151484 0.01869887 0.02150398 -0.0151484 0.01786583 0.0213235 -0.0151484 0.01914685 0.02117848 -0.01814836 0.0192191 0.01885473 -0.01814836 0.01685094 0.01896053 -0.01814836 0.01677876 0.02128434 -0.01814836 -0.01926946 -0.02771818 -0.0151484 -0.01953577 -0.02804213 -0.0151484 -0.01895105 -0.02914476 -0.0151484 -0.01855456 -0.02907443 -0.0151484 -0.01900738 -0.02672922 -0.0151484 -0.0187835 -0.02692812 -0.0151484 -0.01909357 -0.02856713 -0.0151484 -0.0171644 -0.02889692 -0.0151484 -0.01671093 -0.02798235 -0.0151484 -0.01646542 -0.02781748 -0.0151484 -0.0175656 -0.0267471 -0.0151484 -0.01723545 -0.02936923 -0.0151484 -0.01786756 -0.0291838 -0.0151484 -0.01703107 -0.0271129 -0.0151484 -0.0173006 -0.02649539 -0.0151484 -0.01813364 -0.02667582 -0.0151484 -0.01685261 -0.02682083 -0.01814836 -0.01678037 -0.02914458 -0.01814836 -0.01914852 -0.02903884 -0.01814836 -0.0192207 -0.02671498 -0.01814836 -0.01926946 0.02028119 -0.0151484 -0.01953577 0.01995718 -0.0151484 -0.01895105 0.01885455 -0.0151484 -0.01855456 0.01892495 -0.0151484 -0.01900738 0.02127009 -0.0151484 -0.0187835 0.02107119 -0.0151484 -0.01694864 0.01937115 -0.0151484 -0.01909357 0.01943218 -0.0151484 -0.01646542 0.02018189 -0.0151484 -0.0175656 0.02125221 -0.0151484 -0.01761335 0.0188409 -0.0151484 -0.01672315 0.02011317 -0.0151484 -0.01703107 0.02088642 -0.0151484 -0.01723545 0.01863008 -0.0151484 -0.0173006 0.02150398 -0.0151484 -0.01813369 0.0213235 -0.0151484 -0.01685261 0.02117848 -0.01814836 -0.01678037 0.01885473 -0.01814836 -0.01914852 0.01896053 -0.01814836 -0.0192207 0.02128434 -0.01814836 0.02748572 -0.03386449 -0.01727372 0.02761697 -0.03391343 -0.01792967 0.02676075 -0.03323119 -0.01792615 0.02663266 -0.03309398 -0.01727557 0.02835983 -0.03316992 -0.01727616 0.02943819 -0.03352946 -0.01797986 0.02749872 -0.03312975 -0.01684838 0.02749907 -0.03242403 -0.01793169 0.02751153 -0.03239589 -0.01727306 0.02641689 -0.03489774 -0.01792836 0.02718877 -0.03112 -0.01792281 0.02896893 -0.031654 -0.01793402 0.0255081 -0.03346544 -0.01793408 0.02836114 -0.03500413 -0.01793241 0.02581202 -0.03196418 -0.01793146 0.0290324 -0.03169137 -0.01695656 0.02948147 -0.03349894 -0.01696497 0.02842628 -0.03501862 -0.0169624 0.02632218 -0.0348165 -0.0169655 0.02551627 -0.03350698 -0.01697307 0.02575403 -0.03203636 -0.0169627 0.02711677 -0.03113424 -0.01696056 0.02689576 -0.03200501 -0.0169354 0.02738249 -0.0322057 -0.01662194 0.02667778 -0.03268277 -0.01659727 0.02647781 -0.03345894 -0.01685422 0.02723509 -0.03414428 -0.01663416 0.027893 -0.03417998 -0.01688867 0.02857732 -0.03319448 -0.01689457 0.02818948 -0.03236699 -0.01677995 0.02753502 -0.03388351 -0.01641547 0.02729362 -0.03205895 -0.01644057 0.02845871 -0.03262853 -0.01648539 0.02829724 -0.03379237 -0.01656329 0.02679896 -0.03395479 -0.01625031 0.02648973 -0.03287798 -0.01635116 0.02764564 -0.03202378 -0.01521176 0.02852898 -0.03299653 -0.015298 0.02800482 -0.03261554 -0.01505452 0.02794748 -0.03370416 -0.01516479 0.02786892 -0.03419166 -0.01538366 0.02639794 -0.03330379 -0.01548314 0.02697026 -0.03358852 -0.01525878 0.02772533 -0.0319913 -0.01561993 0.02700877 -0.03257507 -0.01536172 0.0282098 -0.0328961 -0.0154953 0.02847111 -0.03364586 -0.01573705 0.02762776 -0.03381252 -0.01559776 0.02675706 -0.03399515 -0.01584768 0.02672332 -0.0331512 -0.01572072 0.026865 -0.03221273 -0.01596617 0.02758771 -0.03243672 -0.01581954 0.02851057 -0.0326761 -0.01609069 0.02822446 -0.03334695 -0.01593661 0.02813434 -0.03396153 -0.01617163 0.02728021 -0.03378129 -0.01603573 0.02679187 -0.03295838 -0.01613384 0.02809917 -0.03259998 -0.01626342 0.02647727 -0.03284746 -0.01511657 0.02687764 -0.03399986 -0.01504164 0.0281791 -0.03396654 -0.01494956 0.02836167 -0.03238636 -0.01485139 0.0270403 -0.03377377 -0.01363849 0.0279361 -0.034231 -0.01377213 0.0264092 -0.03323811 -0.01388001 0.02762454 -0.03197067 -0.0139876 0.0284993 -0.03370285 -0.01412099 0.02687805 -0.03402137 -0.0142318 0.02685654 -0.03283452 -0.01411789 0.0265749 -0.03255969 -0.01432961 0.0283032 -0.0322737 -0.01444643 0.02820116 -0.03337603 -0.0143221 0.02821218 -0.03392863 -0.01454621 0.02730685 -0.03376615 -0.01441085 0.02664458 -0.03388386 -0.0146507 0.02677619 -0.03232795 -0.01475787 0.02680516 -0.03278726 -0.01492577 0.02770221 -0.03389406 -0.01478588 0.02801829 -0.03262954 -0.01464676 0.02690637 -0.03268116 -0.01453727 0.02766549 -0.03244781 -0.01420682 0.02730321 -0.03388541 -0.01400327 0.02821338 -0.03291732 -0.01386827 0.0271275 -0.03251349 -0.01374441 0.02763116 -0.03423827 -0.01337373 0.02809387 -0.03210288 -0.01361387 0.02638131 -0.03299701 -0.01348602 0.02759414 -0.0324105 -0.01217937 0.02828603 -0.03224158 -0.01240789 0.02801364 -0.03412282 -0.0125336 0.02634263 -0.03322219 -0.012663 0.02737516 -0.03246051 -0.01255863 0.02750176 -0.03204858 -0.01277321 0.02817839 -0.03288084 -0.01265162 0.02851331 -0.03281503 -0.01285707 0.02754455 -0.03389286 -0.01277101 0.02798306 -0.03415322 -0.01295149 0.02665042 -0.03375118 -0.01303559 0.02662807 -0.03246986 -0.01311826 0.02679949 -0.03300166 -0.01288092 0.02768498 -0.03222829 -0.01328015 0.02755361 -0.03242754 -0.01298671 0.0285651 -0.032902 -0.0132656 0.02819854 -0.03337514 -0.01310592 0.02724677 -0.03377407 -0.01320612 0.02679842 -0.0330041 -0.01329261 0.0282076 -0.03322607 -0.01349747 0.02676486 -0.03321123 -0.01246625 0.02806234 -0.03371125 -0.0123279 0.02824825 -0.03400552 -0.01211804 0.02629882 -0.03315556 -0.01226007 0.02816832 -0.03228729 -0.01200824 0.02822923 -0.0322327 -0.01119887 0.02761387 -0.03245031 -0.01095187 0.02822428 -0.03317731 -0.01103997 0.0275942 -0.03382092 -0.01114588 0.02783864 -0.03424549 -0.01132899 0.02641409 -0.03327387 -0.01144725 0.02738714 -0.0324558 -0.01134717 0.02758318 -0.03196656 -0.01156675 0.02854073 -0.03351521 -0.01167684 0.02820026 -0.03290677 -0.01143682 0.02772045 -0.03380227 -0.01153957 0.02689319 -0.03411936 -0.01179319 0.02674233 -0.03321117 -0.0116567 0.02670019 -0.03234815 -0.01191467 0.02753221 -0.03242975 -0.0117641 0.02821058 -0.0331453 -0.0118708 0.02733582 -0.03384906 -0.0119819 0.02683395 -0.03294241 -0.01208126 0.02675789 -0.03319615 -0.01124906 0.02637183 -0.03300267 -0.01102679 0.027336 -0.03415757 -0.01096099 0.0276789 0.02596998 -0.01727628 0.02781152 0.02599674 -0.01792973 0.0283485 0.02505451 -0.01727217 0.02818906 0.02498757 -0.01792621 0.02681744 0.025563 -0.01792627 0.02667737 0.02552664 -0.01727575 0.02749872 0.02526944 -0.01684838 0.02718621 0.02454209 -0.01792973 0.02730143 0.02456271 -0.01727306 0.02551102 0.02470183 -0.0179342 0.02713632 0.02728813 -0.01793771 0.02578097 0.02635115 -0.01792627 0.02828896 0.02337157 -0.01792591 0.02663213 0.02343827 -0.01793617 0.02924275 0.02654451 -0.01791727 0.02937138 0.02452147 -0.01793736 0.02555561 0.02439212 -0.01695525 0.02591258 0.02654737 -0.0169605 0.02781277 0.02735781 -0.01696777 0.02946525 0.0258761 -0.01696103 0.02901971 0.02384376 -0.01695829 0.02730983 0.02324539 -0.01697409 0.02750265 0.02414584 -0.01688075 0.02855944 0.02512735 -0.01685822 0.02758479 0.0264135 -0.01689279 0.02638083 0.02534914 -0.01688677 0.02654057 0.02475804 -0.01660156 0.02810001 0.02619242 -0.01663911 0.0268259 0.02607166 -0.01654815 0.02803182 0.02458912 -0.01656216 0.02805984 0.02578198 -0.01645952 0.02743875 0.02419453 -0.01644432 0.02841258 0.02586996 -0.0162608 0.0283581 0.02468657 -0.01635372 0.02675557 0.0251711 -0.01508432 0.02651596 0.02467536 -0.01525998 0.02710795 0.02628535 -0.01536554 0.02865594 0.02546358 -0.01547968 0.02817589 0.02490979 -0.01532042 0.0273 0.02418595 -0.0155999 0.02642959 0.02529418 -0.01569521 0.02700698 0.02474027 -0.01543855 0.02711659 0.0259298 -0.01555299 0.02738469 0.02637147 -0.01578581 0.02864944 0.02490252 -0.01591569 0.02817261 0.02549207 -0.01566636 0.02749955 0.02451342 -0.01580733 0.02669918 0.02447402 -0.01604348 0.02681392 0.02552318 -0.01591813 0.02677029 0.02609241 -0.01615023 0.02772217 0.02592766 -0.01601934 0.02820318 0.0250436 -0.01612067 0.02726167 0.0246064 -0.01622188 0.02681577 0.02558416 -0.01633262 0.02759557 0.02599126 -0.01519602 0.02828174 0.0244584 -0.01513564 0.02808934 0.02624934 -0.015024 0.02657622 0.02579754 -0.01491665 0.02678489 0.02443093 -0.01482546 0.028485 0.02584326 -0.01383459 0.02830117 0.02535212 -0.01366615 0.02726316 0.02458608 -0.01379066 0.02805519 0.02435535 -0.01393389 0.02635186 0.02484822 -0.014054 0.02763038 0.02636945 -0.01418292 0.02803969 0.02571594 -0.01402616 0.02805113 0.02483403 -0.01411443 0.02767926 0.024149 -0.0143634 0.02709341 0.02467793 -0.01421535 0.02636349 0.02547782 -0.01449388 0.02778911 0.02631711 -0.01460027 0.02840977 0.02541774 -0.01435869 0.02855759 0.02481848 -0.01470571 0.02803283 0.02478325 -0.01452606 0.02788591 0.02600675 -0.01480799 0.0278117 0.0246188 -0.01495331 0.02683991 0.02487343 -0.01464813 0.02706634 0.02590256 -0.01434224 0.02689409 0.02573549 -0.01393014 0.02860558 0.02500134 -0.0134713 0.02647238 0.02583754 -0.01368784 0.02713561 0.02426058 -0.01358765 0.02826005 0.02434194 -0.01229304 0.02646082 0.02491629 -0.01242625 0.02691876 0.02572911 -0.01229751 0.02731394 0.02637773 -0.0125451 0.02849829 0.02560657 -0.01263141 0.0280283 0.02428328 -0.01271325 0.02824294 0.02547973 -0.01245111 0.02734905 0.02454066 -0.01256591 0.02682071 0.02543514 -0.01267307 0.02630025 0.02508944 -0.01286548 0.02750235 0.02634596 -0.01296091 0.02761322 0.02597999 -0.0127713 0.02863699 0.02493232 -0.01307243 0.02713084 0.02434867 -0.01323997 0.02730798 0.02454823 -0.01297926 0.02639818 0.02535915 -0.01326632 0.02689111 0.02567684 -0.01311039 0.02760988 0.02636659 -0.01337212 0.02802771 0.02576535 -0.01321101 0.02791112 0.02468723 -0.01333218 0.02695131 0.02579402 -0.01351606 0.02820074 0.02520561 -0.01286035 0.02772819 0.02643638 -0.01214629 0.02639043 0.02504861 -0.01203382 0.02828884 0.02450805 -0.01101994 0.02664357 0.02456039 -0.01120024 0.02671748 0.02534455 -0.01102656 0.02683532 0.02613091 -0.01129937 0.02775412 0.02592372 -0.01115787 0.02864569 0.02564859 -0.01141458 0.02819782 0.02507168 -0.01125574 0.02696067 0.02419936 -0.01156949 0.027148 0.02461016 -0.01137274 0.02664977 0.02589976 -0.0116834 0.02721744 0.02601349 -0.01151257 0.02801561 0.0262776 -0.01176744 0.02819448 0.02505457 -0.01167154 0.02827376 0.02431899 -0.01190263 0.02686244 0.02480429 -0.01182621 0.02759867 0.02601218 -0.01196348 0.02817958 0.0250836 -0.01206666 0.02727234 0.02455627 -0.01217067 0.0281251 0.02619314 -0.01098716 -0.02751362 0.02453523 -0.01727372 -0.02762031 0.02448689 -0.01792973 -0.02836638 0.02530556 -0.01727545 -0.02823966 0.02536743 -0.01792621 -0.02676689 0.0251584 -0.01792627 -0.0266394 0.02522897 -0.01727616 -0.02750051 0.02526944 -0.01684838 -0.02738273 0.02605336 -0.01792973 -0.02748781 0.02600383 -0.01727312 -0.02825564 0.02331686 -0.01793265 -0.02781045 0.02727919 -0.01792281 -0.0260303 0.0267452 -0.01793402 -0.02549612 0.02484369 -0.01792699 -0.02948176 0.02479827 -0.01793032 -0.02644604 0.02353954 -0.01793694 -0.02918726 0.02643501 -0.01793146 -0.02596688 0.02670782 -0.01695656 -0.02552974 0.02476483 -0.0169695 -0.02639114 0.02357876 -0.01695567 -0.02797758 0.02326136 -0.01696616 -0.02964729 0.02503508 -0.01696652 -0.02825307 0.02722203 -0.01696145 -0.02753478 0.02634561 -0.01687061 -0.02845084 0.02588349 -0.01686358 -0.02845609 0.0247426 -0.01685595 -0.02774631 0.02425211 -0.01662445 -0.02705776 0.02425181 -0.01688897 -0.02642172 0.02519536 -0.01689302 -0.02680975 0.02603226 -0.01677995 -0.02785748 0.02598333 -0.01659047 -0.02807724 0.02474904 -0.01647263 -0.0277056 0.02634024 -0.01644062 -0.02654051 0.02577066 -0.01648545 -0.02805382 0.0243687 -0.01625049 -0.0285561 0.02539885 -0.01633387 -0.02652299 0.02584034 -0.01527017 -0.02685201 0.02573668 -0.0150659 -0.02733969 0.02410036 -0.0153926 -0.02860444 0.02544271 -0.01550596 -0.028234 0.02544915 -0.01532256 -0.02736729 0.02633458 -0.01561546 -0.02707207 0.02587866 -0.01544451 -0.02634751 0.02500671 -0.01571351 -0.02692002 0.02487528 -0.0155428 -0.02824223 0.02440404 -0.01584768 -0.02797222 0.02467787 -0.01564502 -0.02758055 0.02605849 -0.0158199 -0.02813416 0.02618646 -0.01596617 -0.02666085 0.02591359 -0.01607489 -0.02664065 0.02459931 -0.01616489 -0.02686131 0.02492994 -0.01594811 -0.02770435 0.02460992 -0.01603215 -0.02820736 0.02544081 -0.01613384 -0.02709496 0.02590149 -0.01624435 -0.0268647 0.02473348 -0.01637053 -0.02741342 0.02454847 -0.01519757 -0.02847909 0.02594417 -0.01513367 -0.02786755 0.02426606 -0.01502645 -0.02633392 0.02509522 -0.01491343 -0.02736264 0.02631336 -0.01481437 -0.02745854 0.02458035 -0.01357311 -0.02833294 0.0253207 -0.01374304 -0.0274083 0.02644419 -0.01399141 -0.02687555 0.02575784 -0.01386147 -0.02656936 0.0245791 -0.01412105 -0.02860265 0.02486175 -0.01425492 -0.02805936 0.02575069 -0.01414299 -0.02773064 0.02631479 -0.01438194 -0.02659058 0.02581876 -0.01445567 -0.02670812 0.02531689 -0.01430219 -0.02674996 0.02446496 -0.01454514 -0.02773457 0.02443289 -0.01473027 -0.02804094 0.0247507 -0.01445525 -0.02859902 0.02552962 -0.01472103 -0.02825832 0.02545553 -0.01490873 -0.02678596 0.02556174 -0.0146681 -0.02790212 0.02584427 -0.01456528 -0.02769404 0.02451604 -0.01400822 -0.02866601 0.02507084 -0.01346987 -0.02776491 0.02417629 -0.0138005 -0.02638095 0.02518242 -0.01367723 -0.02743679 0.02635544 -0.01358962 -0.02740514 0.02598869 -0.01217937 -0.02671313 0.02615755 -0.01240789 -0.027103 0.02417445 -0.0125491 -0.02750849 0.0245195 -0.01237744 -0.02863556 0.02529686 -0.0126717 -0.02812218 0.02576667 -0.01250916 -0.02749747 0.02635061 -0.01277321 -0.02682089 0.02551835 -0.01265162 -0.02648591 0.02558416 -0.01285707 -0.02745771 0.02450847 -0.01277017 -0.02701622 0.02424597 -0.01295149 -0.0283488 0.02464801 -0.01303565 -0.02837115 0.02592933 -0.01311826 -0.02819973 0.02539753 -0.01288092 -0.02731424 0.0261709 -0.01328015 -0.02744561 0.02597165 -0.01298671 -0.02643412 0.02549713 -0.0132656 -0.02680134 0.0250346 -0.01310777 -0.02713364 0.02426254 -0.01336127 -0.02775245 0.02462512 -0.01320612 -0.02820086 0.02539503 -0.01329261 -0.02679353 0.02517813 -0.0134986 -0.02681058 0.02526879 -0.0122649 -0.02870041 0.02524363 -0.01226007 -0.02674961 0.02438348 -0.01212227 -0.02683091 0.02611184 -0.0120083 -0.02676999 0.02616649 -0.01119887 -0.02738535 0.02594888 -0.01095187 -0.02677494 0.02522182 -0.01103997 -0.02740508 0.02457827 -0.01114588 -0.02716064 0.0241537 -0.01132899 -0.02858513 0.02512532 -0.01144725 -0.02761209 0.02594339 -0.01134717 -0.02741611 0.02643263 -0.01156675 -0.02644878 0.02512621 -0.01166903 -0.02679896 0.02549242 -0.01143682 -0.02727878 0.02459692 -0.01153957 -0.02794331 0.02412849 -0.01178056 -0.02825695 0.02518808 -0.0116567 -0.02829903 0.02605104 -0.01191473 -0.02746707 0.02596944 -0.0117641 -0.02678865 0.02525389 -0.0118708 -0.0276634 0.02455013 -0.0119819 -0.02816534 0.02545678 -0.01208126 -0.02824139 0.0252031 -0.01124906 -0.02862745 0.02539646 -0.01102679 -0.02766323 0.02424162 -0.01096099 -0.02751356 -0.03386449 -0.01727372 -0.02738231 -0.03391343 -0.01792967 -0.02823853 -0.03323119 -0.01792615 -0.02836644 -0.03309398 -0.01727551 -0.0266394 -0.03316992 -0.01727616 -0.02556103 -0.03352946 -0.01797986 -0.02750051 -0.03312975 -0.01684838 -0.02750015 -0.03242403 -0.01793169 -0.02748769 -0.03239589 -0.01727306 -0.02869158 -0.03478872 -0.01793849 -0.02781045 -0.03112 -0.01792281 -0.0260303 -0.031654 -0.01793402 -0.02949112 -0.03346544 -0.01793408 -0.02681767 -0.0351153 -0.01792699 -0.02918726 -0.03196418 -0.01793146 -0.0260334 -0.03164649 -0.01695352 -0.02549594 -0.03354769 -0.01697337 -0.02668917 -0.03504413 -0.0169574 -0.0286771 -0.0348165 -0.0169655 -0.02948296 -0.03350704 -0.01697307 -0.02924519 -0.03203636 -0.0169627 -0.02788245 -0.03113424 -0.01696056 -0.02738219 -0.03203672 -0.01688051 -0.02845352 -0.03250843 -0.01687192 -0.02840018 -0.03376549 -0.01682186 -0.02740615 -0.03420013 -0.01683354 -0.02671289 -0.03377431 -0.01657909 -0.02640992 -0.03296667 -0.01681721 -0.0268923 -0.03226166 -0.01656383 -0.02821624 -0.03264385 -0.01655817 -0.02746421 -0.03388351 -0.01641547 -0.02820026 -0.03395479 -0.01625031 -0.02840071 -0.03247183 -0.0163905 -0.02652299 -0.03255891 -0.01527017 -0.02685201 -0.03266251 -0.01506584 -0.0271303 -0.03419166 -0.01538366 -0.02734994 -0.03382754 -0.01518893 -0.02860128 -0.03330379 -0.01548314 -0.02823156 -0.03318965 -0.01530629 -0.02727389 -0.0319913 -0.01561993 -0.0273469 -0.03240096 -0.01541906 -0.02652817 -0.03364586 -0.01573705 -0.02693194 -0.03369414 -0.01555812 -0.02824223 -0.03399515 -0.01584768 -0.0282011 -0.03332597 -0.0157001 -0.02813309 -0.03221333 -0.01596671 -0.02768313 -0.03244572 -0.01579469 -0.02666085 -0.0324856 -0.01607489 -0.02683079 -0.03287988 -0.01588803 -0.0266543 -0.03381448 -0.0161572 -0.02739751 -0.03387868 -0.01600021 -0.02820736 -0.03295838 -0.01613384 -0.02690005 -0.03259998 -0.01626342 -0.02847903 -0.03245496 -0.01513367 -0.02740997 -0.0342949 -0.01499825 -0.02646398 -0.0328741 -0.01488643 -0.02736258 -0.03208583 -0.01481431 -0.02745848 -0.03381884 -0.01357311 -0.02833294 -0.03307849 -0.01374304 -0.02740836 -0.031955 -0.01399141 -0.02687555 -0.03264141 -0.01386147 -0.02656936 -0.03382003 -0.01412105 -0.02860265 -0.03353744 -0.01425492 -0.0281772 -0.0327515 -0.01413094 -0.02773064 -0.0320844 -0.01438194 -0.02659058 -0.03258043 -0.01445567 -0.02670812 -0.03308224 -0.01430219 -0.02674996 -0.03393423 -0.01454514 -0.02807712 -0.03378778 -0.0145142 -0.02859902 -0.03286957 -0.01472103 -0.02739405 -0.03385782 -0.01478248 -0.02825832 -0.03294366 -0.01490873 -0.02682882 -0.03278541 -0.01466369 -0.02790212 -0.03255492 -0.01456528 -0.0275287 -0.0338695 -0.0139929 -0.02866601 -0.03332835 -0.01346987 -0.02776491 -0.0342229 -0.0138005 -0.02638095 -0.03321671 -0.01367723 -0.02743679 -0.03204375 -0.01358962 -0.02740514 -0.0324105 -0.01217937 -0.02671319 -0.03224158 -0.01240789 -0.027103 -0.03422474 -0.0125491 -0.02750849 -0.03387969 -0.01237744 -0.02863556 -0.03310233 -0.0126717 -0.02812218 -0.03263252 -0.01250916 -0.02749752 -0.03204858 -0.01277321 -0.02682089 -0.03288084 -0.01265162 -0.02648591 -0.03281503 -0.01285707 -0.02745771 -0.03389072 -0.01277017 -0.02701622 -0.03415322 -0.01295149 -0.0283488 -0.03375118 -0.01303559 -0.02837115 -0.03246986 -0.01311826 -0.02819973 -0.03300166 -0.01288092 -0.02731424 -0.03222829 -0.01328015 -0.02744561 -0.03242754 -0.01298671 -0.02643412 -0.03290206 -0.0132656 -0.02680069 -0.03337514 -0.01310592 -0.02712947 -0.03413867 -0.01335948 -0.02775245 -0.03377407 -0.01320612 -0.0282008 -0.0330041 -0.01329261 -0.02679353 -0.03322106 -0.01349854 -0.02681058 -0.0331304 -0.0122649 -0.02870041 -0.03315556 -0.01226007 -0.02674961 -0.03401571 -0.01212227 -0.02683091 -0.03228729 -0.01200824 -0.02799057 -0.03233748 -0.01099342 -0.02676999 -0.0322327 -0.01119887 -0.02677494 -0.03317737 -0.01103997 -0.02740508 -0.03382092 -0.01114588 -0.02716064 -0.03424555 -0.01132899 -0.02858513 -0.03327387 -0.01144725 -0.02741611 -0.03196656 -0.01156675 -0.02706474 -0.03245437 -0.0114091 -0.02645009 -0.03327369 -0.01166963 -0.02744901 -0.03389674 -0.01156097 -0.02794331 -0.0342707 -0.01178056 -0.02818238 -0.03297108 -0.01168054 -0.02829903 -0.03234815 -0.01191467 -0.02746707 -0.03242975 -0.0117641 -0.02678865 -0.0331453 -0.0118708 -0.0276634 -0.03384906 -0.0119819 -0.02816534 -0.03294241 -0.01208126 -0.02824139 -0.03319615 -0.01124906 -0.02837473 -0.03389048 -0.01100021 0.02497315 -0.01036697 0.01436793 0.02216583 -0.01663625 0.01436567 0.02409476 -0.01264327 0.01316797 0.02546685 -0.007276356 0.01230603 0.0253117 6.15513e-5 0.01436936 0.02562117 -0.002674639 0.01222115 0.02515399 0.001094758 0.01250606 0.02408599 0.00473833 0.01317262 0.02227985 0.008891761 0.01436609 0.02214443 0.008746683 0.01436263 0.01988774 0.01219713 0.0147174 0.02224338 0.009570598 0.01321393 0.02056729 0.01231598 0.0137605 0.01267898 0.0181598 0.01436567 0.01648092 0.01571029 0.01471024 0.01797235 0.01515686 0.0139594 0.01452559 0.01796483 0.01334708 0.02424985 -0.01251471 0.01458173 0.02561503 -0.006166517 0.01455873 0.02489453 -0.009661972 0.01436835 0.02549821 -0.002252519 0.01436811 0.02400541 0.004015445 0.01487141 0.02489542 0.001797616 0.01436835 0.0235418 0.006039559 0.01437062 0.01931411 -0.0206961 0.01474899 0.02167552 -0.01788902 0.01383662 0.01900887 -0.02196031 0.01393967 0.02161991 -0.01904582 0.01342922 0.01228553 -0.02578532 0.01487481 0.01285243 -0.02601552 0.01443111 0.0168209 -0.02339428 0.014521 0.01476818 -0.02584546 0.01328349 0.01346075 -0.02590894 0.01369428 0.01728427 -0.0238372 0.01377654 -0.01265281 -0.02609175 0.01435625 -0.009964227 -0.02747213 0.01436758 -0.004481315 -0.02912181 0.01436549 2.08004e-4 -0.02930068 0.01487076 0.001280844 -0.02946257 0.0143674 0.006352424 -0.02869266 0.01436734 0.01053363 -0.02720266 0.01436841 -0.01461887 -0.02480131 0.01468473 -0.01763838 -0.0224713 0.01475417 -0.02217465 -0.01661139 0.0143581 -0.01618802 -0.02458959 0.01369583 -0.01410615 -0.02604633 0.01321798 -0.01852953 -0.0224601 0.01396811 -0.01141142 -0.02716302 0.01288104 -0.009796857 -0.02753156 0.01345783 -0.008487641 -0.02883195 0.01162767 -0.007453501 -0.02840012 0.01290988 -0.00286287 -0.02953481 0.01172792 -5.5415e-4 -0.03016102 0.01090079 -0.004112482 -0.02924174 0.01240587 -1.31584e-4 -0.02957832 0.0121957 0.007101297 -0.02906644 0.01154363 0.002543866 -0.02942436 0.01227909 0.006378412 -0.0287671 0.01271224 0.009936094 -0.02752459 0.0134797 -0.02035981 -0.02026861 0.01386559 -0.0209887 -0.01875734 0.01443815 -0.02249711 -0.01772201 0.01300686 -0.02497482 0.002506852 0.01436793 -0.02216744 0.008775949 0.01436567 -0.02409631 0.004783391 0.01316809 -0.02546852 -5.83826e-4 0.01230603 -0.02531343 -0.007921814 0.01436936 -0.02562284 -0.005185604 0.01222115 -0.0251556 -0.008955776 0.01250618 -0.02408659 -0.01260179 0.01317334 -0.0222488 0.008601546 0.01432865 -0.0222243 0.007662177 0.01487451 -0.02419602 0.004269123 0.01436835 -0.02496665 -0.001056551 0.01486861 -0.02537113 -6.24825e-4 0.01436638 -0.02549988 -0.005607783 0.01436811 -0.02384126 -0.01247698 0.01487869 -0.0247631 -0.01028424 0.01436734 -0.0232703 -0.01447659 0.0143705 -0.01895534 0.01322507 0.01474124 -0.01679658 0.0153464 0.0147463 -0.008008837 0.02022892 0.01474648 0.006795406 0.02071779 0.01473605 -0.001301825 0.02165114 0.01436924 -0.005306005 0.0211752 0.01253718 -0.009913325 0.0196653 0.01347613 0.007903516 0.02047902 0.01296633 0.002489745 0.0216183 0.01226079 -0.02118051 0.01060515 0.01426386 -0.02213317 0.01039582 0.01318728 -0.02079635 0.01263201 0.01355385 -0.01819437 0.01513147 0.01387882 -0.01484245 0.01763367 0.01350969 0.009276151 0.01988548 0.01331579 0.007716476 0.02105492 0.01164573 0.00197649 0.0215851 0.01224088 5.52385e-4 0.02230978 0.01086896 0.00583291 0.02103602 0.01262164 -0.004718422 0.02155327 0.01157534 -0.001437067 0.02167195 0.01221406 -0.009992599 0.02040839 0.01194888 -0.009279191 0.0198332 0.01331669 -0.01312923 0.01792502 0.01451182 -0.005746364 0.0210483 0.01260948 0.02054089 0.008422315 0.01486837 0.01223945 0.01685804 0.01486837 -0.01765036 0.01222825 0.01486837 -0.02181106 -0.01410615 0.01486837 -0.01475167 -0.02282363 0.01486837 0.01804161 -0.01959484 0.01486837 0.02366375 -3.82382e-4 0.01486837 -0.02200078 0.00539267 0.01486837 -0.02395629 -0.003101944 0.01486837 0.001449346 0.01995491 0.01486837 -0.003978013 -0.0277242 0.01486837 0.009622395 -0.02605181 0.01486837 0.02301645 -0.01096153 0.01486837 -0.009021639 0.0183826 0.01486837 -0.003887295 0.02001994 0.0156781 -0.01605051 0.01434755 0.01567792 -0.02054262 0.008422315 0.01567828 -0.02366554 -3.82757e-4 0.01567828 -0.02301806 -0.01096177 0.01567828 -0.01804327 -0.01959484 0.01567828 -0.009624183 -0.02605175 0.01567828 0.003976285 -0.0277242 0.01567828 0.01475012 -0.02282345 0.01567828 0.02180933 -0.01410621 0.01567828 0.02395457 -0.003101825 0.01567828 0.02158176 0.007089018 0.01567828 0.01764863 0.01222825 0.01567828 0.009019851 0.01838266 0.01567828 0.008991539 0.01896435 0.01567828 0.0172156 0.01374286 0.01567828 0.003189504 -0.02846026 0.01567822 0.01944816 -0.01898568 0.01567828 0.01285392 -0.02499574 0.01567822 -0.009708285 0.01866847 0.01567828 0.02422279 3.29967e-4 0.01567828 0.02404516 -0.009883165 0.01567828 -0.007345438 -0.02740484 0.01567828 -0.02200525 -0.01499754 0.01567828 0.002221226 0.02053236 0.01567828 -0.01574522 -0.02298557 0.01567828 -0.02468597 -0.005209505 0.01567828 -0.02241039 0.006623148 0.01567828 0.01448768 -0.02368867 0.01801896 0.02047985 -0.01731252 0.01806193 0.02425986 -0.008299887 0.01795238 0.02394407 9.13293e-4 0.01804512 0.02109575 0.00852257 0.0180329 0.01403981 0.01626652 0.01804155 0.00537765 0.0200271 0.01805925 4.89577e-4 0.02068167 0.01774579 0.00631988 -0.02772229 0.01776289 -0.007337331 0.01943308 0.0180093 -0.01597964 0.01479172 0.01797294 -0.0213257 0.007985532 0.0180158 -0.02370017 0.002655208 0.01774901 -0.0244283 -0.002608656 0.01803076 -0.02370017 -0.01051557 0.01774895 -0.0210126 -0.01637059 0.01802903 -0.01775604 -0.02090966 0.01774871 -0.0140534 -0.0239191 0.01804476 -0.007556974 -0.02723145 0.01797354 0.00177437 -0.02843457 0.01804977 -0.02324193 -0.009009778 0.01823282 -0.02049666 0.007849991 0.01810812 -0.01365613 -0.02327018 0.01810562 -0.008786261 0.01786661 0.01811593 -0.01477521 0.01443231 0.01811695 -0.005447268 -0.02682262 0.01811641 0.01576131 -0.021595 0.01810759 0.0147702 0.01444739 0.01811468 0.007202923 0.01852035 0.01811468 -0.001816451 0.01961088 0.01811885 -0.02326405 -3.66293e-4 0.01811105 0.001697242 -0.02742272 0.01811242 0.00836879 -0.02589792 0.0181154 0.01968187 0.008934378 0.0181151 -0.01968371 -0.0167945 0.0181151 0.02168399 -0.01321488 0.01810878 0.02339589 -0.006226956 0.0181151 0.02294296 0.00167185 0.01811432 -0.02296841 -0.008745849 0.01695537 -0.02030628 -0.01556032 0.0169484 -0.01618498 -0.02087163 0.01694828 -0.01069676 -0.0247429 0.0169484 -0.003275752 -0.02719449 0.0169481 0.004512786 -0.02689832 0.01693356 0.01162773 -0.02430343 0.01694744 0.01880437 -0.01810598 0.01692926 0.02251523 -0.01035684 0.01695495 0.02342534 -0.002165317 0.01691913 0.02093237 0.006669402 0.01694995 0.01701521 0.01209813 0.01694852 0.01227444 0.01602387 0.01694077 0.006120443 0.0186575 0.01695376 -5.70256e-4 0.01948666 0.01693361 -0.009966492 0.01744955 0.01695847 -0.01667785 0.01246565 0.01694542 -0.02080374 0.006901919 0.01691633 -0.02323001 -9.13999e-4 0.01692777 -0.01467287 -0.02938055 0.01122313 -0.01392966 -0.0305494 0.01052963 0.01394104 -0.03045481 0.01057201 0.01477116 -0.02934157 0.0112515 -0.01502311 -0.02930372 0.007274091 -0.02973306 -0.02888625 0.008758485 -0.0265032 -0.02880293 0.01012641 -0.02102881 -0.02907741 0.01126372 -0.002048969 -0.03043353 0.00763899 -0.002133905 -0.03180181 0.007463395 -0.01400625 -0.03039497 0.008205711 -0.01465898 -0.03329515 0.008989632 -0.01402187 -0.03212118 0.009526014 -0.01500517 -0.03304696 0.008835732 -0.0144723 -0.03277802 0.007079303 -0.002064526 -0.03264582 0.006507337 -0.002064704 -0.0296024 0.006773293 -0.002064049 -0.02964085 -5.90168e-4 -0.0020805 -0.03214913 -0.00117141 -0.002051293 -0.03269988 -1.14618e-4 -0.002077341 -0.03089135 -0.001493275 -0.02098774 -0.03021919 -0.001843988 -0.02130836 -0.02922213 -0.001014888 -0.02139854 -0.03309261 -8.202e-4 -0.02100026 -0.03224074 -0.001793503 -0.0323888 -0.02989876 -0.0132519 -0.02532452 -0.0334326 0.008821845 -0.0309661 -0.03376597 0.004093527 -0.02993911 -0.03395205 0.006286859 -0.02845543 -0.03372895 0.007795155 -0.02661907 -0.03361219 0.008665144 -0.02808296 -0.03329932 0.007724046 -0.03030884 -0.03335553 0.005552589 -0.03098058 -0.02863895 0.007621169 -0.03162986 -0.02881282 0.005968093 -0.03231942 -0.02887773 -0.01194316 -0.03233867 -0.03272819 -0.01305586 -0.03178673 -0.03380018 -0.01044023 -0.03170073 -0.03336155 -0.01105737 -0.02717435 -0.0354402 0.006233692 -0.02802807 -0.03568261 0.004672765 -0.02989274 -0.03480964 0.004654645 -0.02829426 -0.03451478 0.007174432 -0.02605873 -0.03480947 0.007707118 -0.0324276 -0.03241854 -0.01409822 -0.0318306 -0.0341463 -0.01409524 -0.02950924 -0.03618937 -0.0140981 0.02919989 -0.03614777 -0.01409202 0.03101593 -0.0338521 0.003426849 0.02993595 -0.03478389 0.004603207 0.03024607 -0.03387647 0.005877077 0.02807104 -0.03481066 0.006919562 0.02885138 -0.03380942 0.00747472 0.02835512 -0.03548699 0.005108177 0.02716898 -0.03375488 0.008456945 0.02657759 -0.03562879 0.005991518 0.02602505 -0.03467184 0.007887959 0.01399815 -0.03212755 0.009572446 0.01492184 -0.03340846 0.008914589 0.01495319 -0.03298866 0.008734822 0.02533638 -0.03354084 0.008796036 0.0308516 -0.03336679 0.003424465 0.02726316 -0.03328537 0.008177518 0.03012436 -0.03337955 0.005978524 0.03148573 -0.03339421 -0.01021546 0.03226286 -0.0326721 -0.01418727 0.03164666 -0.03446459 -0.0140919 0.03179633 -0.03374361 -0.01033884 0.01447004 -0.03277266 0.0070827 0.01493722 -0.02932423 0.007348179 0.0139898 -0.0304954 0.008206427 0.002058506 -0.03079169 0.007747173 0.002074778 -0.02962714 0.006882309 0.002075314 -0.0325613 0.006801724 0.02866011 -0.02889418 0.009322047 0.02031749 -0.02907174 0.01132541 0.02576756 -0.02896976 0.0102896 0.002077102 -0.03266537 -4.23469e-4 0.002075791 -0.02968949 -7.6232e-4 0.002039849 -0.03142297 -0.001514315 0.02100652 -0.03228688 -0.001779556 0.02142059 -0.03310698 -7.67461e-4 0.02130758 -0.0292254 -0.001031696 0.0209847 -0.03021389 -0.001841843 0.03238713 -0.02975183 -0.01319861 0.03238576 -0.03223133 -0.01328694 0.03210943 -0.03319311 -0.0121327 0.03230959 -0.02885317 -0.01169842 0.0315755 -0.02884042 0.006224632 0.03069996 -0.02871882 0.007967412 0.0316376 -0.02664589 0.005970358 0.03069818 -0.0266329 0.007993459 0.02740508 -0.02657675 0.01002973 0.02167427 -0.0266776 0.01199823 0.02043855 -0.02283418 0.01320081 0.01847279 -0.02470511 0.01319253 0.01836109 -0.02589738 0.01255398 0.01816934 -0.02533698 0.01297682 0.0189175 -0.02645593 0.01249432 0.01953971 -0.02628833 0.01212942 0.02224522 -0.02220886 0.01266044 0.02088922 -0.02255171 0.01094651 0.02444541 -0.02205318 0.01179867 0.002171397 -0.02380186 0.01091367 0.00203675 -0.02285379 0.01017284 0.01813459 -0.02543866 0.01120424 0.01909148 -0.02620911 0.01045912 0.002038896 -0.02520221 0.01078921 0.002168774 -0.02592378 0.009838044 0.002077102 -0.025864 -4.27599e-4 0.002045154 -0.02473932 -0.001468122 0.02091002 -0.02434283 -0.002066493 0.02126675 -0.02621501 -0.001085996 0.002076566 -0.02323883 -0.001120626 0.002079844 -0.02274209 -3.57675e-5 0.02127337 -0.02244734 -0.001092731 0.03238403 -0.02286618 -0.01312959 0.03230547 -0.0265643 -0.01189452 0.03238165 -0.02538371 -0.01332759 0.03229373 -0.02203154 -0.01154506 0.03155618 -0.02201795 0.006399273 0.0302993 -0.02202939 0.00832498 0.0315833 -0.01982766 0.00619769 0.03049355 -0.01983767 0.008164644 0.02323395 -0.01850825 0.01249867 0.02381843 -0.01955556 0.01213884 0.02370697 -0.01945847 0.009502291 0.02327758 -0.01849567 0.01016688 0.0101791 -0.01827526 0.009850919 0.02463531 -0.01563823 0.009800314 0.0120542 -0.01657682 0.00984621 0.02479487 -0.01543027 0.01157283 0.01275974 -0.01578307 0.009119749 0.01272815 -0.01581323 -8.05242e-4 0.009124338 -0.01877844 0.009075462 0.009194314 -0.01917678 0.009092569 0.01012092 -0.01835978 -0.001556336 0.009015262 -0.01884382 -4.30592e-4 0.009166121 -0.01917874 -6.27152e-4 0.02089726 -0.01721858 -0.002052187 0.02126091 -0.0193845 -0.001179754 0.01177543 -0.01682585 -0.001618504 0.02132195 -0.01560389 -9.86819e-4 0.03050732 -0.01524949 0.008151292 0.03238207 -0.0161094 -0.01315528 0.03230482 -0.01976197 -0.01189708 0.0323441 -0.01874375 -0.01318299 0.03241044 -0.01856195 -0.01341164 0.03241127 -0.0166915 -0.01344072 0.03229469 -0.01523613 -0.01157361 0.03161156 -0.01519703 0.006122171 0.02579009 -0.01292794 0.01103997 0.03152281 -0.01304954 0.006555259 0.03033655 -0.01303225 0.008301377 0.032305 -0.01296228 -0.01189798 0.03239071 -0.01195085 -0.01324391 0.0214461 -0.01273059 -6.80891e-4 0.02101343 -0.01191568 -0.001774907 0.03238952 -0.009537637 -0.01325345 0.02593106 -0.01273059 0.01058757 0.02509391 -0.01211524 0.01086801 0.02520942 -0.01208758 0.01138669 0.01571542 -0.01154941 -0.001654148 0.01534986 -0.01239854 -9.94066e-4 0.01671987 -0.008847296 -5.98034e-4 0.0214414 -0.00873351 -7.16667e-4 0.02100223 -0.009572625 -0.001779198 0.01629459 -0.01017063 -0.001806914 0.03230971 -0.008482336 -0.01189088 0.01535534 -0.01253265 0.009848952 0.01614046 -0.01060169 0.01037502 0.01535397 -0.0122109 0.01044118 0.01670438 -0.008916676 0.009844124 0.02602958 -0.009076237 0.01037609 0.03166621 -0.008409321 0.005689561 0.02714473 -0.008635878 0.009987235 0.02625697 -0.008713185 0.01074701 0.03016686 -0.008470237 0.00842607 0.03115218 -0.008189916 0.007389247 0.03161227 -0.006219565 0.006028652 0.03062266 -0.006258428 0.008107244 0.0267806 -0.006053328 0.01045525 0.02720123 -0.00599265 0.009873509 0.02620804 -0.005534231 0.0102213 0.0262255 -0.002299249 0.01023042 0.02637773 -0.002059161 0.01071631 0.01735413 -0.005733251 0.009597301 0.01751273 -0.005295336 0.01000076 0.01737362 -0.005719482 -9.64191e-4 0.01743566 -0.00255984 0.00996226 0.01736694 -0.002113461 0.009572267 0.01743698 -0.004015326 -0.001784682 0.01741164 -0.002682209 -0.001569867 0.01738029 -0.002057969 -5.4762e-4 0.01740586 -0.004937887 -0.001631498 0.02099305 -0.004993557 -0.001807153 0.02140331 -0.005910038 -8.21017e-4 0.03239482 -0.005063414 -0.01329064 0.02144163 -0.001934468 -7.16496e-4 0.02100574 -0.002783775 -0.001785397 0.03238469 -0.002546489 -0.01318979 0.03231799 -0.006189763 -0.01190948 0.03231084 -0.001649558 -0.01171213 0.03149813 -0.001625716 0.006619393 0.0277782 -0.001767098 0.009809195 0.03016459 -0.001634836 0.008436262 0.02996677 5.8703e-4 0.008581817 0.03150737 5.41182e-4 0.006658494 0.02591156 0.00117731 0.01031482 0.02715927 7.31656e-4 0.01016414 0.026156 0.001161932 0.01072353 0.02166974 -0.01749533 0.01439219 0.02395969 -0.0127688 0.0132128 0.02509129 -0.01041865 0.01177006 0.02495068 -0.009777426 0.01262325 0.02628654 -0.005273818 0.01078319 0.02552431 -0.005909681 0.01224154 0.02569001 -8.62409e-4 0.01148438 0.02415353 0.005353331 0.01233685 0.02222365 -0.01651811 0.01431566 0.02558189 -0.002421617 0.01222372 0.02512252 0.001243591 0.01253217 0.02394515 0.005164921 0.01326125 0.02524363 0.004010796 0.01135671 0.01670271 0.001088321 0.009963512 0.02521204 0.004284799 0.01107734 0.02491867 0.004410028 0.01082122 0.02590113 0.004869461 0.01069825 0.02584338 0.005055665 0.01101756 0.01607757 0.002816319 0.01031583 0.01535451 0.004329621 0.01048392 0.0154075 0.004619956 0.01028728 0.01530337 0.004624843 -6.14161e-4 0.01672118 9.92089e-4 -6.55908e-4 0.01563686 0.003877103 -0.001606047 0.01644247 0.002547502 -0.001792013 0.01620268 0.002453148 -0.001645386 0.01642435 0.002540588 -0.001786887 0.01641088 0.0025357 -0.001784145 0.01639306 0.002529263 -0.001779377 0.01641988 0.002538919 -0.001786053 0.01648741 0.001933336 -0.001697838 0.02089816 0.002839028 -0.002053976 0.02129906 9.44187e-4 -0.001041471 0.02130573 0.004798829 -0.001044332 0.03026616 0.005176484 0.008365571 0.03238826 0.004144012 -0.01322424 0.03228712 5.79658e-4 -0.01152026 0.03237545 0.001375019 -0.01311141 0.03230458 0.005130112 -0.01180821 0.03155595 0.005186855 0.006410717 -0.0307427 -0.02662748 0.00794506 -0.0316388 -0.02663451 0.00590676 -0.02695345 -0.02656733 0.01025563 -0.01955968 -0.02629327 0.01212912 -0.02145093 -0.02666544 0.01199704 -0.03238022 -0.02594918 -0.01304483 -0.03229141 -0.02662879 -0.01147377 -0.02097725 -0.02515518 -0.001856923 -0.02127283 -0.02620691 -0.001100063 -0.002071321 -0.02577477 -7.05723e-4 -0.03228783 -0.02202755 -0.01141691 -0.02144706 -0.02234399 -7.33971e-4 -0.03238183 -0.02273231 -0.01306462 -0.02100896 -0.0231468 -0.001771032 -0.002075135 -0.02417552 -0.001529753 -0.002038121 -0.02286517 -6.12757e-4 -0.002072572 -0.02584707 0.01008349 -0.002055585 -0.02469635 0.01095879 -0.01896256 -0.02619391 0.01050209 -0.01816236 -0.0253694 0.01122295 -0.002205908 -0.02336567 0.01073318 -0.00206983 -0.02279394 0.009994626 -0.02089965 -0.02254635 0.01094949 -0.0185495 -0.02637636 0.01257377 -0.01821202 -0.02576345 0.01261597 -0.01831865 -0.02492654 0.01313704 -0.02077335 -0.02258366 0.01316112 -0.0229445 -0.02218627 0.01247811 -0.03029018 -0.02204364 0.008325517 -0.03153955 -0.02201843 0.006480574 -0.02418315 -0.01964449 0.01192259 -0.03047412 -0.01980954 0.008176445 -0.03154951 -0.01985222 0.006379187 -0.02331936 -0.01912075 0.01245355 -0.02330476 -0.01826339 0.01244479 -0.03237926 -0.01908844 -0.01307874 -0.03228992 -0.01984179 -0.01141345 -0.02100354 -0.01866108 -0.00179094 -0.02142435 -0.01950484 -7.77964e-4 -0.02323365 -0.01886826 0.01007783 -0.02417588 -0.01957046 0.009176909 -0.009106993 -0.01914644 -6.65417e-4 -0.009124934 -0.01919114 0.00899887 -0.01030147 -0.01821416 -0.001595616 -0.009562313 -0.01849436 -0.001135528 -0.01204085 -0.01659661 -0.001573443 -0.02099001 -0.01657044 -0.00183314 -0.02134048 -0.01559698 -9.67139e-4 -0.03231364 -0.01534157 -0.01210188 -0.0100069 -0.01847779 0.009798347 -0.009473562 -0.01855367 0.009439766 -0.02464491 -0.01562875 0.009789764 -0.01275914 -0.01578354 0.009112179 -0.01184743 -0.01673638 0.009877264 -0.01277679 -0.01576423 -6.41999e-4 -0.0323978 -0.016469 -0.01329386 -0.03063356 -0.01527899 0.008018374 -0.02478986 -0.01542437 0.01157861 -0.03165221 -0.01508784 0.006125509 -0.03149479 -0.01300466 0.006585717 -0.0302754 -0.01312726 0.008392155 -0.03239303 -0.01178413 -0.01329237 -0.03231978 -0.01294487 -0.01207047 -0.02098059 -0.01162809 -0.001846313 -0.02135884 -0.01268291 -9.67814e-4 -0.02629643 -0.01300841 0.01075583 -0.02578759 -0.01269781 0.01064306 -0.02524453 -0.0123772 0.01129651 -0.02509349 -0.01210349 0.01086181 -0.02101939 -0.009455323 -0.001736819 -0.0153011 -0.01242917 -7.86043e-4 -0.01570832 -0.01161307 -0.001651883 -0.0161314 -0.0108273 0.01044183 -0.01530027 -0.0123797 0.01035195 -0.02148705 -0.00872147 -6.07523e-4 -0.03231328 -0.008543014 -0.0121023 -0.01622974 -0.01032137 -0.001754522 -0.01660835 -0.009206593 -0.001293241 -0.01673287 -0.008827924 -2.89795e-4 -0.01670676 -0.008947849 0.009961962 -0.02604031 -0.008873343 0.01026087 -0.02615219 -0.00904262 0.01075971 -0.0323978 -0.009669065 -0.01329386 -0.03157752 -0.008421242 0.006277501 -0.02715086 -0.008464872 0.01024347 -0.03034925 -0.008428275 0.008319795 -0.03031837 -0.006226778 0.008327543 -0.03152257 -0.006247878 0.006530404 -0.02735525 -0.006014108 0.009834587 -0.02621948 -0.005544126 0.01023858 -0.02640926 -0.005901813 0.01067155 -0.02632129 -0.002342879 0.01028406 -0.02724301 -0.001874148 0.009880006 -0.0174126 -0.00359404 0.00987178 -0.01735401 -0.005730748 0.009610235 -0.01737546 -0.00245434 0.009931206 -0.01745301 -0.002074122 0.009556651 -0.01750594 -0.005259215 0.01000338 -0.01743525 -0.003459632 -0.001771986 -0.01736897 -0.002137124 -9.0032e-4 -0.01748031 -0.004442274 -0.001800596 -0.01735055 -0.005736768 -8.16869e-4 -0.02130162 -0.005855381 -0.00104469 -0.02097767 -0.004748642 -0.001859545 -0.03239327 -0.004985749 -0.01329272 -0.03232425 -0.006133794 -0.01213371 -0.02101504 -0.002722382 -0.001766085 -0.02145844 -0.001929342 -6.83087e-4 -0.0323134 -0.001742184 -0.01210123 -0.0323978 -0.002869188 -0.01329386 -0.03157645 -0.001623451 0.006278395 -0.02639627 -0.001829206 0.01069897 -0.03035056 -0.001624166 0.008319199 -0.03039467 5.65063e-4 0.008277356 -0.03154879 5.5221e-4 0.006367921 -0.02724951 7.32512e-4 0.01008552 -0.02602028 0.001235485 0.01038032 -0.02607202 0.001145899 0.01087784 -0.02338743 0.006374239 0.01358062 -0.02445548 0.004911065 0.01207578 -0.02582657 -0.001594841 0.01141375 -0.0255801 -0.001810371 0.0122317 -0.02559024 -0.00786364 0.01152175 -0.02430105 -0.01272571 0.01228165 -0.0250222 0.00498718 0.01150763 -0.0247727 0.00260514 0.012739 -0.02548015 -0.006887793 0.01229721 -0.0248422 -0.01018017 0.01270079 -0.02367186 -0.01367551 0.01342308 -0.01608318 0.002814829 0.01032596 -0.02509498 0.004323661 0.01085656 -0.02521967 0.004416346 0.01118493 -0.02597522 0.004876554 0.01056486 -0.0155003 0.00471872 0.009902477 -0.01670944 0.001081764 0.009953975 -0.01533305 0.004380881 0.01044958 -0.01670908 9.96364e-4 -5.8153e-4 -0.01619654 0.002445936 -0.001570641 -0.01632279 0.00249952 -0.001752853 -0.01657253 0.001643359 -0.001529991 -0.0164631 0.002331674 -0.001782357 -0.01624238 0.002467274 -0.001662075 -0.01626157 0.002475976 -0.001688957 -0.01625025 0.00247091 -0.001673877 -0.01624429 0.002468168 -0.001665055 -0.02130067 9.44326e-4 -0.001037359 -0.0209763 0.002046406 -0.001856625 -0.03239321 0.001814067 -0.01329272 -0.03232407 6.66391e-4 -0.01213294 -0.02101391 0.004062652 -0.001771569 -0.0156843 0.003762662 -0.001636803 -0.01532196 0.004584014 -8.01144e-4 -0.02145695 0.004870891 -6.79949e-4 -0.03231358 0.005057811 -0.01210218 -0.03239762 0.003930449 -0.01329368 -0.03042727 0.005157113 0.008230268 -0.03157812 0.005199909 0.006317675 -0.03034383 0.00739932 0.008279383 -0.03152507 0.007345318 0.006525695 -0.02479779 0.007567822 0.01157331 -0.02464061 0.007783293 0.009815871 -0.02324771 0.01081496 0.01013243 -0.02323186 0.01065564 0.01250046 -0.02381038 0.01168513 0.01214319 -0.02389961 0.01165622 0.009359121 -0.009289741 0.01130765 0.008877456 -0.01001316 0.01076817 0.009751498 -0.01210767 0.00888288 0.009904682 -0.01268726 0.008005619 0.009319782 -0.01272004 0.007960021 -7.98048e-4 -0.009673058 0.01055085 0.009346306 -0.01033657 0.01025003 -0.001559436 -0.009248375 0.01084858 -4.20627e-4 -0.00946325 0.01125645 -7.9546e-4 -0.01213568 0.008817911 -0.001621961 -0.02136945 0.007715761 -8.55876e-4 -0.02099376 0.008609235 -0.001806735 -0.02098047 0.01048445 -0.001861274 -0.03236138 0.008188486 -0.01309251 -0.03229784 0.007368981 -0.01153147 -0.02128386 0.01155441 -0.001102566 -0.0324099 0.00838238 -0.01335632 -0.03231358 0.01185768 -0.0121023 -0.03233116 0.01074171 -0.01320439 -0.03240758 0.01070171 -0.01336538 -0.03151112 0.01193273 0.006492257 -0.03047972 0.01206368 0.008217334 -0.02444684 0.01420462 0.01179337 -0.03029495 0.01419311 0.008319973 -0.03152829 0.01414263 0.006505668 -0.02219343 0.01436018 0.01267701 -0.02048861 0.01494461 0.01319026 -0.02089488 0.01469045 0.01094764 -0.01848143 0.01686114 0.01317286 -0.01816099 0.01777237 0.01288324 -0.01886296 0.01834076 0.01231431 -0.0188297 0.01857906 0.01251405 -0.02167612 0.01878321 0.01199638 -0.02090972 0.0212078 0.01127141 -0.002071201 0.01542818 0.01068407 -0.002067744 0.01488798 0.009753406 -0.0181362 0.01757818 0.01120424 -0.0190981 0.0183506 0.01045626 -0.0020653 0.01662808 0.0109412 -0.002084434 0.01791173 0.01030528 -0.002070963 0.01801931 0.005352079 -0.002078056 0.01544076 0.004535079 -0.002053797 0.01489907 0.005585968 -0.0020684 0.01691192 0.004220068 -0.01399058 0.01809018 0.004377782 -0.01398825 0.01486134 0.004365861 -0.01406836 0.01826 -6.19331e-4 -0.01404315 0.01638281 -0.001749634 -0.01418536 0.01523679 -0.001462101 -0.01405584 0.0146746 -5.54405e-4 -0.02128183 0.01457875 -0.001085817 -0.02089047 0.016595 -0.002092361 -0.0323686 0.01498228 -0.01309913 -0.03230017 0.0141834 -0.01163583 -0.01405918 0.01760315 -0.001485347 -0.02131468 0.01837807 -0.001015365 -0.03240621 0.01513367 -0.01329904 -0.02720224 0.01868987 0.01011896 -0.03057843 0.01870775 0.008060872 -0.03230792 0.01870495 -0.01189672 -0.03239119 0.01769489 -0.01324069 -0.03157812 0.01888245 0.006463944 -0.03152185 0.02095329 0.006549298 -0.03015875 0.02099126 0.0084306 -0.03231364 0.0209881 -0.01173681 -0.02770948 0.02104961 0.009721577 -0.03239023 0.02193379 -0.01321691 -0.02100604 0.02210348 -0.001777052 -0.02145326 0.02126473 -6.98406e-4 -0.01396512 0.02242624 0.01068294 -0.01496672 0.02141672 0.0112918 -0.01491683 0.02252399 -0.001646459 -0.01532816 0.02183616 -0.001331865 -0.01406198 0.02272528 -7.14142e-4 -0.01441758 0.02191591 -6.87203e-4 -0.01510655 0.02143752 -4.80849e-4 -0.01522827 0.0251019 -6.07168e-4 -0.021393 0.02522885 -8.49278e-4 -0.0210002 0.02434158 -0.001805782 -0.01457375 0.02479714 -5.50424e-4 -0.01515072 0.02435755 -0.001609146 -0.01457518 0.02395814 -0.001411378 -0.01406639 0.02397966 -6.01904e-4 -0.0141499 0.02504581 0.009205937 -0.01405155 0.02425187 0.009452879 -0.03232914 0.02478653 -0.0130741 -0.03159099 0.02557903 -0.01031953 -0.03182137 0.0259217 -0.01070857 -0.03053653 0.02551567 0.005066573 -0.02540755 0.02541846 0.008689343 -0.02856552 0.02548593 0.007561266 -0.03081905 0.02608191 0.00459069 -0.02865916 0.02599585 0.007683753 -0.02633017 0.02608168 0.008578181 -0.02899283 0.02847284 -0.0140981 -0.03101915 0.02721065 -0.01409411 -0.03242111 0.02458393 -0.01409822 -0.03194862 0.0259124 -0.01420408 -0.02734524 0.02778995 0.005481421 -0.02937275 0.02690821 0.005635917 -0.02840459 0.02679723 0.006868541 -0.02910077 0.02754646 0.003829717 -0.0263158 0.02744311 0.00687325 -0.01553022 0.02557462 0.008888125 -0.01500803 0.02511411 0.00863552 0.02927464 0.02743464 0.00422126 0.02682161 0.0278173 0.005520343 0.0295071 0.0268141 0.005623042 0.02809989 0.02724897 0.006367504 0.02609771 0.02697873 0.007695257 0.02534008 0.02558481 0.008816301 0.02802443 0.02544772 0.00780183 0.0305348 0.02548736 0.005022585 0.02781903 0.02590215 0.008241355 0.03006696 0.02590709 0.006234586 0.03089761 0.02602976 0.004209339 0.03232097 0.024971 -0.01409333 0.03150594 0.02692127 -0.01409828 0.02887743 0.02848112 -0.01409828 0.03182214 0.02585607 -0.01054799 0.03183382 0.02552086 -0.01130348 0.03237038 0.02460944 -0.01320111 0.02099007 0.02429771 -0.001815974 0.02140158 0.02526211 -8.15827e-4 0.01499938 0.02513432 0.008732855 0.01492184 0.02551454 0.008927702 0.01400136 0.02426868 0.009569704 0.0139808 0.02238088 0.01070994 0.01474481 0.02148836 0.01124227 0.015172 0.02411967 -0.001682817 0.0144729 0.02379363 -0.001364529 0.01523101 0.02505934 -8.3366e-4 0.01455986 0.02473962 -7.18091e-4 0.01405829 0.02407908 -4.19586e-4 0.01519101 0.02141469 -3.91869e-4 0.01529192 0.02174299 -0.001241564 0.01444685 0.02193331 -8.02952e-4 0.01404482 0.02268952 -5.86316e-4 0.01477724 0.02267712 -0.00161463 0.02135109 0.02129173 -8.94048e-4 0.0209881 0.0223121 -0.001834034 0.03238654 0.02203363 -0.01325041 0.03231781 0.02100819 -0.01190334 0.03001898 0.02097874 0.008617341 0.0255751 0.02107775 0.01039624 0.02005571 0.02122503 0.01133549 0.03154921 0.02095901 0.006393373 0.03150963 0.01876616 0.006496429 0.03036475 0.01875978 0.008271813 0.02345305 0.01881331 0.01151049 0.02746284 0.01870959 0.01001405 0.02129393 0.01852017 0.01178461 0.02077287 0.01470035 0.01316326 0.01860129 0.01673924 0.01318615 0.01810181 0.01782494 0.01288908 0.01885843 0.01839739 0.01247686 0.02091044 0.01467663 0.01094394 0.02232462 0.01439148 0.0126093 0.02450525 0.01412767 0.01178717 0.03037649 0.01418006 0.008251965 0.002079844 0.01488471 0.009747445 0.002078831 0.01557779 0.01080334 0.01883471 0.01831823 0.01054912 0.01819932 0.01742184 0.01124113 0.002059102 0.01693671 0.01089018 0.002082228 0.01794332 0.01022475 0.002217292 0.01484996 0.005631625 0.002057015 0.01742988 0.004539608 0.002098977 0.0180391 0.00542587 0.002032041 0.01530814 0.004684388 0.002067148 0.01648724 0.004201591 0.01405078 0.0146681 0.004976451 0.01402169 0.01823258 0.004826486 0.01399856 0.01623243 0.003767192 0.01406031 0.01467478 -5.70857e-4 0.0141378 0.01744675 -0.001630902 0.01403534 0.01650375 -0.001694023 0.01405566 0.01825284 -6.23311e-4 0.02130341 0.01837074 -0.001052558 0.02090251 0.01670771 -0.002053022 0.03237938 0.01801544 -0.01310914 0.01406896 0.01535648 -0.001533508 0.02125626 0.01461243 -0.00115925 0.03230243 0.01879489 -0.01137381 0.03239083 0.01534307 -0.01328653 0.03232139 0.01421523 -0.01194304 0.03155195 0.01416099 0.006394147 0.02375233 0.01168429 0.01216423 0.03027343 0.01196354 0.008350431 0.0315513 0.01199018 0.006448447 0.0232557 0.01054501 0.01249843 0.02478879 0.007563889 0.01157814 0.03159314 0.007345557 0.006202042 0.03053265 0.007394671 0.008118808 0.02464079 0.00777626 0.009811699 0.02328836 0.01058256 0.01017284 0.02366763 0.0115872 0.00953567 0.01210224 0.008698105 0.00984019 0.01276856 0.007923483 0.009115934 0.009589493 0.01061093 0.009338259 0.009351491 0.01134473 0.008884608 0.01011532 0.01067638 0.009796082 0.01269513 0.007993161 -9.10965e-4 0.03230482 0.007437884 -0.01189786 0.03239071 0.008448839 -0.01324391 0.01203113 0.008908033 -0.001626491 0.02098011 0.008832395 -0.001855015 0.02127659 0.007775247 -0.001077651 0.01036822 0.01018249 -0.001560032 0.009473383 0.01130104 -7.60899e-4 0.009451329 0.01074391 -8.64728e-4 0.021434 0.01164573 -7.7599e-4 0.02100569 0.01080471 -0.001793861 0.03237497 0.01125091 -0.01305764 0.0322479 0.01194947 -0.01145899 0.02944052 0.02805447 -0.01419329 -0.02907979 -0.0359829 -0.01423656 -0.02927547 0.02809506 -0.0142498 0.03212684 0.02426648 -0.01439839 0.03153002 0.02645313 -0.01439869 -0.03213024 0.02419364 -0.01439839 -0.03185701 -0.03380423 -0.01439875 0.02971231 -0.03585463 -0.01439863 -0.0116856 0.02774786 0.003115952 -0.01094573 0.02784013 0.004847526 0.01153177 0.02842766 -0.01232683 -0.01156127 0.028427 -0.01229852 0.01146167 0.02783972 0.004594385 0.01040786 0.02798843 -0.01231163 0.0114932 0.02794319 -0.01117593 0.01145881 0.02742528 0.003336191 0.01040387 0.0273723 0.004485189 -0.01153355 0.02793389 -0.01098483 -0.01057755 0.02799159 -0.01226001 0.0098266 0.02261137 -0.01205503 0.01109957 0.0226162 -0.0111376 -0.01115202 0.02260863 -0.01093679 -0.0100463 0.02261739 -0.01201266 0.01003032 0.02264446 0.004243135 0.01115733 0.02262938 0.003173172 -0.01059114 0.02737504 0.004420816 -0.01118189 0.02262252 0.003096997 -0.01009988 0.02264451 0.004224538 0.008996486 0.02260881 -0.003370881 -0.02580237 0.02036482 -0.01439833 -0.02202773 0.02334892 -0.0143975 -0.02764815 0.01661658 -0.01439768 -0.02027338 0.02375882 -0.01439726 -0.02764815 -0.02447682 -0.01439768 -0.02550595 -0.02863651 -0.01439785 -0.02670192 -0.03274887 -0.01435315 -0.0211997 -0.03146535 -0.01439768 -0.02714169 -0.03398573 -0.0143342 -0.02831357 -0.03349071 -0.01435905 -0.0278055 -0.03225678 -0.01433193 -0.02780532 0.02614104 -0.01432919 -0.0267111 0.02564936 -0.01433271 -0.02714198 0.02441406 -0.01433277 -0.0283091 0.02491182 -0.01434773 0.02829867 0.0256505 -0.01435619 0.02785784 0.02441287 -0.01433551 0.02719426 0.02613776 -0.01432305 0.02669608 0.02491635 -0.01433259 0.02654832 0.01932674 -0.01439762 0.02308136 0.0227651 -0.01439875 0.01953405 0.02383142 -0.01439797 0.02773708 0.01584857 -0.01439756 0.02751469 -0.02523034 -0.01439768 0.0282973 -0.03274881 -0.01435315 0.02786135 -0.0339927 -0.01435071 0.0203759 -0.03160822 -0.01439762 0.02719366 -0.03225582 -0.0143336 0.02450418 -0.02960616 -0.01439779 0.02669137 -0.03348642 -0.01434469 -0.02835184 -0.03351652 -0.01038032 -0.026905 -0.0337699 -0.01039236 -0.02719247 -0.0322082 -0.01035505 -0.02750051 -0.03312975 -0.009917676 -0.02835184 0.02488273 -0.01038032 -0.02690494 0.02462929 -0.01039236 -0.02719247 0.02619099 -0.01035505 -0.02750051 0.02526944 -0.009917676 0.02664738 0.02488273 -0.01038032 0.02809429 0.02462929 -0.01039236 0.02780675 0.02619099 -0.01035505 0.02749872 0.02526944 -0.009917676 0.02664738 -0.03351646 -0.01038032 0.02809429 -0.0337699 -0.01039236 0.02780675 -0.0322082 -0.01035505 0.02749872 -0.03312975 -0.009917676 0.001191735 -0.02955579 0.01221632 0.005042731 -0.0290814 0.01251095 0.007110416 -0.02851229 0.01436942 0.008684694 -0.02801072 0.01317846 0.01278084 -0.02612948 0.01436841 -0.01279592 -0.02619135 0.01436233 -0.007601976 -0.02840465 0.01292872 -0.001981496 -0.02960103 0.01436948 -0.002748131 -0.02946192 0.01227468 0.01295357 0.01746892 0.01485186 -0.001964747 0.02102309 0.01482659 -0.009511709 0.01917701 0.01479756 -0.01461958 0.01623648 0.01480823 -0.0189957 0.01229459 0.01479363 -0.02233433 0.007146656 0.01481056 -0.02427226 0.0020805 0.01480865 -0.02493691 -0.003575086 0.01481282 -0.0244202 -0.009297788 0.01481044 -0.02135652 -0.01691031 0.01480299 -0.01640641 -0.02282232 0.014822 -0.01127153 -0.02616196 0.01480942 -0.00576812 -0.02824693 0.01479744 0.002307772 -0.0288338 0.01481735 0.009498059 -0.02704179 0.01479792 0.0145632 -0.02413541 0.01480925 0.01902931 -0.02011865 0.01479166 0.02296483 -0.01383525 0.01481258 0.02491748 -0.005884349 0.01480859 0.02455651 3.05308e-4 0.01481682 0.02310162 0.005593359 0.01479619 0.01886838 0.0124641 0.01480746 0.006521165 0.02021807 0.01481115 -0.02526253 -0.003939032 0.01538103 -0.02495807 4.34012e-6 0.01538908 -0.02403497 0.003849506 0.01538103 -0.0225197 0.007512629 0.01537543 -0.02046263 0.01089179 0.01539224 -0.01788347 0.0139122 0.01538288 -0.01486539 0.01649481 0.01538246 -0.01148456 0.01857078 0.01538455 -0.007851302 0.02008122 0.01538258 -0.003966867 0.02102005 0.01538765 -1.79859e-5 0.02133435 0.01538848 0.003914654 0.02102613 0.01538175 0.007787406 0.02010494 0.01539272 0.01145583 0.0185852 0.01538592 0.01482027 0.01652634 0.01538288 0.01784896 0.0139476 0.01538312 0.02042579 0.01093554 0.01538389 0.02249932 0.007555365 0.01538401 0.02402031 0.003893733 0.01538431 0.0249437 5.84619e-5 0.01538395 0.02494072 8.93765e-5 0.02050322 0.02402627 0.003881216 0.02050697 0.02250355 0.007549822 0.02050662 0.02043682 0.01092261 0.02051007 0.01786148 0.01393693 0.02051013 0.01480489 0.01653933 0.02050435 0.0114687 0.01858079 0.02051049 0.007790088 0.02010917 0.02050942 0.003895401 0.02103036 0.02050399 -2.75027e-6 0.0213378 0.02050793 -0.003953099 0.02102482 0.02050751 -0.007887244 0.02007186 0.02050197 -0.01147997 0.01857489 0.02050668 -0.0148679 0.01649463 0.02050614 -0.0178911 0.01390588 0.02050518 -0.02048021 0.01087701 0.02051067 -0.02251917 0.00750935 0.02050805 -0.02404743 0.003843963 0.02050071 -0.02496111 9.78154e-6 0.02050834 0.02526122 -0.003935158 0.02051216 -0.02381175 2.98914e-4 0.02136301 -0.02076143 0.008215487 0.02134954 -0.01627594 0.01382535 0.02134525 -0.008043706 0.01890355 0.02134126 0.003452837 0.020011 0.02134948 0.01275455 0.01648133 0.02135449 0.01916795 0.01093095 0.02136379 0.02344232 0.001498758 0.02135264 0.02399593 -0.005836427 0.02135074 -0.02525472 -0.00392276 0.02051645 0.02526074 -0.003916323 0.01538062 -0.02494591 -0.007915914 0.01538395 -0.02494508 -0.007944226 0.02050334 -0.02403211 -0.01173365 0.02050721 -0.02402317 -0.01175105 0.01538443 -0.0225138 -0.01540774 0.02050423 -0.0225048 -0.01541417 0.01538991 -0.02043867 -0.01878255 0.02051007 -0.02042758 -0.01879566 0.01538383 -0.01785081 -0.02180773 0.01538312 -0.01786333 -0.021797 0.02051013 -0.01480674 -0.0243991 0.02050429 -0.01482212 -0.02438634 0.0153827 -0.0114668 -0.02645331 0.02050644 -0.01145726 -0.02644544 0.01538562 -0.00778234 -0.02796846 0.01539027 -0.007781803 -0.02796459 0.02051341 -0.003940045 -0.02888584 0.0153923 -0.003947615 -0.02888882 0.0205087 5.58948e-6 -0.02920597 0.02050381 1.51886e-5 -0.02919441 0.01538795 0.003970146 -0.02888274 0.01538962 0.003956139 -0.02888047 0.02051097 0.007810235 -0.02795666 0.0205096 0.007823526 -0.02795082 0.01538383 0.01148587 -0.02643096 0.01538282 0.01147222 -0.02643936 0.02050948 0.01486086 -0.02437281 0.0205062 0.0148555 -0.0243625 0.01538848 0.01787453 -0.02178168 0.01538556 0.01786297 -0.02178359 0.02051413 0.02044636 -0.01876616 0.01538515 0.0204401 -0.01877754 0.02050971 0.02251219 -0.0153957 0.02050942 0.02251839 -0.01538109 0.0153836 0.02403193 -0.01171797 0.01538366 0.02402848 -0.01173281 0.02050948 0.02232491 -0.0129342 0.02134722 0.01844662 -0.01939642 0.02134728 0.01261776 -0.02442812 0.02134954 0.003918468 -0.02779978 0.02134805 -0.005269467 -0.02740329 0.02135157 -0.0121175 -0.02476775 0.02136462 -0.01916879 -0.01879268 0.02136385 -0.02344566 -0.009352922 0.02135276 0.02495312 -0.007879018 0.0205096 0.02495402 -0.007863759 0.01538419 -0.02251076 -0.002147853 0.02121859 0.00197649 -0.02653092 0.02124917 0.01738178 0.01065516 0.02120691 -0.01026242 0.01626873 0.02118289 0.01079088 -0.0238201 0.0211752 -0.001581132 0.01853352 0.02114981 0.02237594 -7.36304e-5 0.02118349 -0.01639938 0.01167851 0.02120673 -0.02090317 0.004727959 0.02119928 0.007702827 0.01748681 0.02120512 -0.02180308 -0.01000636 0.02122569 0.01819717 -0.0173127 0.02118664 -0.007639944 -0.02534621 0.02121686 0.02191752 -0.009622693 0.02124238 -0.01762342 -0.01815551 0.02122503 -0.01287597 -0.02233171 0.02104979 -0.01640635 0.01830065 -0.0100879 -0.02037876 0.02070754 -0.01010316 -0.01566678 0.02005988 -0.01007944 -0.01788496 0.01771217 -0.01012629 -0.01960492 0.01826649 -0.01014608 -0.01637417 0.02184313 -0.01011669 -0.01850599 0.02240198 -0.01010733 -0.01541393 0.02090483 -0.01449728 -0.01654142 0.01788753 -0.01449799 -0.01898223 0.01770043 -0.01449829 -0.02039051 0.01912569 -0.01449835 -0.02024471 0.02139705 -0.01449817 -0.0180006 0.02269273 -0.01449817 0.01100397 0.02116304 -0.01449745 0.009659409 0.02193123 -0.01449817 -0.009312331 0.02028632 -0.01449596 0.01560896 0.01912569 -0.01449835 0.009310662 0.02028638 -0.01449406 -0.009661138 0.02193123 -0.01449793 -0.01317572 0.02224451 -0.01449841 -0.01100564 0.02116304 -0.01449626 0.004331171 0.001775979 -0.01449841 -0.003294587 -0.03126168 -0.01449841 0.01701724 0.01770043 -0.01449829 0.01945805 0.01788753 -0.01449799 0.02496939 0.0206896 -0.01447063 0.01575475 0.02139705 -0.01449817 -0.02718251 -0.02413868 -0.01446038 -0.02456158 -0.02887302 -0.01444697 -0.02024471 -0.02660226 -0.01449823 -0.02039051 -0.02887362 -0.01449829 -0.02000719 -0.03113937 -0.01446735 -0.01541393 -0.02709448 -0.01449728 -0.0180006 -0.02530664 -0.01449811 -0.01898223 -0.03029894 -0.01449829 -0.01654142 -0.03011178 -0.01449799 0.01945805 -0.03011178 -0.01449805 0.01991868 -0.03116458 -0.01445555 0.02356702 -0.02955651 -0.0144611 0.01560896 -0.02887362 -0.01449829 0.02058434 -0.02780264 -0.01449823 0.01943928 -0.02578943 -0.01449823 0.01701724 -0.03029894 -0.01449829 0.01751071 -0.02542889 -0.01449835 0.01575475 -0.02660226 -0.01449817 0.02698725 -0.02527701 -0.01445662 0.0272367 0.01584482 -0.01444679 0.02058434 0.02019667 -0.01449823 0.01943928 0.02220988 -0.01449829 0.01985049 0.02332413 -0.01444143 0.01751071 0.02257043 -0.01449835 -0.02086991 0.02315658 -0.014467 -0.02553039 0.01985228 -0.0144633 -0.02724581 0.01586246 -0.01446354 -0.009242653 0.02076297 -0.01302289 -0.01031666 0.02028852 -0.01296609 -0.01069158 0.02156227 -0.01301509 -0.009544909 0.02174478 -0.01299989 0.01054918 0.02049291 -0.01299589 0.00959146 0.02035731 -0.01300203 0.009377002 0.02166098 -0.01297587 0.01071196 0.02153366 -0.01303189 0.01734507 0.01771163 -0.01010257 0.01564311 0.01961082 -0.01009517 0.01610177 0.02144074 -0.01010513 0.01749432 0.0223993 -0.01010203 0.01823109 -0.03026539 -0.0100916 0.01639461 -0.02973282 -0.01014608 0.01562076 -0.02729183 -0.0101031 0.01749444 -0.02560043 -0.01010125 0.01962232 -0.02615857 -0.01010936 0.02033394 -0.02798384 -0.0100761 0.01970696 -0.02961307 -0.01015418 -0.01776897 -0.03026407 -0.01008921 -0.01960492 -0.02973282 -0.01014608 -0.02035403 -0.02800649 -0.01011055 -0.01962888 -0.02615487 -0.01012104 -0.0175333 -0.02557951 -0.01013153 -0.01621007 -0.02641803 -0.01008272 -0.01566541 -0.0279839 -0.01007634 -0.0162943 -0.02961146 -0.01014876 0.01962709 0.0218445 -0.01012104 0.02035361 0.02005237 -0.0101208 0.01959472 0.01829349 -0.0100997 0.03224927 0.02510118 -0.01447308 0.03092509 0.02734565 -0.01450014 0.02873665 0.02833169 -0.01443582 0.02628558 0.02540081 -0.01439815 0.0273534 0.02396172 -0.01439672 0.03219234 0.02431696 -0.01439839 0.02734434 0.02650111 -0.01439803 0.02877449 0.02544432 -0.01439774 -0.03219032 0.025366 -0.01447588 -0.0299195 0.02810472 -0.01447296 -0.02765488 0.02650111 -0.01439809 -0.03219938 0.02409833 -0.01439839 -0.0287792 0.02491664 -0.0143972 -0.02622479 0.02544432 -0.01439714 -0.02719235 0.0240978 -0.01439815 -0.02871364 -0.03299838 -0.01439821 -0.032238 -0.03290712 -0.01444756 -0.02765494 -0.03189808 -0.01439815 -0.0289247 -0.0361728 -0.01444303 -0.03124952 -0.03489136 -0.01449352 -0.02622479 -0.03295487 -0.01439756 -0.02764588 -0.03443747 -0.0143972 0.02628558 -0.03299838 -0.01439821 0.02734434 -0.03189808 -0.01439815 0.0273534 -0.03443747 -0.01439708 0.02885997 -0.03618258 -0.01444333 0.02877449 -0.03295487 -0.01439768 0.03226274 -0.03272235 -0.01445263 0.0310617 -0.03514236 -0.01451283 -0.03189802 -0.03364247 -0.01800733 -0.02935659 -0.03593814 -0.01800912 -0.02953612 0.0280112 -0.01801007 -0.03189939 0.0257073 -0.01804554 -0.004617333 0.02793842 -0.01814836 0.02900892 -0.03596764 -0.01803189 -0.004617333 -0.03575283 -0.01814836 0.031816 0.02585679 -0.01808488 0.03021895 0.0279479 -0.01777029 0.02766656 0.02796578 -0.01818484 0.03186774 -0.003930151 -0.01814836 0.03146803 -0.03397852 -0.01815307 0.03191769 -0.03404015 -0.01776707 0.02832698 0.02632975 -0.01688051 0.02884799 0.02516013 -0.01687145 0.02770656 0.02383881 -0.01686495 0.02611196 0.02512526 -0.01687365 0.02687579 0.02651113 -0.01685851 -0.02729266 0.02383881 -0.01686495 -0.02888727 0.02512526 -0.01687365 -0.02812343 0.02651113 -0.01685851 -0.02667224 0.02632981 -0.01688051 -0.02615123 0.02516013 -0.01687145 0.02655345 -0.03417706 -0.016873 0.02641141 -0.0321961 -0.01686775 0.02822965 -0.03198421 -0.01687204 0.02885138 -0.03327137 -0.01687061 0.02810543 -0.03431153 -0.01687085 -0.0266723 -0.03206938 -0.01688051 -0.02615123 -0.03323906 -0.01687145 -0.02729266 -0.03456038 -0.01686495 -0.02888727 -0.03327393 -0.01687365 -0.02812343 -0.03188806 -0.01685851 0.02749752 0.02291548 -0.01694804 0.02947521 0.02402079 -0.0169481 0.02749693 0.0275582 -0.01694822 0.02951437 0.02660143 -0.01694762 0.02550524 0.02663379 -0.01694774 0.02553403 0.02400273 -0.0169481 0.02670192 0.02301007 -0.01805818 0.02514845 0.02458208 -0.01809275 0.02578806 0.02709996 -0.01803845 0.02890902 0.02727961 -0.01803439 0.029917 0.02470016 -0.01805406 0.02848863 0.02305591 -0.01803141 -0.0275017 0.02291548 -0.01694804 -0.02533632 0.02613317 -0.01694816 -0.02552402 0.02402079 -0.0169481 -0.02757489 0.02773183 -0.01694726 -0.02968198 0.0260275 -0.01694822 -0.02946519 0.02400273 -0.0169481 -0.02611052 0.02729874 -0.01803326 -0.02509123 0.02470093 -0.01803565 -0.02647531 0.02303969 -0.01808184 -0.02829736 0.02301007 -0.01805818 -0.02982401 0.02458006 -0.01804852 -0.0295425 0.02653878 -0.01807528 -0.02845442 0.0274567 -0.01804816 0.02749752 -0.03548371 -0.01694804 0.02947521 -0.03437834 -0.0169481 0.02749693 -0.03084099 -0.01694822 0.02951437 -0.03179776 -0.01694762 0.02550524 -0.0317654 -0.01694768 0.02553403 -0.0343964 -0.0169481 0.02888977 -0.03109937 -0.018036 0.02991306 -0.033131 -0.01808214 0.02951163 -0.03447258 -0.01804941 0.02808749 -0.03543716 -0.01803469 0.02649861 -0.0352779 -0.01805299 0.0251761 -0.03381919 -0.01804703 0.02545928 -0.03188097 -0.01805335 0.02654451 -0.03094768 -0.01803874 -0.02522748 -0.03281521 -0.01694822 -0.02908998 -0.03503972 -0.01694715 -0.02589708 -0.03490638 -0.0169478 -0.02624541 -0.03114253 -0.01694804 -0.02836686 -0.03098732 -0.01694816 -0.02968198 -0.03237169 -0.01694822 -0.02817493 -0.03552782 -0.01815468 -0.02983039 -0.0338186 -0.01805901 -0.02953994 -0.03188097 -0.01805335 -0.02779263 -0.03065055 -0.01803928 -0.02534788 -0.03198611 -0.01803803 -0.02526521 -0.03397315 -0.01803296 -0.02671295 -0.03541159 -0.01804643 -0.01749771 0.02140331 -0.01804864 -0.01664531 0.01979756 -0.01807969 -0.0283029 0.01519834 -0.01814836 0.01693642 0.0209043 -0.01803267 0.01933294 0.01980882 -0.01803332 0.01801806 0.01861041 -0.01807302 0.01849704 0.02139472 -0.0180273 0.01670217 0.01963382 -0.01808959 0.02494162 -0.002541482 -0.01802182 -0.0283029 -0.02305865 -0.01814836 0.001174092 -0.02448225 -0.01814836 -0.01578855 -0.005630135 -0.01802295 -0.01478785 -0.002861082 -0.01800853 -0.014373 -0.004157423 -0.01800906 -0.01604276 -0.002286374 -0.01799744 -0.01719254 -0.005043208 -0.01798897 -0.01755386 -0.003259658 -0.01798027 0.01982384 -0.01610499 -0.01814836 -0.01866716 -0.02911543 -0.0180974 0.01693463 -0.02709358 -0.01803696 0.01982384 -0.0300123 -0.01814836 0.01918292 -0.02729141 -0.01800924 0.01832652 -0.02658981 -0.01802819 0.019167 -0.02856802 -0.01803094 0.0167225 -0.02833753 -0.018031 0.01782584 -0.0293172 -0.01802903 0.02121508 -0.03570681 -0.01814836 0.02566516 -0.004076361 -0.01795929 0.02487295 -0.005380153 -0.0180726 0.02098667 -0.005273163 -0.01798307 0.02152293 -0.002394199 -0.01800733 0.02040505 -0.003437936 -0.01798975 -0.01895469 -0.02699524 -0.01803362 -0.01933664 -0.0280987 -0.01804155 -0.01790648 -0.02659213 -0.01803243 -0.01680672 -0.02728867 -0.0180332 -0.01703208 -0.02897077 -0.01804494 -0.01927798 0.01966041 -0.01803392 -0.01906394 0.02090501 -0.01803481 -0.01798135 0.01863229 -0.01802468 0.02093839 -0.002683758 -0.01634836 0.02074497 -0.005043268 -0.01634836 0.02526342 -0.002823829 -0.01634836 0.02505677 -0.005179166 -0.01634836 -0.01504474 -0.00517106 -0.01784402 -0.01555716 -0.002402842 -0.01634836 -0.01722377 -0.002932071 -0.01634836 -0.01746511 -0.004442632 -0.01634836 -0.01573479 -0.0056203 -0.01634836 -0.01442867 -0.003760099 -0.01634836 0.01734006 -0.02672493 -0.01314055 0.01674395 -0.02833968 -0.01314574 0.01819777 -0.02929204 -0.01314181 0.01934719 -0.02747088 -0.01312738 0.01799887 -0.02792984 -0.01239728 -0.01865941 -0.02672493 -0.01314055 -0.01925551 -0.02833968 -0.01314574 -0.01828569 -0.02918535 -0.01314812 -0.01681941 -0.02865034 -0.01313859 -0.01707297 -0.02701592 -0.01314592 -0.01800066 -0.02792984 -0.01239728 0.01819783 0.01870733 -0.01314181 0.01934719 0.02052849 -0.01312738 0.01734006 0.02127444 -0.01314055 0.01674395 0.01965969 -0.01314574 0.01799887 0.02006953 -0.01239728 -0.01865941 0.02127444 -0.01314055 -0.01925551 0.01965969 -0.01314574 -0.0178017 0.01870733 -0.01314181 -0.01665234 0.02052849 -0.01312738 -0.01800066 0.02006953 -0.01239728 0.01763689 0.01020038 -0.0168122 0.008376538 0.01014572 -0.01681298 0.01886218 0.009297907 -0.01681756 0.0186361 0.009900391 -0.01634913 0.01783782 0.003491103 -0.01681059 0.01893627 0.004659116 -0.01683068 0.01862841 0.003786504 -0.01634716 0.007346093 0.009073674 -0.01681792 0.007297635 0.004885137 -0.01683068 0.008072078 0.00359857 -0.01680046 0.007601439 0.003784596 -0.01634913 0.007623314 0.009878516 -0.01634907 0.02462434 -0.02395814 -0.009440302 0.02461516 -0.02380102 -0.009454131 0.02452957 -0.02394372 -0.009371876 0.02462434 0.01359134 -0.009440302 0.02461516 0.0137484 -0.009454131 0.02452957 0.01360577 -0.009371876 -0.02462983 -0.02393293 -0.009431004 -0.02461457 -0.02378517 -0.009451091 -0.0245949 -0.02411741 -0.009426891 -0.02462983 0.0136165 -0.009431004 -0.02461457 0.01376426 -0.009451091 -0.0245949 0.01343202 -0.009426891 0.01311337 -0.001853406 0.02105033 0.01225352 0.001145839 0.02105033 0.01054614 0.004162907 0.02105033 0.008073806 0.006592869 0.02105033 0.006015837 0.007878899 0.02105033 0.003766059 0.008787751 0.02105033 6.93693e-4 0.009329259 0.02105033 -0.002417862 0.009111762 0.02105033 -0.005076169 0.008324444 0.02105033 -0.007219016 0.00718522 0.02105033 -0.00913155 0.005690872 0.02105033 -0.0109322 0.003582537 0.02105033 -0.01225519 0.001145839 0.02105033 -0.01311498 -0.001853048 0.02105033 -0.01320576 -0.005317687 0.02105033 -0.01250422 -0.008357465 0.02105033 -0.01095694 -0.01146012 0.02105033 -0.00835663 -0.0142489 0.02105033 -0.006017982 -0.01573902 0.02105033 -0.003768265 -0.01664793 0.02105033 -3.49134e-4 -0.01721978 0.02105033 0.00275433 -0.0168941 0.02105033 0.005399525 -0.01605993 0.02105033 0.007789313 -0.01465249 0.02105033 0.009620904 -0.01306015 0.02105033 0.01130872 -0.01086038 0.02105033 0.01250249 -0.008357465 0.02105033 0.01320403 -0.005318045 0.02105033</float_array>
          <technique_common>
            <accessor source="#shape0-mesh-positions-array" count="1966" stride="3">
              <param name="X" type="float"/>
              <param name="Y" type="float"/>
              <param name="Z" type="float"/>
            </accessor>
          </technique_common>
        </source>
        <source id="shape0-mesh-normals">
          <float_array id="shape0-mesh-normals-array" count="15717">0 0 1 3.21277e-6 0 1 8.25096e-6 0 1 -1.1413e-5 0 1 5.09679e-6 0 1 2.56405e-6 0 1 1.3761e-5 0 1 -1.22429e-6 0 1 -9.6934e-6 0 1 2.80859e-6 0 1 -2.00978e-6 0 1 0.843471 0.5328345 0.06814849 0.8910951 -0.4421907 0.1020641 0.99254 0.0314337 -0.1177982 0.9925329 0.03143662 -0.1178575 0.9925451 0.03142791 -0.1177564 0.04442352 0.9938749 -0.1011906 -0.1296815 -0.9912023 -0.02647274 -0.8827011 -0.4680928 0.04156887 -0.9255648 0.3725072 0.06758821 -0.1357492 0.9906392 0.01436299 -0.992549 -0.0308327 -0.1178811 -0.04414165 -0.9957098 -0.08132487 -0.04414093 -0.9957116 -0.0813024 -0.0441417 -0.9957132 -0.0812816 -1.66255e-6 0 1 -1.00707e-5 0 1 3.92856e-6 0 1 -3.21281e-6 0 1 -1.1413e-5 0 1 -5.09679e-6 0 1 -2.67119e-6 0 1 -1.22424e-6 0 1 1.44821e-5 0 1 -2.00984e-6 0 1 0.8434711 0.5328345 0.06814718 0.8910961 -0.4421887 0.102064 0.992551 0.03085964 -0.1178568 0.04442501 0.9938746 -0.1011925 -0.129678 -0.9912028 -0.02647268 -0.8827017 -0.468092 0.04156714 -0.9255649 0.3725072 0.06758815 -0.9253852 0.3729515 0.06759762 -0.1357506 0.990639 0.01436287 -0.9925489 -0.03083372 -0.1178815 -0.04447466 -0.9956966 -0.08130359 -0.04414016 -0.9957133 -0.08128279 3.2128e-6 0 1 6.09719e-6 0 1 5.09668e-6 0 1 -1.79023e-6 0 1 -1.83643e-6 0 1 2.80856e-6 0 1 2.91766e-6 0 1 -1.00486e-6 0 1 0.843469 0.5328373 0.06815004 0.8910948 -0.4421909 0.1020652 0.9925401 0.03143274 -0.1177974 0.992533 0.0314356 -0.1178568 0.9925452 0.0314269 -0.1177557 0.04442423 0.9938745 -0.1011927 -0.1296807 -0.9912024 -0.02647137 -0.8827025 -0.4680903 0.0415675 -0.9255639 0.3725098 0.06758743 -0.1357515 0.9906388 0.01436436 -0.9925489 -0.0308327 -0.1178824 -0.04414004 -0.9957096 -0.08132708 -0.04413938 -0.9957115 -0.0813046 -0.0441401 -0.9957132 -0.0812838 -1.66253e-6 0 1 -3.21282e-6 0 1 5.09666e-6 0 1 2.67118e-6 0 1 -1.44831e-5 0 1 2.8087e-6 0 1 0.8434696 0.5328365 0.06814956 0.8910957 -0.4421892 0.1020652 0.9925511 0.0308597 -0.117856 0.04442566 0.9938744 -0.1011934 -0.1296784 -0.9912028 -0.02647131 -0.8827017 -0.4680917 0.04156774 -0.9255647 0.3725078 0.06758725 -0.925385 0.3729521 0.06759679 -0.135751 0.990639 0.01436293 -0.9925489 -0.0308327 -0.1178824 -0.04447394 -0.9956966 -0.08130365 -0.04413944 -0.9957133 -0.08128285 -0.6219378 -0.7802561 -0.0662859 -0.6701493 -0.7418183 0.02460926 0.174372 -0.7426053 0.6466312 0.612291 -0.7698947 0.1798939 -0.4096386 -0.45161 0.7926189 0.3752196 -0.469384 0.7993052 0.6732925 0.7380506 -0.04425597 0.4766213 0.8225787 0.3101555 0.4137126 0.4509394 0.7908829 0.4136096 0.4508407 0.790993 0.4136232 0.4508602 0.7909747 -0.3749825 0.4692845 0.7994749 -0.7100656 0.6476328 -0.2763669 -0.6217783 0.7828931 -0.02168488 0.01271408 -0.02124387 0.9996935 0.004581868 -0.005721032 0.9999732 -0.006324052 2.51354e-7 0.9999801 0.002026438 -0.001113235 0.9999973 0.02453768 0.01424455 0.9995974 -0.006228804 -5.06002e-4 0.9999806 -0.001817762 -0.007244586 0.9999722 0.001619696 0.005369782 0.9999843 0.002634048 -0.00184679 0.9999948 -0.2790202 -0.959644 -0.03509086 -0.9692983 -0.2410432 0.0485695 -0.8212646 0.5702669 0.01789337 -0.8053815 0.5894091 0.06291085 -0.8053814 0.5894091 0.06291157 -0.8053805 0.5894279 0.06274801 -0.9683086 -0.2439474 0.05355542 -0.9683164 -0.2438666 0.05378097 -0.9683212 -0.243842 0.05380719 -0.2873771 -0.9576491 -0.01796203 0.09546333 0.9926505 -0.0743767 0.8510627 0.5235771 0.03948909 0.8510613 0.5235776 0.03951537 0.8510496 0.5235902 0.03959566 0.9870832 -0.1594751 -0.01531845 0.5517373 -0.8335147 0.02897173 0.5225777 -0.8519825 -0.03222566 0.9791637 -0.1982927 0.04379928 0.8444908 0.5353224 0.01628988 0.8445504 0.5352382 0.01596343 0.8444725 0.53535 0.0163331 0.05464631 0.9984422 0.01126152 -0.06459438 0.03888225 -0.9971538 -0.06717097 0.0449416 -0.9967288 -0.005889713 -0.02739721 -0.9996073 0.01052469 0.09423875 -0.995494 0.03331637 -0.2915246 -0.9559831 -0.08300411 -0.01598232 -0.996421 -0.2268817 0.0285173 -0.9735048 0.1190701 0.06756228 -0.9905845 0.01641893 0.07983189 -0.9966731 0.1233071 -0.01295781 -0.9922839 0.02561885 -0.06306797 -0.9976804 0.02489006 -0.03519463 -0.9990706 0.3119897 -0.5025601 -0.8062852 0.3188388 0.5903626 0.7414944 0.9595485 -0.2716757 0.07388579 -0.2349813 -0.9423183 -0.2383695 -0.2353902 -0.9421661 -0.238568 0.4372133 0.1792223 -0.8813195 0.4373075 0.1791011 -0.8812974 0.4373893 0.1792219 -0.8812322 0.4470879 0.2140321 -0.868506 0.4472022 0.214129 -0.8684233 0.4468761 0.214045 -0.8686119 -0.4212965 -0.834039 -0.3562137 -0.421314 -0.8339892 -0.3563098 -0.4215214 -0.8339276 -0.3562085 -0.8227091 -0.4360703 0.3646814 -0.8228946 -0.4358144 0.3645687 -0.8726005 0.1532112 -0.463783 -0.8727878 0.153228 -0.4634251 -0.8725594 0.1531716 -0.4638734 -0.7772091 0.5416113 0.3203176 -0.7770112 0.5417616 0.3205431 -0.2047457 0.7457334 -0.6340038 0.1850398 0.2749644 0.9434802 0.6595885 0.2556125 0.7068277 0.6594451 0.2559149 0.706852 0.5401304 -0.8097103 -0.229409 -0.03555423 -0.7855533 0.6177718 -0.0356338 -0.7856768 0.6176102 -0.03558892 -0.785628 0.6176748 -0.01519274 0.9409074 0.3383231 0.5661765 -0.4828056 0.6680891 -0.6434542 -0.5358164 -0.5466879 -0.6366456 0.3989162 -0.6599608 0.5110746 0.8170539 -0.2668816 0.5111393 0.8168702 -0.2673196 0.5112859 0.8169265 -0.2668667 -0.8460869 -0.4066792 0.3446002 -0.8462262 -0.4069333 0.3439576 -0.8461493 -0.4063713 0.3448099 0.9066633 -0.02716243 0.4209796 0.9066685 -0.02684772 0.4209889 0.9067638 -0.02653616 0.4208033 0.1116449 -0.2667474 -0.9572781 0.1117296 -0.2668113 -0.9572504 0.1116959 -0.2667821 -0.9572624 -0.276591 -0.9560498 -0.0972948 0.5980109 0.09723132 -0.7955684 0.4175388 -0.4932038 -0.7631588 -0.006009399 -0.319261 -0.9476478 -0.005874037 -0.3193974 -0.9476026 -0.005945026 -0.319312 -0.9476311 -0.3883002 -0.7524126 -0.5320698 -0.5137319 0.1285018 -0.8482729 -0.5136413 0.1285132 -0.848326 -0.5137352 0.128501 -0.8482711 -0.2099709 0.2054978 -0.9558677 0.3713933 0.1099185 -0.9219464 0.3714218 0.1099251 -0.9219341 0.3712394 0.1099179 -0.9220084 0.04408431 0.7261982 -0.6860706 -0.07071697 0.3648712 -0.9283686 -0.07070857 0.3648697 -0.9283698 -0.07068151 0.3648661 -0.9283733 -0.301969 -0.08920437 -0.9491351 0.2426762 0.1537615 -0.9578443 -0.166629 -0.2212852 -0.9608682 -0.1664916 -0.2210899 -0.960937 -0.1665758 -0.221044 -0.9609329 0.6592062 -0.6227518 0.4214588 0.3161205 -0.1074355 -0.9426163 0.3159343 -0.107713 -0.942647 -0.06083077 -0.2906404 -0.9548968 -0.3501322 0.1126489 -0.929902 0.134472 0.3877432 -0.9119061 0.1344429 0.3876232 -0.9119613 0.1344796 0.3878193 -0.9118726 -0.2032937 0.2364372 -0.9501416 -0.2029703 0.2361816 -0.9502744 -0.2029446 0.2361595 -0.9502853 -0.2102968 0.7589155 -0.6162976 -0.2102442 0.7587154 -0.6165618 -0.2099689 0.7589615 -0.6163526 -0.8728752 0.2809694 -0.39893 -0.8727108 0.2810744 -0.3992159 -0.8728373 0.2810121 -0.3989828 -0.1973146 0.9799997 -0.02584171 -0.1973803 0.9799721 -0.02637732 -0.1974158 0.9799791 -0.02584755 0.1473274 -0.3309679 0.9320703 0.1472303 -0.3309047 0.9321081 0.1471006 -0.3307666 0.9321776 0.1585601 -0.2314029 0.9598497 -0.3703721 0.05296111 0.9273725 -0.3783413 0.05254006 0.924174 -0.2533886 -0.9495038 0.1850314 0.9894776 -0.06842476 -0.1274842 0.2350078 0.2516682 0.9388475 0.2349374 0.2517154 0.9388524 0.2347571 0.2517743 0.9388818 -0.2069835 0.880737 0.4259814 -0.2070239 0.8804794 0.4264942 -0.2653848 0.3741961 0.8885653 -0.8181486 -0.3981403 0.4148699 -0.28654 -0.3167097 0.9042068 0.4792585 -0.4779915 0.7360948 0.6373271 -0.5933153 0.4917227 0.360088 0.6217889 0.6954964 -0.4606779 0.1958155 0.8656976 -0.4691885 0.1983141 0.8605427 -0.4694044 0.1982384 0.8604425 -0.4693432 0.1985268 0.8604093 -0.5556039 -0.5596948 0.6148547 -0.5555868 -0.5595929 0.6149628 -0.5556658 -0.5593521 0.6151103 0.02755254 -0.2925083 0.9558661 0.0275532 -0.2924993 0.9558687 0.02764844 -0.2925742 0.9558431 0.5541126 -0.7425807 0.3762089 0.3839059 0.07884317 0.9200001 0.606986 0.2596891 0.7510856 -0.02895861 0.4716504 0.88131 -0.07320976 0.5948631 0.8004863 -0.07340002 0.5947442 0.8005572 -0.07365179 0.5934084 0.8015248 -0.6619995 0.02996134 0.7489053 -0.4614611 -0.065041 0.8847731 -0.4616394 -0.06530213 0.8846608 -0.4614456 -0.06505554 0.8847801 0.01827186 -0.6789754 0.7339336 0.2913871 0.5715597 0.7670809 0.2912681 0.5713402 0.7672897 0.2913134 0.571325 0.7672838 0.455062 0.7508919 0.478623 0.4549202 0.7508765 0.4787819 0.4553859 0.750954 0.4782173 -0.7822929 -0.4297766 0.450899 -0.1701207 0.9530951 -0.2503374 0.4480453 0.09343606 -0.8891148 0.1327494 -0.9357998 -0.3265829 -0.9750709 0.06668305 -0.2116373 -0.9750074 0.06679028 -0.2118957 -0.9749714 0.06649094 -0.2121548 0.06144636 0.8184415 -0.5712949 0.7705471 -0.1087207 -0.6280422 0.7706314 -0.1084721 -0.6279818 0.770546 -0.108341 -0.6281093 0.4842984 0.1118634 -0.8677222 0.4499478 -0.7020664 -0.551951 0.2818725 0.1079461 -0.9533601 0.2818409 0.1084223 -0.9533154 0.00436151 0.9189732 -0.3942962 -0.3102161 0.0946021 -0.9459475 -0.6155419 0.2365878 -0.7517543 -0.05071395 -0.6001545 -0.7982749 -0.07121556 0.3736616 -0.9248272 -0.3329349 -0.0747348 -0.9399837 -0.3329225 -0.07462686 -0.9399966 -0.3327764 -0.07469207 -0.9400431 0.1476809 -0.5038203 -0.8510909 0.1479063 -0.5039452 -0.8509778 0.1476063 -0.5038096 -0.8511102 -0.1336855 0.259046 -0.9565686 -0.1987966 -0.2433236 -0.9493544 0.7155438 -0.6933477 -0.08524161 0.2807126 -0.09962761 -0.9546071 0.3384 0.01463222 -0.9408887 0.3383817 0.01451432 -0.940897 0.3384608 0.01455909 -0.9408679 -0.07119619 -0.546863 -0.8341894 -0.07121878 -0.5466399 -0.8343337 -0.07120424 -0.5464226 -0.8344773 0.6507463 0.08358865 -0.7546802 0.6502022 0.08313775 -0.7551989 0.6506855 0.08355647 -0.7547361 -0.002098202 -0.2984446 0.9544247 -0.2773319 0.1283317 0.952165 -0.2773303 0.1283199 0.952167 -0.2772781 0.1285623 0.9521495 0.2685021 0.2086998 0.9403994 0.1076429 -0.5518845 0.826944 0.1078849 -0.5513455 0.8272721 0.1078267 -0.5516343 0.8270871 -0.6341516 0.07418292 0.7696419 -0.6339408 0.07444965 0.7697898 -0.6335762 0.07454288 0.7700809 -0.4268621 -0.03101325 0.9037849 0.9453536 -0.0583406 0.3207851 0.9451979 -0.05858784 0.3211986 0.9454366 -0.05834627 0.3205391 0.02130454 0.9951445 0.09609198 0.02136206 0.9951422 0.09610283 0.02105128 0.9950737 0.09687733 0.1641886 -0.7145549 0.6800394 -0.1916055 0.7587572 0.6225552 -0.7786419 -0.4293054 0.4576174 -0.7787345 -0.4292877 0.4574764 -0.7783173 -0.4293799 0.4580997 -0.5183104 -0.3933964 0.7593377 0.2789957 -0.381001 0.8814759 0.7150111 -0.6665319 0.210937 0.714974 -0.6666119 0.2108098 0.7151601 -0.6661015 0.2117896 0.2913054 0.225257 0.9297314 0.5361567 0.7955483 -0.2822037 0.5362229 0.7954971 -0.2822223 0.5361077 0.795903 -0.281295 -0.7283018 0.1059082 -0.6770229 -0.7288532 0.1061277 -0.6763948 -0.7281037 0.1056867 -0.6772706 0.2916141 0.06002473 0.9546508 0.6707133 0.6419715 -0.3715056 0.6709234 0.6420006 -0.3710757 0.6706207 0.6421117 -0.3714305 0.4050803 -0.8290032 -0.3855694 0.4057351 -0.8291048 -0.3846613 0.4052957 -0.8289794 -0.3853939 0.5673965 0.1716036 0.8053655 0.1256843 0.2240434 0.9664409 -0.2390918 0.3412715 0.9090484 0.3167309 0.6236325 -0.7146777 0.3171585 0.6237183 -0.7144131 0.3169687 0.6235795 -0.7146185 -0.2949512 -0.3686076 -0.8815511 -0.4026847 -0.4451113 -0.7998256 -0.4027418 -0.445029 -0.7998427 -0.4027977 -0.4452064 -0.7997158 -0.5420781 0.2702594 -0.7956829 -0.5417225 0.2699039 -0.7960457 -0.5420985 0.2701945 -0.795691 0.27855 0.8180315 -0.5032241 0.7822488 -0.02876543 -0.6223018 0.7823554 -0.02855813 -0.6221771 0.7810315 -0.02936279 -0.6238011 0.689722 0.6708001 -0.2726001 0.6895699 0.6707337 -0.2731478 0.689902 0.6706691 -0.2724668 0.4184274 0.1428981 -0.8969386 0.5811827 -0.6715189 0.4596621 0.301406 -0.6737442 -0.6747024 -0.03245371 0.3155477 -0.9483547 -0.3022387 -0.0846185 -0.949469 -0.303039 -0.08486497 -0.9491919 -0.3023189 -0.08462154 -0.9494433 -0.4652776 -0.6213925 -0.6303874 0.1129545 -0.8447118 -0.5231667 0.1473559 -0.3631405 -0.9200083 0.3009904 0.1353279 -0.9439764 0.3009541 0.1353522 -0.9439843 0.3009783 0.1353368 -0.9439789 -0.2335387 0.2568646 -0.9378061 0.392302 -0.4196292 -0.8185417 0.4549573 -0.5174108 -0.7247758 -0.9873055 0.1469982 -0.06016218 -0.3130846 -0.00357604 -0.9497185 -0.3129259 -0.003376066 -0.9497716 -0.3129026 -0.003572106 -0.9497785 -0.5993281 -0.1422873 -0.7877565 -0.008204936 0.2656769 -0.9640272 -0.008557975 0.2653634 -0.9641105 -0.008495926 0.265309 -0.9641261 -0.7122786 6.12132e-4 0.7018967 -0.8051327 0.5748349 -0.146035 -0.8052375 0.5746542 -0.1461684 -0.8051171 0.5748984 -0.1458708 0.2833225 0.4019725 -0.8707161 0.2838168 0.4020242 -0.8705313 0.2838121 0.4021119 -0.8704922 -0.07205861 -0.3447439 0.935927 -0.07183593 -0.3451474 0.9357953 -0.07173347 -0.3450818 0.9358274 0.2683871 0.3361544 0.9027561 0.2681857 0.3361867 0.9028039 0.2683131 0.3361096 0.9027948 -0.2376944 -0.2796809 0.9302043 -0.2377688 -0.2798121 0.9301459 -0.2376356 -0.2794727 0.9302819 -0.2290319 0.2456215 0.9419207 -0.2753934 -0.3397768 0.8992832 -0.2755992 -0.3398588 0.8991892 -0.2756109 -0.3399884 0.8991366 0.2010967 -0.2455139 0.9483054 0.201074 -0.2454996 0.9483139 0.2010262 -0.2456381 0.9482882 0.7909248 0.05363762 0.609558 0.7910115 0.05364918 0.6094446 0.7907284 0.05372613 0.609805 0.2745014 0.2637168 0.9247175 0.1992133 0.7824176 0.5900312 0.1992198 0.7821107 0.5904358 0.1993137 0.7823977 0.5900238 -0.2021877 0.244271 0.9483944 0.5600351 -0.6382471 0.5282059 0.4657191 -0.3851332 0.7967298 0.4785166 0.8724273 -0.09946042 0.4783447 0.872546 -0.09924769 0.4784072 0.8724829 -0.09950053 -0.3923724 0.1384717 0.9093238 -0.987638 0.1380664 0.0742222 0.2776612 -0.708647 -0.6486322 0.377254 -0.1953021 0.9052826 0.2876938 0.8620279 0.4173012 0.2356143 0.6583248 0.7149086 0.2354159 0.6581853 0.7151026 0.2355583 0.6586073 0.7146669 -0.7966157 -0.07567691 0.5997303 -0.7965496 -0.07537311 0.5998564 -0.2415023 -0.1956477 0.9504728 -0.2415835 -0.1955421 0.9504739 -0.2415527 -0.1955924 0.9504714 0.06477671 -0.9000908 0.4308604 -0.3106373 -0.4985112 0.8093152 -0.866759 0.317534 0.3845791 -0.8671585 0.3175411 0.3836715 -0.8670967 0.3175179 0.3838307 -0.7407258 0.4788863 0.4711616 -0.7406197 0.4786505 0.4715677 -0.7406616 0.4789288 0.4712194 0.3908711 -0.9030552 0.1780765 -0.7713139 0.110419 0.6268033 -0.7712787 0.1102688 0.6268732 -0.7719118 0.1108259 0.625995 -0.1603587 0.3117358 -0.9365394 -0.1606948 0.3118853 -0.936432 -0.1605272 0.3118529 -0.9364715 0.3702659 0.4434927 -0.8162214 0.5117828 -0.5201815 -0.6837322 -0.8357952 -0.527603 0.1519265 -0.2404072 0.2368189 -0.9413402 -0.9988283 -0.04668271 0.01276552 -0.9988248 -0.04674148 0.01282054 -0.998846 -0.04647922 0.01210653 0.2191018 0.6273445 0.747284 0.4591465 -0.7447666 -0.4842594 0.4583892 -0.7452662 -0.4842083 0.4587312 -0.7450699 -0.4841865 0.3710107 -0.7098785 0.5986849 0.2951659 0.05885928 -0.9536314 -0.09642517 0.2710714 -0.9577173 -0.09596627 0.27121 -0.9577243 -0.3209819 -0.1652532 -0.9325568 0.004453301 -0.8687639 -0.4952065 0.1452826 -0.2769332 -0.9498426 0.1452028 -0.2771407 -0.9497944 0.1450868 -0.2772598 -0.9497773 0.224144 0.1811453 -0.957573 -0.3394206 0.9383171 -0.06598943 -0.2687692 -0.3027882 -0.9143755 0.4943099 -0.513089 -0.7017105 0.5059614 0.5703619 -0.647063 -0.3197204 -0.1556745 -0.934636 -0.3194702 -0.1558107 -0.9346989 -0.3198885 -0.1559352 -0.9345349 0.960282 0.1225117 0.2506983 0.9601755 0.1223518 0.2511833 0.9601421 0.1225662 0.2512065 0.2518869 0.2413002 0.9371912 0.2517559 0.2412753 0.9372327 0.2518684 0.2412951 0.9371974 0.264448 -0.2042094 0.9425317 0.2643153 -0.2043904 0.9425296 0.2643695 -0.2042952 0.9425351 0.9415694 0.1237555 0.3132599 0.9415171 0.1240859 0.3132864 0.9415396 0.123757 0.313349 -0.3389457 0.8444741 0.4147039 -0.2966573 0.2221207 0.9287933 -0.781727 -0.5092657 0.3599326 -0.7818027 -0.5092815 0.3597459 -0.7815475 -0.5094219 0.3601013 -0.2363083 -0.3586712 0.9030578 0.4893554 -0.3866289 0.7816966 0.4889528 -0.3868454 0.7818413 0.5442571 -0.4199056 0.7262669 0.5441402 -0.4199124 0.7263506 0.5441482 -0.4195559 0.7265505 0.3465425 0.5977509 0.7229123 0.3466531 0.5978305 0.7227935 0.346423 0.5975848 0.7231068 0.1737514 0.4600272 0.8707385 -0.577453 0.2192401 0.7864363 -0.5774058 0.2194018 0.7864257 -0.5773965 0.2195317 0.7863963 -0.8680268 0.1974141 -0.4555845 -0.8683363 0.1972352 -0.4550718 -0.8680918 0.1973143 -0.4555038 -0.07854968 -0.3288462 0.9411111 0.3022967 -0.8328118 -0.4637254 0.4003188 -0.2225115 0.8889509 0.1659527 0.3735036 0.9126636 0.1660158 0.3737727 0.9125419 0.1664227 0.373521 0.9125708 -0.7156724 0.6651906 0.2129195 -0.7154578 0.6653771 0.2130573 -0.7157735 0.6651362 0.2127487 0.6069898 0.5395714 0.5834605 0.6062694 0.540163 0.5836621 0.6067137 0.5399936 0.5833571 -0.1147915 0.02400332 -0.9930996 0.06236994 -0.004802644 -0.9980416 0.7928565 0.5807552 0.1846678 0.9058216 0.3380027 -0.2554244 -0.3996599 0.9156244 -0.04363512 -0.4045273 0.9138153 -0.03604799 -0.2432301 0.5504585 0.7986456 0.4877169 0.3603063 0.7951803 -0.8285048 -0.5359764 0.1622014 -0.9184868 -0.3310288 -0.216338 -0.5150806 -0.3312783 0.7905358 0.257458 -0.5495018 0.7948353 0.4060134 -0.9128813 -0.0424382 0.4061548 -0.9128103 -0.04260903 0.4061554 -0.9128165 -0.04247206 0.4251347 -0.9050631 -0.01100826 -0.003058373 -0.004282474 0.9999862 -0.00924462 0.001351058 0.9999564 6.48375e-4 0.006522595 0.9999786 -0.003082215 -0.004519522 0.999985 -0.00630176 -0.002655029 0.9999767 0.004444122 0.005820393 0.9999732 -0.008813202 2.16346e-4 0.9999612 -0.003523945 -3.7951e-5 0.9999939 -0.003238081 -0.004283487 0.9999856 0.009728133 7.81115e-4 0.9999524 0.005648732 -0.009568393 0.9999384 0.533187 0.8191592 -0.2114002 0.9815043 -0.1628199 -0.1006925 0.3829749 -0.9012311 -0.2027626 0.3830513 -0.9011228 -0.2030996 0.3830401 -0.9011319 -0.2030803 -0.3209253 -0.9019534 0.2889415 -0.3208917 -0.9020204 0.2887696 -0.3209303 -0.9019488 0.2889504 0.5669117 -0.8189434 0.0891239 0.9824402 -0.1603221 -0.09543645 0.737025 0.6532414 0.1734068 0.7370808 0.6532244 0.1732333 0.7368581 0.6534755 0.1732338 -0.6257175 -0.7002606 -0.3436754 -0.6257376 -0.7003156 -0.3435267 -0.6256542 -0.7003625 -0.3435829 -0.9573637 0.2096146 -0.1987877 -0.3207996 0.9240007 -0.2081118 -0.32084 0.9239282 -0.2083709 -0.3208198 0.9239482 -0.2083137 0.03857696 0.9846542 0.1702002 -0.7109826 0.6713293 0.2093345 -0.9809407 -0.0642035 0.183394 0.03332561 -0.08709067 -0.9956428 0.036632 -0.04710644 -0.998218 -0.02902424 0.1092394 -0.9935917 0.04974472 0.09246128 -0.9944729 0.04259669 0.03470629 -0.9984894 -0.05587917 -0.06914573 -0.9960404 -0.05494105 -0.06583201 -0.996317 0.1055832 -0.0199142 -0.9942111 -0.03821277 0.06402671 -0.9972164 -0.1359033 0.02845865 -0.9903134 -0.5353909 -0.3855276 0.751482 -0.6774212 0.7267186 0.113933 0.5126857 0.4815289 0.7108328 0.02083307 -0.7324432 -0.6805095 0.5387805 -0.6061075 0.5851063 -0.7565562 -0.1981216 -0.623194 -0.7566262 -0.1979984 -0.6231482 -0.7565949 -0.198046 -0.623171 0.08148527 0.5160555 -0.8526704 0.08144521 0.5159041 -0.8527659 0.08156245 0.5159397 -0.8527333 -0.5516265 0.08433353 -0.8298169 0.7250741 -0.1314932 -0.6760008 0.7246154 -0.1310898 -0.6765708 0.7247367 -0.1313236 -0.6763955 -0.08127957 -0.8505274 0.5196121 -0.08143717 -0.8510625 0.5187105 -0.08134305 -0.8511897 0.5185166 0.006069719 0.2777366 0.9606382 -0.4681869 0.8094585 0.3543699 -0.524693 -0.06111526 0.849095 -0.5245605 -0.06104707 0.8491818 -0.524594 -0.06118458 0.8491512 -0.4815382 -0.04656511 0.8751872 0.9035849 -0.3485771 -0.2490547 -0.4722141 -0.8688105 -0.1489371 -0.6613505 0.6701896 0.3368405 0.0520299 0.304278 -0.9511613 0.7085042 0.5149549 -0.4825384 -0.7475177 -0.6539055 0.1167257 -0.2098687 0.7845715 0.5834406 -0.2099651 0.7845284 0.5834637 -0.2097535 0.7850546 0.5828318 0.9411344 -0.06324195 -0.332064 0.9411671 -0.06290924 -0.332035 0.9412462 -0.06312787 -0.3317689 -0.3347361 -0.07444727 -0.9393665 -0.7644647 0.08537662 -0.6389871 -0.1745439 0.4840097 -0.8574783 0.4742306 0.5674197 -0.673157 0.4742316 0.5673655 -0.6732019 0.4743566 0.5673027 -0.6731668 0.482412 0.1217412 -0.8674432 0.9107313 -0.1834013 -0.3700438 0.9105083 -0.1834597 -0.3705634 0.9106854 -0.183459 -0.3701284 -0.02770411 -0.3983863 -0.9167993 -0.02863645 -0.403596 -0.9144891 -0.02867859 -0.403851 -0.9143751 -0.02883934 -0.4040205 -0.9142953 -0.1067262 0.4366114 -0.8932973 0.06283271 -0.3726385 -0.9258471 0.278675 0.08376604 -0.9567255 0.278662 0.08370476 -0.9567345 0.2785876 0.08381068 -0.9567471 -0.1769402 0.2585106 -0.9496656 -0.2372538 -0.3363742 -0.9113524 0.3056523 -0.1190332 -0.9446734 -0.2755516 -0.03739035 -0.9605588 0.234028 0.2218601 -0.9465776 0.234281 0.2221282 -0.9464521 0.2340334 0.2219766 -0.9465488 0.1398343 0.893866 -0.4259696 0.1550675 -0.2875707 -0.9451228 -0.1432147 -0.9734241 -0.178704 -0.1435666 -0.9734623 -0.1782132 -0.1433648 -0.9734809 -0.1782736 0.662096 -0.6221696 -0.4177727 0.3343061 0.05966252 0.9405742 -0.2639204 -0.7826917 0.5636842 -0.3526301 0.1086223 0.9294371 0.1467055 -0.3224323 0.935155 0.2475818 0.219786 0.9436087 -0.2169243 0.9753714 0.03992986 -0.278014 0.3948819 0.8756577 -0.2774774 0.3948202 0.8758558 -0.2777508 0.3946256 0.8758568 -0.4804064 -0.3533959 0.8026961 -0.7404046 -0.6502034 0.1704015 -0.7403989 -0.6505735 0.169008 -0.7404565 -0.6504541 0.1692152 0.2382066 -0.3041502 0.9223614 0.6386736 -0.5184273 0.5686205 0.326112 0.3190881 0.8898504 0.3430964 0.3458481 0.8733121 0.3429331 0.3457795 0.8734034 0.3420801 0.3454535 0.8738668 -0.6466541 0.6485058 0.4015953 -0.1808159 -0.463585 0.8674068 -0.1805349 -0.4634526 0.8675361 -0.1797357 -0.4624634 0.8682297 0.07062011 0.8601097 0.5051972 0.07026964 0.8602979 0.5049255 0.07043355 0.8603234 0.5048594 -0.1438937 0.3457289 0.9272359 -0.1442841 0.3459642 0.9270874 -0.958799 -0.1187993 0.2580531 -0.9587373 -0.1186423 0.2583541 -0.9588052 -0.1189478 0.2579613 -0.2145144 -0.2243406 0.9506076 -0.2140765 -0.2241974 0.9507401 -0.2143995 -0.2242367 0.9506582 0.2845269 -0.8455202 0.4518185 0.2901312 -0.1686653 0.9420064 0.2898632 -0.168759 0.942072 0.2899311 -0.1686558 0.9420697 0.9160105 0.1646986 0.3657858 0.9159058 0.1647737 0.366014 0.9159799 0.1647343 0.3658463 0.0566281 0.3315963 0.9417203 0.804984 -0.2615596 0.5325294 0.8051857 -0.2614656 0.5322704 0.8052036 -0.2616713 0.5321424 0.9538199 -0.02212458 0.2995632 -0.9385959 0.2842108 -0.195607 0.6183111 -0.4666249 0.6324181 0.618238 -0.4666849 0.6324452 0.6184131 -0.4670057 0.6320371 -0.6354209 0.06833159 -0.7691367 -0.6355785 0.06875211 -0.768969 -0.6355732 0.06841832 -0.7690031 0.6838219 0.6979943 0.2125831 0.6840562 0.6977558 0.2126123 0.6839813 0.6977771 0.2127832 0.5084125 -0.8598398 0.04682278 0.5084598 -0.8598169 0.04672956 0.5083488 -0.859942 0.04562079 -0.7967448 -0.437443 0.4169428 -0.7965681 -0.4376134 0.4171016 -0.7966588 -0.4378409 0.4166895 -0.1775794 0.9234117 -0.3402595 -0.1777349 0.9234448 -0.3400884 -0.1772683 0.9231395 -0.3411592 0.171576 -0.7314454 -0.6599618 -0.324629 0.1156422 -0.9387454 -0.3244885 0.1159468 -0.9387564 0.1190184 -0.2455627 -0.9620466 0.8562486 0.09688889 -0.5073961 0.120101 0.3570346 -0.926338 0.1199716 0.3566619 -0.9264983 0.1199989 0.3567348 -0.9264667 -0.1362071 -0.3423208 -0.9296581 -0.1363921 -0.3424707 -0.9295758 -0.1360019 -0.3422156 -0.9297268 0.2638595 -0.09274441 -0.960092 0.2638979 -0.09280091 -0.960076 0.264188 -0.09287524 -0.959989 0.04728144 0.3177403 -0.9469982 0.04728055 0.31797 -0.9469212 0.04716062 0.3177605 -0.9469974 -0.08489656 -0.2824505 -0.9555178 0.2694583 -0.03029173 -0.9625356 0.2785984 0.9603738 -0.008072018 0.2784637 0.9604166 -0.007613956 0.2783325 0.960451 -0.008073687 -0.09162569 0.2788649 -0.9559494 -0.09149783 0.2788461 -0.9559671 -0.09170377 0.2790626 -0.9558841 -0.1887945 -0.2545931 -0.9484403 -0.3195225 0.4145976 -0.8520647 -0.709208 -0.03197586 -0.7042739 -0.7092393 -0.03230667 -0.7042273 -0.7091878 -0.03198182 -0.7042939 -0.8637738 0.4976363 -0.07907724 -0.7573854 -0.5561149 -0.3422043 -0.7575616 -0.5553711 -0.3430209 -0.7574998 -0.5558564 -0.3423707 -0.3696559 -0.09730541 0.9240597 -0.1539648 0.3472719 0.9250389 -0.1539218 0.3473007 0.9250354 -0.1541231 0.3475393 0.9249122 -0.0747317 -0.239933 0.9679087 -0.07599872 0.287258 0.9548335 0.2250893 -0.07066816 0.971772 0.3278977 -0.4527874 0.8291361 0.3280528 -0.4529751 0.8289722 0.3283326 -0.4525977 0.8290676 -0.2943117 -0.08498966 0.951923 -0.2938843 -0.08524692 0.952032 -0.2938508 -0.08520615 0.952046 -0.1985903 0.9636204 -0.1788786 -0.8448022 -0.4548164 0.2818713 -0.8448277 -0.4547873 0.2818419 -0.843912 -0.4552657 0.2838058 0.6738764 0.6301017 -0.385827 0.6738168 0.6304698 -0.3853296 0.6737459 0.6302917 -0.3857448 -0.8651167 0.4978752 0.06077349 0.6226363 -0.568862 -0.5373268 0.2344582 0.1052939 0.966407 0.02786695 -0.8611164 0.5076435 0.03453236 -0.8981195 0.4383937 0.5278403 0.2672996 0.8061859 -0.2971632 0.25309 0.9206734 -0.2972673 0.2530326 0.9206556 -0.2971602 0.2530925 0.9206737 -0.7895564 -0.5884945 0.1739975 0.02022027 -0.2656098 0.9638686 -0.3551027 0.5908434 0.7244352 0.5451277 0.2798297 0.7902729 0.5447956 0.2799669 0.7904532 0.5451592 0.2800013 0.7901904 -0.814253 0.1988343 0.5453962 0.2598085 0.9455676 0.1959629 0.8638747 -0.4983305 0.07339853 -0.120347 0.2337722 -0.9648146 -0.1201662 0.2333913 -0.9649294 -0.1201072 0.2333573 -0.964945 0.3087154 -0.3621615 -0.8795078 -0.6677203 -0.4918622 -0.5587676 -0.2766853 0.8445657 -0.4584257 -0.2767109 0.8444377 -0.458646 -0.2762566 0.8445904 -0.4586387 0.5825651 -0.7379413 -0.3406767 0.5825608 -0.7380179 -0.3405178 0.5821666 -0.7378866 -0.3414755 -0.8077685 -0.5838812 -0.08119636 -0.8076657 -0.5839853 -0.08146899 -0.8077873 -0.5838625 -0.0811448 -0.4336132 0.8861323 -0.1635519 0.3234065 -0.1382753 -0.9361028 0.3233063 -0.1382232 -0.936145 0.323265 -0.1382107 -0.9361612 0.9204217 0.381775 -0.08409488 -0.4095672 0.8829599 -0.229427 -0.4098057 0.882748 -0.2298166 -0.4098999 0.8827199 -0.2297557 -0.252994 0.1350128 -0.9580008 -0.06076729 -0.2975273 -0.9527775 -0.06082469 -0.2974541 -0.9527967 -0.06071346 -0.297647 -0.9527435 0.3012108 -3.57875e-4 -0.9535576 0.3017396 -2.57767e-4 -0.9533904 0.3013262 -3.66272e-4 -0.9535211 0.5826529 0.404083 -0.7051472 -0.579022 -0.3546525 -0.7341356 -0.5791579 -0.3550152 -0.7338531 0.3063877 0.06722772 -0.9495299 -0.6414505 0.2725405 -0.7171213 -0.6415067 0.2725408 -0.717071 -0.6414303 0.2725362 -0.7171411 -0.3538388 -0.451807 -0.8189436 -0.1602337 -0.2653223 -0.950752 0.2945212 -0.01457679 -0.9555338 0.2421917 0.8620042 0.4452997 0.5625423 -0.8258473 -0.03901863 0.5628188 -0.8256607 -0.03898292 0.5625424 -0.8258472 -0.03902125 -0.1810896 0.4043424 -0.8965009 -0.1827141 0.4051744 -0.8957954 -0.1805474 0.4042116 -0.8966693 -0.01268005 -0.9771496 -0.2121742 0.3899704 0.8850349 0.2542371 0.3901052 0.8848605 0.254637 0.3900402 0.8849096 0.2545656 -0.2766021 -0.3139346 0.9082601 -0.2765052 -0.3138116 0.9083321 -0.2765125 -0.3138846 0.9083046 -0.2712597 0.20186 0.9411008 -0.271255 0.202005 0.9410711 -0.2718852 0.2029395 0.940688 -0.3143217 -0.07236772 0.9465542 0.6417387 -0.7611591 0.09385311 0.6419749 -0.7608851 0.0944578 0.6418854 -0.7610204 0.09397518 0.2586157 0.2126033 0.942294 0.2586424 0.2126059 0.942286 0.2585933 0.2124538 0.9423338 -0.3717439 0.9101122 0.183037 -0.371463 0.9100601 0.1838643 -0.3720128 0.9100691 0.1827042 -0.7689377 -0.5991309 -0.2231076 -0.768961 -0.5989596 -0.2234871 -0.7689302 -0.5989614 -0.2235882 0.1077651 -0.3094882 0.9447771 0.7225996 -0.6833773 0.1041402 0.2098342 0.1889425 0.9593073 0.4248832 0.8541228 -0.2999144 -0.7731665 0.2396805 0.5871685 -0.7728193 0.2396559 0.5876355 -0.773326 0.2396205 0.586983 -0.3794333 -0.6576134 0.6508265 -0.3795228 -0.657579 0.6508091 -0.3787249 -0.6571676 0.6516887 0.3080936 -0.2844356 0.9078407 0.847447 -0.4755039 0.2360712 0.2575967 0.2635117 0.9296265 0.3055507 0.868609 -0.3900735 0.3056235 0.8685519 -0.3901435 0.3054131 0.8688871 -0.3895611 -0.2585976 0.1291066 0.9573186 -0.6531705 -0.1143417 -0.7485281 -0.6537404 -0.1150951 -0.7479149 -0.6532868 -0.1146979 -0.7483721 0.05978453 -0.2736902 0.9599581 0.6445903 -0.6543796 -0.3953363 0.6445617 -0.6546723 -0.3948982 0.6446274 -0.6542094 -0.3955575 0.2469193 0.1774691 0.9526467 0.3301258 0.7513042 -0.5714534 0.3300512 0.7516564 -0.5710333 0.3301715 0.7513697 -0.571341 0.06824344 -0.3364755 -0.9392163 0.06828331 -0.3365467 -0.9391878 0.0681321 -0.3364572 -0.9392308 -0.2878937 -0.03998005 -0.9568275 -0.5648743 0.5957561 0.5709568 0.290553 -0.01147782 -0.95679 0.2903776 -0.01158016 -0.9568421 0.2900362 -0.01158434 -0.9569456 0.3238974 0.8925041 0.3138903 -0.05670756 0.2856273 -0.9566617 -0.05696135 0.2855593 -0.9566668 -0.05685979 0.2854472 -0.9567064 -0.824519 -0.2450988 0.5099952 0.6408892 -0.4604241 -0.6142237 0.2439274 -0.3096265 -0.919038 0.05248326 0.3040076 -0.9512229 0.05240619 0.3042908 -0.9511366 0.05252027 0.3047242 -0.9509916 -0.9858925 -0.1366217 0.09669858 -0.2677488 -0.1141905 -0.9566981 0.2498309 -0.9475367 -0.1993962 0.8143132 -0.09730374 -0.5722115 -0.1086929 0.4693737 -0.8762844 -0.1089212 0.4689909 -0.876461 0.1130553 0.204726 -0.9722684 -0.4918523 -0.2134876 -0.8440997 -0.4919103 -0.2135804 -0.8440424 -0.491931 -0.2136773 -0.8440058 -0.2417446 -0.9536817 0.1790279 -0.242155 -0.9534264 0.1798312 -0.2419786 -0.9535111 0.1796196 0.9886869 -0.114592 0.09678274 0.4965057 -0.834614 0.2385402 -0.1411591 -0.3006372 0.9432346 -0.1408109 -0.3005993 0.9432987 -0.141153 -0.3006185 0.9432414 -0.2141656 0.1802037 0.9600311 -0.214197 0.1801131 0.9600411 -0.2142411 0.1801308 0.960028 -0.9910994 -0.1294808 -0.03093129 -0.9910848 -0.1297513 -0.03026068 -0.9910832 -0.1296404 -0.03078222 -0.2644002 -0.268014 0.9264238 -0.2645849 -0.2677863 0.9264369 -0.2644687 -0.2678018 0.9264656 0.2538481 -0.8008847 0.5423512 0.2540811 -0.801336 0.5415748 0.2541856 -0.8012601 0.5416383 0.289832 -0.06820368 0.9546443 -0.1741421 0.3605763 0.9163293 -0.4874476 0.6308852 -0.603638 -0.4874601 0.6308846 -0.6036285 -0.4876233 0.6309955 -0.6033807 1.18323e-4 0.9607058 0.2775689 -0.2501235 0.3390296 0.9069164 -0.2560349 -0.2405312 0.9362644 -0.256039 -0.2403643 0.9363061 -0.2558175 -0.2407867 0.936258 -0.9845542 -0.09849458 0.1447474 0.4860165 -0.003163039 0.8739441 0.4859436 -0.003183543 0.8739845 0.4858706 -0.003367185 0.8740243 -0.2523942 -0.964316 0.07994985 -0.252327 -0.9643661 0.07955718 -0.2524234 -0.9643412 0.07955259 0.9814466 0.1836348 0.05514407 0.9812999 0.1841349 0.0560804 0.9813882 0.1838704 0.05539894 0.3156199 0.07917463 0.9455769 0.3156127 0.07860159 0.945627 0.3152359 0.07902675 0.9457173 0.01533085 0.02092075 -0.9996636 -0.6616939 -0.7321619 0.1615554 -0.8001885 -0.5620583 -0.2092581 0.6179023 -0.7850962 -0.04267042 0.6211431 -0.7828328 -0.03680193 -0.4095176 -0.4522179 0.7923347 -0.4094955 -0.4520418 0.7924467 -0.4094977 -0.4520439 0.7924443 0.3749721 -0.4697184 0.799225 0.6658704 0.7283898 0.1614468 0.8044452 0.5526717 -0.217766 0.4141275 0.4503042 0.7910276 -0.3748802 0.4689922 0.7996945 -0.6244484 0.7799817 -0.04114514 -0.6214232 0.7820838 -0.04667103 -0.001129388 -0.004753589 0.9999881 8.95944e-4 0.004487335 0.9999896 0.005152165 -0.00383079 0.9999794 -6.90565e-4 -0.002128183 0.9999976 0.002864897 -0.004057943 0.9999877 9.53184e-5 0.004973113 0.9999877 -0.001113951 -0.006808578 0.9999763 9.81852e-4 -0.006394028 0.9999791 -0.003939449 0.001387715 0.9999914 0.001605093 0.004158258 0.9999902 -0.002318024 -0.006436169 0.9999766 -0.2159447 -0.9636608 -0.1572448 -0.2158455 -0.9637385 -0.1569043 -0.21595 -0.9636584 -0.1572521 -0.9743583 -0.2188602 -0.0522142 -0.8092857 0.5870911 0.01951766 -0.8093606 0.5869717 0.01999789 -0.8092052 0.5872029 0.01949328 -0.1954591 0.9803075 -0.02816289 -0.1954594 0.9803068 -0.028185 -0.195375 0.9803271 -0.02806204 -0.1217681 0.9883146 0.09168916 -0.121762 0.9883099 0.09174859 -0.1217681 0.9883155 0.09167957 -0.8086884 0.5878362 0.02172249 -0.8086873 0.5878362 0.02176356 -0.8086828 0.5878493 0.02157378 -0.9613201 -0.2704613 0.05210214 -0.961341 -0.2703124 0.05248588 -0.9613501 -0.2702723 0.05252683 -0.28692 -0.9577862 -0.01796478 -0.2869204 -0.9577857 -0.01798617 -0.2869406 -0.9577773 -0.01810669 0.717827 0.6757153 -0.1677295 0.7897596 -0.5016633 -0.3530069 0.7899467 -0.5016576 -0.3525962 0.7898244 -0.5016423 -0.3528918 0.5127055 -0.8381179 0.1862571 0.962718 -0.1731064 0.207866 0.7704498 0.637051 -0.02394288 0.7705367 0.6369299 -0.02436482 0.7703957 0.6371197 -0.02385318 -0.007740676 0.07169491 -0.9973966 -0.02575391 -0.1239294 -0.9919568 0.007558822 -0.2617685 -0.9651011 -0.06435275 0.03511279 -0.9973094 -0.2256922 0.0269677 -0.9738253 -0.09214121 -0.01411443 -0.9956459 -0.0660451 0.04019302 -0.9970069 0.01705998 0.11533 -0.9931808 0.1515744 -0.09436708 -0.983931 0.0906732 -0.007035851 -0.9958559 0.03142857 -0.07753556 -0.9964942 0.1189996 0.1118343 -0.9865761 0.2585555 0.6923605 0.6736365 0.2584472 0.6925694 0.6734632 0.2586753 0.692265 0.6736887 0.3755404 -0.7526593 -0.5408083 0.3753772 -0.7528796 -0.5406149 -0.1267175 -0.5339496 -0.8359668 -0.1265149 -0.5338098 -0.8360868 -0.1265612 -0.5338881 -0.8360299 0.7113391 -0.008290112 -0.7028001 0.7113152 -0.008295834 -0.7028243 0.7112681 -0.008296906 -0.7028719 0.5821607 0.5656558 -0.584057 0.5821299 0.5654419 -0.5842947 0.5821622 0.5656428 -0.584068 0.0829873 0.3417024 -0.9361371 0.08307278 0.3417528 -0.9361111 0.08297157 0.3416885 -0.9361435 0.4348983 -0.1620186 -0.885784 -0.421095 -0.8341444 -0.3562053 -0.4211857 -0.834077 -0.356256 -0.4213984 -0.8339906 -0.3562066 -0.8231335 -0.4315186 0.3691111 -0.8270751 0.20175 -0.5246368 -0.8271967 0.2018354 -0.5244123 -0.827023 0.2016897 -0.524742 -0.8118343 0.5467345 -0.2049551 -0.811634 0.5469889 -0.2050698 -0.8117873 0.5467816 -0.2050158 -0.2352029 0.7541784 -0.6131024 -0.2348775 0.7542542 -0.613134 0.3197691 0.03349399 0.9469034 0.1794081 -0.4449013 0.8774257 0.7025045 0.3903418 0.5950805 0.7025705 0.3902064 0.5950914 0.7024365 0.3906476 0.5949602 -0.1326265 0.4937325 0.8594408 -0.03755301 0.8171142 0.5752515 -0.03771072 0.8170843 0.5752836 -0.03765451 0.8170928 0.5752751 0.6394144 -0.5127616 0.5729091 -0.570491 0.3209646 -0.7559905 0.4159082 0.3199867 -0.8512514 0.3651161 -0.5943894 -0.7165135 0.02552807 -0.3363828 -0.9413794 -0.2956663 0.04864174 -0.9540521 -0.1931157 0.975704 0.1034799 0.6548056 -0.08973991 -0.7504508 0.6549035 -0.08960539 -0.7503816 0.6548917 -0.0893616 -0.7504209 -0.1899504 -0.9728266 -0.1323906 -0.6686942 0.04002594 -0.7424595 -0.6686155 0.040021 -0.7425307 -0.6687826 0.04005622 -0.7423782 -0.1029714 0.496311 -0.8620164 -0.1031811 0.4964562 -0.8619077 -0.1028845 0.4962542 -0.8620595 0.475997 0.1626367 -0.8642779 0.4760647 0.1625096 -0.8642645 0.4761894 0.1621983 -0.8642543 0.4734385 -0.5092292 -0.7187084 0.05119401 -0.3474719 -0.9362919 0.05101031 -0.3477383 -0.936203 0.05124938 -0.3475136 -0.9362734 -0.397216 -0.7736553 -0.4936367 -0.3943607 0.02150678 -0.9187041 0.4416754 0.159287 -0.8829217 0.2117273 -0.1817002 -0.9602899 -0.7828169 -0.5856819 -0.2101774 0.5570755 0.4070664 -0.7238535 0.5568333 0.4071817 -0.7239749 0.5569195 0.4068753 -0.724081 -0.433065 0.2988561 -0.8503763 -0.2768834 -0.06675982 -0.9585817 -0.2767124 -0.06650894 -0.9586485 -0.2767063 -0.06650602 -0.9586505 -0.0787779 0.728317 -0.680697 -0.07859617 0.7287948 -0.6802064 -0.07869803 0.7286274 -0.680374 -0.1685519 0.6889187 -0.704969 -0.1684461 0.6885793 -0.7053258 -0.1686245 0.6889744 -0.7048972 -0.08262294 -0.8287304 -0.5535154 0.2673776 0.04606765 0.9624901 0.1912097 -0.2336347 0.9533382 0.1913276 -0.2338159 0.9532701 0.1912122 -0.2336349 0.9533377 -0.6941648 -0.05978661 0.7173289 -0.354319 -0.1691917 0.9196915 -0.1362521 -0.9003123 0.4133681 0.9894726 -0.06844019 -0.127515 0.2261649 0.2521214 0.9408954 -0.309271 0.9395353 0.1470538 -0.3494769 0.7874695 0.5076985 -0.3523594 -0.3243221 0.8778713 0.7062137 0.6383769 -0.3061655 0.7058041 0.6384889 -0.3068757 0.7059617 0.638368 -0.3067644 -0.1418721 0.261864 0.9546201 -0.8725991 0.4263418 -0.2383348 -0.3085051 -0.1389256 0.941023 0.1964236 -0.26313 0.944553 0.9006232 0.345076 0.264198 0.1745554 0.289633 0.9410861 -0.4786382 0.8641124 0.1556122 -0.2622406 0.0174359 0.964845 -0.2623179 0.01753062 0.9648223 -0.2622975 0.01751011 0.9648282 -0.7641837 -0.6389333 -0.08824712 -0.7642449 -0.6389123 -0.08786845 -0.7641913 -0.6389142 -0.08831936 -0.05596607 -0.9975038 -0.04305869 0.5586405 -0.7274735 0.3983757 0.5590455 -0.7275043 0.397751 0.5589722 -0.7275262 0.3978138 -0.3744717 -0.3462901 0.8601477 -0.3748351 -0.3465989 0.859865 -0.3740437 -0.346037 0.8604358 -0.5891657 -0.3172946 0.743107 -0.58886 -0.3170161 0.743468 -0.588943 -0.3169994 0.7434094 0.03980946 0.6481648 0.760459 0.0396437 0.6479932 0.7606137 0.03964078 0.6479128 0.7606824 0.2508926 -0.03237128 -0.9674736 0.2510398 -0.03233695 -0.9674365 0.2508258 -0.03237861 -0.9674906 0.8556206 -0.5156458 -0.0449779 0.8556764 -0.5156776 -0.04352658 0.8556965 -0.5156472 -0.043491 -0.9461213 0.1311286 -0.296074 -0.9461615 0.1309542 -0.2960229 -0.946172 0.1307902 -0.2960618 0.7754707 0.6108476 0.1597201 0.7754312 0.6110235 0.1592383 0.7755246 0.6107672 0.1597656 0.4485444 -0.7629975 -0.4654493 -0.7552647 -0.620482 -0.2111337 -0.7551373 -0.6205329 -0.2114399 -0.4400178 0.8523929 -0.282508 0.7888182 0.3115406 -0.5298194 0.9237173 0.3247634 -0.2031633 0.923551 0.324847 -0.2037843 0.9238079 0.3246415 -0.2029457 -0.0169335 -0.4243268 -0.9053508 -0.01698452 -0.424463 -0.905286 -0.01681303 -0.424551 -0.905248 -0.2434048 0.2560777 -0.9355098 0.2718988 -0.1313262 -0.953323 0.2722821 -0.1313333 -0.9532126 0.2719822 -0.1312375 -0.9533113 0.1081584 0.7081655 -0.697713 -0.1710026 -0.2513231 -0.9526778 -0.01946163 -0.2005209 -0.9794962 -0.01914238 -0.2006233 -0.9794815 0.368238 0.2280339 -0.9013332 -0.1084946 0.1862741 -0.9764891 -0.1087653 0.1861427 -0.976484 -0.1085777 0.1863804 -0.9764596 -0.2004125 -0.2805138 -0.9386943 -0.2003868 -0.2807156 -0.9386395 -0.2004173 -0.280504 -0.9386962 -0.006202995 0.2744616 -0.9615781 -0.1643778 -0.3084417 -0.9369331 0.16078 -0.2795885 0.9465624 -0.1948702 0.199163 0.9603956 0.3443049 0.05062562 0.937492 -0.7629666 0.0472303 0.6447104 -0.1863119 0.103847 0.9769871 -0.186387 0.103878 0.9769695 -0.1868222 0.104204 0.9768517 0.3517352 -0.4565584 0.8172129 0.3518403 -0.4560602 0.8174458 0.3518353 -0.4565131 0.8171951 0.5074589 0.3934077 0.7666263 0.5075827 0.3933213 0.7665888 0.5076771 0.393711 0.766326 -0.1819949 -0.5404971 0.8214262 0.8021013 -0.4467616 0.39628 0.1464274 0.9796714 -0.1371241 0.1467815 0.9797657 -0.1360677 0.1462748 0.9796706 -0.1372926 -0.7367676 -0.2880594 -0.6117151 -0.7362915 -0.2879933 -0.6123192 -0.736361 -0.2879463 -0.6122576 0.03550809 -0.245064 0.9688565 0.7354216 -0.6494273 -0.1933891 0.7352681 -0.6493288 -0.1943015 0.7352548 -0.6493737 -0.1942014 0.6368371 0.2673551 0.7231597 0.6549061 0.291589 0.6971901 0.6546986 0.2915984 0.697381 0.6538066 0.2911877 0.6983886 -0.2766784 0.0691334 0.9584726 0.34977 0.7405884 0.5737506 0.3500103 0.7404832 0.57374 0.3501637 0.7403496 0.5738188 0.7094045 -0.652892 0.2654757 0.709582 -0.652345 0.2663446 0.7094711 -0.6527772 0.2655801 -0.7431018 -0.664673 -0.07752215 -0.7427884 -0.665154 -0.07639098 -0.7429587 -0.6648626 -0.07726752 -0.449175 0.5333688 0.7167703 -0.4504134 0.5338497 0.7156342 -0.450339 0.53378 0.7157331 0.1595975 -0.2716104 0.9490819 0.1595424 -0.2719141 0.9490042 0.1596776 -0.2716619 0.9490537 -0.006128489 -0.3610059 0.9325434 -0.00617516 -0.3610929 0.9325094 -0.006206631 -0.3611856 0.9324733 0.2790898 0.5139739 0.8111349 0.2796447 0.5143929 0.8106781 0.2788363 0.5138443 0.8113042 0.5902413 0.7856977 -0.1851877 -0.1545231 -0.2646702 -0.9518784 -0.1547566 -0.2648899 -0.9517793 -0.4028325 -0.4449862 -0.7998209 -0.402818 -0.4449681 -0.7998383 -0.4028599 -0.4451308 -0.7997265 -0.5419045 0.2703725 -0.7957628 -0.5416383 0.2700822 -0.7960426 -0.5419728 0.2703054 -0.7957391 0.2783445 0.8169842 -0.5050357 0.7823532 -0.02876609 -0.6221704 0.7825307 -0.02849376 -0.6219598 0.7811732 -0.02946621 -0.6236186 0.4692248 0.8687977 -0.158173 0.4691329 0.8689073 -0.1578435 0.4691312 0.8689358 -0.157691 0.3097353 0.07388001 -0.9479482 -0.4319342 0.6683488 -0.6055929 -0.7432174 -0.6615052 -0.1001937 0.5418516 -0.609897 -0.5782927 0.6188187 -0.6352165 -0.4621292 -0.0439828 0.328672 -0.9434194 -0.3015399 -0.08298242 -0.9498356 -0.3023298 -0.08325839 -0.9495603 -0.301617 -0.08298361 -0.9498111 -0.4653027 -0.6213955 -0.6303659 0.1129444 -0.8447183 -0.5231584 0.147346 -0.3631429 -0.9200089 0.3022205 0.1346993 -0.9436731 -0.2329373 0.2563145 -0.9381061 -0.2328948 0.2562879 -0.938124 -0.2329677 0.2564725 -0.9380554 0.6783389 -0.7344906 -0.01949328 -0.1560571 0.2874778 -0.9449883 -0.1560451 0.2874846 -0.9449881 -0.1557956 0.2875458 -0.9450107 -0.9247532 0.1571159 0.346621 -0.2845188 -0.1215437 -0.9509345 -0.2845099 -0.1215363 -0.950938 -0.2844794 -0.1215149 -0.9509499 0.2734647 0.03326177 -0.9613068 0.2736766 0.0335071 -0.961238 0.2734909 0.03345674 -0.9612926 -0.3972656 -0.006472766 -0.9176809 -0.3507403 0.4897375 -0.7982095 -0.7749055 0.4716601 -0.4207831 0.03317415 -0.3609972 0.9319767 0.3270776 0.381127 0.8647327 0.3269246 0.3810578 0.864821 0.3269863 0.3811002 0.8647791 -0.2401319 -0.285462 0.927819 -0.2400163 -0.2856389 0.9277945 -0.2400949 -0.285351 0.9278628 -0.3355559 0.2604232 0.9053078 -0.2773964 -0.3429631 0.8974562 0.2012689 -0.2452251 0.9483435 0.7910046 0.05369359 0.6094497 0.7910756 0.05359709 0.6093659 0.7907835 0.0538147 0.6097258 0.2745086 0.2637245 0.9247131 0.1995649 0.7824477 0.5898725 0.1993672 0.782027 0.5904969 0.1994921 0.7824097 0.5899475 -0.2027717 0.2432451 0.9485334 0.467445 -0.4768065 0.744413 0.4382279 -0.3948217 0.8075099 0.4382555 -0.3949312 0.8074414 0.4381831 -0.3947463 0.8075711 0.5474822 0.7809336 0.3006763 0.5473921 0.7808702 0.3010042 0.5474984 0.7808679 0.3008174 -0.4131194 0.1551833 0.8973575 -0.9761793 0.1981975 -0.08827096 0.2235105 -0.6099357 -0.7602774 0.2233107 -0.6096686 -0.7605502 0.223451 -0.6096245 -0.7605444 0.2209888 0.2093356 0.9525454 0.3419243 0.6692261 -0.6597152 0.341779 0.6694728 -0.6595403 0.3417457 0.6692472 -0.6597865 -0.2945559 0.1322325 0.9464414 -0.9940238 -0.05336505 0.09523069 -0.9940066 -0.0530461 0.09558814 -0.2158595 -0.2891049 0.932643 0.06474399 -0.9001722 0.4306951 -0.3106501 -0.4985136 0.8093088 -0.8618319 0.3148702 0.3976212 -0.8623009 0.3148348 0.3966313 -0.8622283 0.3149276 0.3967154 -0.7099716 0.3546426 0.6084153 -0.7098466 0.3544706 0.6086611 -0.7099696 0.354634 0.6084226 0.3908649 -0.9030441 0.178146 -0.7713421 0.110352 0.6267806 -0.7712277 0.1102846 0.6269332 -0.7718871 0.1107431 0.6260402 -0.1607085 0.3114512 -0.9365741 0.3702317 0.4434392 -0.8162661 0.5118294 -0.5202088 -0.6836766 -0.7774006 -0.5519623 -0.3016391 -0.3161739 0.2736362 -0.9083817 -0.5464298 0.8305501 -0.1077076 -0.9988288 -0.04736453 0.00988996 -0.9988333 -0.04722672 0.01008987 -0.9988471 -0.04704463 0.009551644 0.2292648 0.6377593 0.7353236 0.4590792 -0.7447651 -0.4843256 0.4584607 -0.7450739 -0.4844366 0.4587339 -0.7450612 -0.4841973 0.3709679 -0.7097907 0.5988155 0.2951766 0.05886965 -0.9536274 -0.09681683 0.2722283 -0.9573496 -0.09683609 0.2723616 -0.9573097 -0.0969296 0.2720931 -0.9573767 -0.3209728 -0.1652477 -0.9325608 0.004435241 -0.8688163 -0.4951149 0.004017174 -0.8689339 -0.4949119 0.004101276 -0.8688015 -0.4951438 0.1454877 -0.276521 -0.9499313 0.1454607 -0.2766998 -0.9498834 0.1455735 -0.2769722 -0.9497867 0.2222513 0.1778025 -0.95864 -0.268776 -0.3027978 -0.9143704 0.4942179 -0.5130655 -0.7017924 0.5060417 0.570883 -0.6465404 0.5056195 0.5710027 -0.646765 0.5062478 0.5707623 -0.6464856 -0.3201702 -0.15552 -0.9345076 -0.3198646 -0.1556282 -0.9345943 -0.3198875 -0.1559058 -0.9345403 0.8435564 0.1920642 0.5015217 0.8433099 0.1916938 0.5020774 0.8433081 0.1918702 0.5020131 0.2805914 0.2554365 0.9252139 0.280487 0.2551953 0.9253121 0.2801935 0.2550737 0.9254346 0.2647436 -0.2045569 0.9423733 0.9757581 0.1883292 0.1114825 0.9758043 0.1880188 0.1116014 -0.5736091 0.6304504 0.5229769 -0.3417632 0.4187883 0.8413171 -0.3419932 0.4189335 0.8411512 -0.3418508 0.4188751 0.8412383 -0.5740899 -0.4774982 0.6651439 -0.5741903 -0.4772033 0.6652688 -0.2362734 -0.3586632 0.9030701 0.4892384 -0.3866928 0.7817382 0.4889569 -0.3868451 0.781839 0.489212 -0.3866342 0.7817836 0.5446261 -0.4198954 0.7259961 0.544587 -0.419898 0.7260239 0.5444046 -0.4192663 0.7265256 0.3466115 0.5976768 0.7229405 0.3467178 0.5977496 0.7228293 0.3465036 0.5975348 0.7231097 0.1737474 0.4600168 0.8707448 -0.5775353 0.219291 0.7863616 -0.5776134 0.2194304 0.7862653 -0.5774925 0.2195414 0.7863232 -0.8679917 0.1973517 -0.4556784 -0.8683836 0.1970192 -0.4550751 -0.8680712 0.197228 -0.4555804 -0.07855474 -0.3288471 0.9411104 0.3022768 -0.8328076 -0.4637458 0.4003326 -0.2225511 0.8889348 0.1664502 0.3735224 0.9125653 0.1661196 0.3735584 0.9126108 -0.7154312 0.6654896 0.2127957 0.6064985 0.5396626 0.5838869 -0.114796 0.02400422 -0.993099 0.06236815 -0.004802823 -0.9980418 -0.6219375 -0.7802563 -0.06628632 -0.6701855 -0.7417839 0.02466374 0.1743704 -0.7426055 0.6466314 0.6122861 -0.7698995 0.1798903 -0.4096423 -0.4516076 0.7926185 0.3752186 -0.4693877 0.7993037 0.6732968 0.7380464 -0.04426038 0.4766225 0.8225811 0.3101472 0.4137119 0.4509339 0.7908864 0.413609 0.4508352 0.7909965 0.4136225 0.4508547 0.7909783 -0.3750072 0.4692809 0.7994655 -0.7100974 0.6476705 -0.2761967 -0.6218407 0.7828436 -0.02168518 0.01271629 -0.02124357 0.9996935 0.004581868 -0.005721032 0.9999732 -0.005120992 -0.006424665 0.9999663 -0.00626403 -6.9826e-4 0.9999802 0.02462607 0.01381349 0.9996013 -0.006226778 -5.04738e-4 0.9999806 -0.001819491 -0.007244884 0.9999722 0.00161755 0.005370676 0.9999843 -0.001791596 -0.007393598 0.9999711 -0.2666863 -0.9631761 -0.03421074 -0.9621673 -0.2724564 -0.001288533 -0.9621352 -0.272571 -9.43851e-4 -0.9621782 -0.2724176 -0.001335561 -0.7805199 0.6221266 0.06121468 -0.7805956 0.6219815 0.06172251 -0.7804402 0.6222273 0.06120729 -0.7819159 0.6206812 0.05798578 -0.7819117 0.620682 0.05803602 -0.781917 0.6206903 0.05787432 -0.9680312 -0.2439885 0.05818259 -0.9680314 -0.2439884 0.05818051 -0.9680392 -0.2439771 0.05809813 -0.2872759 -0.9578263 0.006433486 0.1136637 0.9896398 -0.08771437 0.8518167 0.523835 0.002293646 0.8518167 0.5238351 0.002285361 0.8516409 0.5241209 0.002291977 0.9870843 -0.1594679 -0.01531839 0.5517389 -0.8335136 0.02897167 0.52258 -0.851981 -0.03223013 0.979165 -0.1982862 0.04380166 0.8559524 0.5168299 0.01524287 0.8559827 0.5167851 0.01505941 0.8560003 0.5167475 0.01535665 0.1714736 0.9848564 0.02558708 -0.02634143 -0.09525889 -0.995104 -0.02442389 -0.1017779 -0.9945073 -0.1961072 -0.0452314 -0.9795387 -0.1061918 0.09885722 -0.9894194 -0.09495317 0.06511604 -0.9933499 0.02282524 0.1641249 -0.9861755 0.1593261 0.09238344 -0.982894 0.0249145 -0.07463628 -0.9968996 0.04269391 0.1242614 -0.9913306 0.1348373 -0.01483237 -0.9907568 0.09280252 -0.03572088 -0.9950436 0.06073272 -0.08934223 -0.9941476 -0.5274878 0.4162238 0.7406176 -0.6096784 -0.6023544 0.5152296 -0.6094025 -0.6023011 0.515618 -0.609332 -0.6024286 0.5155525 0.4093711 0.1446412 -0.9008299 0.3307701 0.7739894 -0.5399366 0.3310496 0.7743524 -0.5392445 0.3311491 0.7743813 -0.5391419 0.3267473 -0.7525005 -0.571821 0.1830905 -0.6453016 -0.7416628 0.7997794 0.00981307 -0.6002138 0.7996129 0.01000583 -0.6004324 0.7997767 0.009806692 -0.6002177 0.1922783 0.226544 0.9548335 0.7420707 0.1620904 0.650429 0.7421138 0.1620666 0.6503856 0.7420492 0.161772 0.6505327 -0.09163707 0.9955672 0.02118206 0.1726496 -0.586342 0.7914514 -0.5675202 0.2652822 -0.7794525 -0.5673583 0.2657321 -0.7794172 -0.5672179 0.2656412 -0.7795503 0.4145124 0.6110609 -0.6743769 0.4147963 0.6106518 -0.6745729 0.414691 0.610887 -0.6744247 -0.7558302 -0.1746931 -0.6310334 -0.3908764 -0.1128346 -0.913501 -0.3909587 -0.1128733 -0.913461 -0.3912789 -0.1128522 -0.9133265 0.9981186 -0.06131356 -2.57159e-5 0.9981276 -0.06116545 -4.81561e-4 0.9981506 -0.06079119 -1.82902e-4 -0.1893177 -0.7939718 -0.5777263 -0.7754698 0.03459489 -0.6304363 -0.7752113 0.03439009 -0.6307653 -0.7755393 0.0345515 -0.6303532 -0.2198659 0.2318186 -0.9475861 -0.2201193 0.2318829 -0.9475115 -0.2199323 0.2318487 -0.9475632 0.8534516 0.06647014 -0.5169159 0.8535736 0.06668317 -0.516687 0.03649276 -0.4548218 -0.8898345 0.03672122 -0.4545993 -0.8899388 -0.8026362 -0.3856555 -0.4550219 -0.8028349 -0.3855137 -0.4547917 -0.8028244 -0.3854045 -0.4549029 -0.7238775 0.06916064 -0.6864534 -0.2377392 0.2166378 -0.9468623 0.2857689 0.1129015 -0.9516247 0.2859173 0.1127853 -0.9515938 0.285661 0.1129179 -0.9516552 -0.08942222 0.9958647 -0.01604038 -0.261872 -0.3192188 -0.9107812 -0.2616654 -0.3190903 -0.9108857 -0.2621199 -0.3190108 -0.9107829 0.2358145 -0.240689 -0.9415202 0.2354643 -0.2404928 -0.941658 0.2353699 -0.2403466 -0.941719 0.1666182 0.2021299 -0.9650813 0.1666941 0.2025903 -0.9649717 0.3056 -0.4633121 -0.8318356 0.3053199 -0.4625609 -0.8323563 0.3055667 -0.4621827 -0.832476 0.4913524 -0.5659458 -0.6620258 -0.3719795 0.2532976 -0.8930127 0.33613 0.2980967 -0.8933953 0.335604 0.2975246 -0.8937836 0.3351851 0.2973785 -0.8939894 -0.2422475 0.7569627 -0.6068968 0.006358623 -0.6643181 -0.747423 0.006138145 -0.664122 -0.7475991 0.006375253 -0.6643246 -0.747417 -0.1864877 0.969243 -0.1605936 -0.1863 0.9691967 -0.1610904 -0.1863064 0.9692856 -0.1605476 -0.08264136 -0.8287462 -0.5534891 0.1585093 -0.2311903 0.9599094 0.158523 -0.2316556 0.9597948 -0.3054016 0.02149164 0.9519811 -0.6026439 -0.0522657 0.796297 -0.101208 -0.7883746 0.6068135 0.9889977 -0.06930088 -0.1306938 0.1368654 0.2593045 0.9560487 -0.1772 0.9504084 -0.2555859 -0.3053346 0.06658893 0.9499142 -0.9005907 -0.3922225 -0.1873445 -0.9007149 -0.3921183 -0.1869651 -0.9005055 -0.3923591 -0.1874678 -0.05609649 -0.3139364 0.9477854 0.7023911 -0.6937787 0.1591159 0.4613562 -0.1780747 0.8691604 0.461486 -0.1776139 0.8691858 0.4612997 -0.1776151 0.8692845 -0.008419215 0.3336333 0.9426654 -0.008500814 0.3336098 0.942673 -0.00835067 0.3336723 0.9426522 -0.9340566 0.3520691 -0.05987954 -0.9340359 0.3521846 -0.05952298 -0.9340792 0.3519951 -0.05996316 -0.2067048 -0.1699497 0.9635301 0.2480078 -0.1416178 0.958351 0.2480284 -0.1416681 0.9583382 0.248026 -0.1416633 0.9583396 0.7256463 0.3793791 -0.5740288 0.1368997 0.3590904 0.9232078 -0.8238306 0.3015589 0.4799641 -0.8240737 0.3015518 0.479551 -0.3434083 0.1557654 0.9261792 -0.5765727 -0.6971352 0.4261063 -0.5765331 -0.6970009 0.4263793 -0.5765122 -0.6972066 0.4260715 -0.07999336 -0.8723092 -0.4823669 0.373336 0.6905388 0.6194968 0.3729982 0.6902654 0.6200048 0.3731947 0.6904469 0.6196845 -0.5892432 -0.3173047 0.7430412 -0.5888303 -0.3171491 0.7434349 -0.5888996 -0.3170895 0.7434054 0.05491524 0.7219107 0.6898038 0.8480926 -0.4895536 0.2026728 0.8478525 -0.4893833 0.2040836 0.8478273 -0.4894019 0.2041438 -0.9461389 0.131206 -0.2959838 -0.9460511 0.130948 -0.2963782 0.4485246 -0.7630047 -0.4654563 -0.529557 -0.5441916 -0.6507112 -0.5294834 -0.5444697 -0.6505383 -0.4250981 0.3487635 -0.8352579 0.5034767 0.3675819 -0.7819175 0.5031927 0.367713 -0.7820387 0.5034251 0.3678368 -0.7818308 0.8217238 0.4989008 0.2754414 0.8217757 0.4991227 0.2748843 0.821691 0.4988096 0.2757046 -0.01637548 -0.4242123 -0.9054148 -0.567757 0.3808364 -0.7298052 -0.5682056 0.3819293 -0.7288845 -0.5677524 0.3813464 -0.7295424 0.2496751 -0.07617819 -0.9653286 0.2500571 -0.07616156 -0.965231 0.2497588 -0.0761922 -0.9653059 -0.171004 -0.2513299 -0.9526757 0.243178 0.02130383 -0.9697477 -0.01900368 -0.2006258 -0.9794837 -0.01901674 -0.2006701 -0.9794744 -0.01909565 -0.2008107 -0.979444 0.3682301 0.2280325 -0.9013368 -0.139384 0.1774206 -0.9742147 -0.1396062 0.1775135 -0.9741659 -0.1395266 0.1775881 -0.9741637 -0.1665143 -0.2471136 -0.9545722 -0.1662788 -0.2474122 -0.9545359 -0.1664272 -0.2470809 -0.9545958 0.007835447 0.273813 -0.9617511 -0.1542732 -0.3190722 -0.9350897 0.1607768 -0.2795932 0.9465614 -0.2436022 0.1879915 0.9514816 -0.2435631 0.1879057 0.9515086 -0.2435181 0.1880362 0.9514942 0.4330641 -0.02418112 0.9010387 -0.672077 0.03024816 0.7398632 -0.3373885 0.07334822 0.9385036 -0.3374068 0.07313811 0.9385135 -0.3373209 0.07320535 0.9385391 0.3520753 -0.4566084 0.8170385 0.3520087 -0.4559788 0.8174186 0.352096 -0.4565323 0.817072 0.5037362 0.4521051 0.7361053 0.1101426 0.9936929 0.02104866 -0.1990131 -0.5747283 0.7937766 -0.1990481 -0.5744544 0.793966 -0.1990121 -0.5746744 0.7938159 0.8021007 -0.4467558 0.3962876 0.1524928 0.8456675 -0.5114612 0.1528617 0.8461571 -0.5105406 0.1523681 0.8456179 -0.5115804 -0.7367659 -0.2879546 -0.6117665 -0.7362499 -0.288066 -0.612335 -0.7363271 -0.2879201 -0.6123108 0.06152915 -0.2295895 0.9713408 0.7167133 -0.648226 -0.2571483 0.7164934 -0.6481402 -0.257976 0.7164977 -0.6481778 -0.2578696 0.7385553 0.3387317 0.5829212 0.7386429 0.3390443 0.5826283 0.7386603 0.3392055 0.5825123 0.3058618 0.2894127 0.9070219 -0.2931169 0.05374866 0.9545646 0.3502594 0.7420156 0.5716042 0.70947 -0.6528586 0.2653831 0.7096463 -0.6522906 0.2663066 0.7095339 -0.6527463 0.2654882 -0.7430895 -0.6646926 -0.07747089 -0.7427546 -0.665203 -0.07629364 -0.7429617 -0.6648702 -0.07717335 -0.5201689 0.6508519 0.5530065 -0.521196 0.6511245 0.5517171 -0.5209892 0.6511653 0.5518643 0.1595819 -0.2716373 0.9490768 0.1595358 -0.2719336 0.9489998 0.15953 -0.271646 0.9490832 0.3652839 0.4573084 0.8108248 0.006556928 -0.3650243 0.930975 0.00641632 -0.3650802 0.930954 0.006399631 -0.3651241 0.9309368 0.2788849 0.5140567 0.8111529 0.2794142 0.5144081 0.8107479 0.2786737 0.5140419 0.8112349 0.5900078 0.7857533 -0.1856955 0.5898669 0.7858904 -0.1855626 0.5901806 0.7855907 -0.1858339 -0.154432 -0.2645708 -0.9519207 -0.1542933 -0.2648198 -0.951874 -0.1543784 -0.2646317 -0.9519125 -0.4028251 -0.4449791 -0.7998284 -0.402816 -0.4449672 -0.7998397 -0.4029009 -0.445047 -0.7997525 -0.5418179 0.2704017 -0.7958118 -0.5415793 0.2701607 -0.796056 -0.5418086 0.2703786 -0.795826 0.2783531 0.816985 -0.5050299 0.782271 -0.02880465 -0.6222721 0.7823997 -0.02862906 -0.6221182 0.7810289 -0.02945983 -0.6237996 0.4692693 0.86872 -0.1584677 0.4690613 0.8688855 -0.1581762 0.469063 0.868923 -0.1579652 0.3099884 0.07347279 -0.9478971 0.3098052 0.07340067 -0.9479627 0.3097192 0.07339674 -0.9479911 -0.4319869 0.6684077 -0.6054903 -0.7432147 -0.6614975 -0.1002646 0.5418788 -0.6099219 -0.578241 0.618838 -0.6352288 -0.4620867 -0.03906631 0.3300074 -0.9431697 -0.302239 -0.08462613 -0.9494684 -0.3030393 -0.0848726 -0.9491912 -0.3023191 -0.08462917 -0.9494425 -0.46529 -0.6214076 -0.6303632 0.1129517 -0.8447275 -0.5231421 0.1473541 -0.3631353 -0.9200107 0.3024878 0.135073 -0.9435341 0.3024371 0.1351082 -0.9435453 0.3024713 0.1350855 -0.9435376 -0.2327871 0.2564985 -0.9380932 -0.2327688 0.2564877 -0.9381006 -0.2325984 0.2567745 -0.9380645 0.678338 -0.7344915 -0.0194934 -0.1560683 0.2874689 -0.9449891 -0.1561075 0.2875511 -0.9449577 -0.1558064 0.2876359 -0.9449815 -0.9247308 0.1570936 0.3466908 -0.2845228 -0.1215385 -0.9509339 -0.2845153 -0.1215324 -0.9509369 -0.2845535 -0.121385 -0.9509443 0.2739245 0.03328996 -0.9611749 -0.3972856 -0.006480872 -0.9176722 -0.3507559 0.4897208 -0.7982129 -0.3508494 0.4893028 -0.7984281 -0.784279 0.4715837 -0.4031318 0.03317636 -0.3609883 0.9319801 0.03341168 -0.3613749 0.9318218 0.033589 -0.3612105 0.9318792 0.3271557 0.3808159 0.8648402 0.3269176 0.381052 0.8648262 0.3269695 0.3810905 0.8647896 -0.2376941 -0.279686 0.9302029 -0.2377686 -0.2798172 0.9301444 -0.2376354 -0.2794778 0.9302805 -0.3352047 0.2599832 0.9055643 -0.27738 -0.3429622 0.8974615 0.2012752 -0.245231 0.9483407 0.7909874 0.05379325 0.6094631 0.7910584 0.0537067 0.6093786 0.7907317 0.05391645 0.609784 0.2745 0.2637163 0.924718 0.1992131 0.7824224 0.590025 0.1992303 0.7821169 0.590424 0.1992214 0.782406 0.5900439 -0.2021905 0.244262 0.9483961 0.4674438 -0.4767818 0.7444297 0.4381185 -0.394906 0.8075281 0.4378375 -0.3950758 0.8075973 0.4380871 -0.3948531 0.807571 0.5475186 0.7809271 0.3006264 0.5472884 0.7809621 0.3009548 0.5473631 0.7810646 0.3005525 -0.4131193 0.1551838 0.8973575 -0.9761763 0.1981875 -0.08832776 0.2237964 -0.6096155 -0.76045 0.2209922 0.2093373 0.9525442 0.3420636 0.6690534 -0.6598182 0.3422144 0.6692554 -0.6595351 0.3417895 0.6691347 -0.6598777 -0.2945502 0.1322333 0.9464432 -0.9940351 -0.05344396 0.09506916 -0.9939894 -0.0536285 0.09544223 -0.994022 -0.05352491 0.09516012 -0.2158534 -0.2891055 0.9326443 0.06477642 -0.9001 0.4308413 -0.3106377 -0.4985097 0.8093161 -0.8667413 0.3175812 0.3845798 -0.8671564 0.3175896 0.3836362 -0.867082 0.3176513 0.3837534 -0.7092432 0.3518424 0.6108855 -0.709093 0.351635 0.6111791 -0.7092406 0.351831 0.610895 -0.7713389 0.1104006 0.6267758 -0.7712574 0.1103244 0.6268898 -0.7719213 0.110836 0.6259816 -0.1607134 0.3114449 -0.9365754 0.3702577 0.4434731 -0.816236 0.5117916 -0.5201817 -0.6837254 -0.8050702 -0.5919901 -0.03754752 -0.5341306 0.8219686 -0.1976669 -0.9988174 -0.04763162 0.009750545 0.2292587 0.6377463 0.7353367 0.4590095 -0.7447826 -0.4843648 0.4584417 -0.7451573 -0.4843261 0.4586926 -0.7449998 -0.4843309 0.3710035 -0.7098697 0.5986999 0.2951691 0.05886286 -0.9536301 -0.09738796 0.2722034 -0.9572988 -0.09692847 0.2723398 -0.9573066 -0.3209839 -0.1652512 -0.9325563 0.004454076 -0.8687831 -0.4951729 0.1373698 -0.3259152 -0.9353656 0.1376081 -0.3262958 -0.9351979 0.3181864 0.1307886 -0.9389632 -0.2022662 0.1556885 -0.9668762 0.04472237 -0.2779482 -0.9595544 0.5059803 0.5707749 -0.6466839 0.5056623 0.5708109 -0.6469007 0.5061566 0.5706722 -0.6466366 -0.1498377 -0.1633401 -0.975125 -0.1495997 -0.1633708 -0.9751564 -0.1497122 -0.1636048 -0.9750999 0.9831991 0.1823873 -0.007395029 0.9832466 0.1821558 -0.006738901 0.9832228 0.1822806 -0.006846308 0.2802352 0.25536 0.925343 0.2800808 0.2552808 0.9254116 0.2800015 0.2552532 0.9254432 0.2647351 -0.2045621 0.9423745 0.9758183 0.18801 0.1114937 0.9757511 0.1883367 0.1115305 0.975807 0.1880113 0.1115904 -0.5735974 0.6304541 0.5229855 -0.3411723 0.4183647 0.8417674 -0.3415078 0.4185399 0.8415443 -0.3413056 0.4184822 0.8416551 -0.5755575 -0.477568 0.663824 -0.5755513 -0.4778429 0.6636317 -0.5752826 -0.4779585 0.6637814 -0.2358474 -0.3586909 0.9031705 -0.235872 -0.3585715 0.9032115 -0.2359408 -0.3584418 0.903245 0.3970755 -0.3961482 0.8278877 0.3966514 -0.3963427 0.8279977 0.6886713 -0.5750225 0.4416797 0.6887878 -0.5750029 0.4415236 0.6886392 -0.5747841 0.44204 0.2727009 0.3326559 0.9027593 0.4479548 0.7223049 0.5268891 0.4479655 0.7223037 0.5268818 0.4473882 0.7220551 0.5277122 -0.5746337 0.06724154 0.8156439 -0.6133897 0.06757652 0.7868841 -0.612949 0.06713336 0.7872653 -0.6133396 0.06756168 0.7869245 0.1675884 -0.7864416 0.5944945 0.3442125 -0.3588822 0.8675953 0.960431 -0.2369293 -0.1464129 0.1184434 0.3150619 0.9416514 0.1185104 0.3149919 0.9416664 0.1184939 0.314967 0.9416768 -0.163033 0.3135337 -0.9354768 -0.163362 0.313481 -0.9354371 -0.03013443 0.01182287 -0.999476 0.9458849 -0.2705888 -0.1791188 0.9811747 -0.02938187 0.190874 0.9827374 -0.03192585 0.1822308 0.9606943 0.269163 0.06795442 0.9056792 0.3110691 0.2880647 0.9921537 0.1241028 -0.01515007 0.9074556 -0.4063913 0.1066325 0.7836388 0.4708612 0.4052163 0.7457939 0.3414374 0.5720245 0.6455236 0.5527355 0.5270512 0.5302022 0.515519 0.6731463 0.5053996 0.7230626 0.4709053 0.398954 0.7026959 0.5891131 0.3991965 0.7024824 0.5892035 0.3989081 0.702811 0.5890069 0.5962207 0.3139778 0.7388768 0.525654 0.05703157 0.8487847 0.6143006 0.319233 0.7216128 0.9003368 0.2871235 0.3270379 0.6649588 0.09891933 0.7403005 0.9669142 -0.2074006 0.1485326 0.8273733 -0.4418044 0.3467888 0.5381535 -0.3086251 0.7843096 0.5296253 -0.544359 0.6505154 0.6221058 -0.2865079 0.7286272 0.765446 -0.5212721 0.3773168 0.6716971 -0.5079446 0.539273 0.6717835 -0.5079555 0.5391551 0.6718831 -0.508 0.538989 0.2228014 -0.2846621 0.9323771 0.3551517 -0.5632801 0.7460449 0.5185007 -0.795733 0.3129955 0.5290807 -0.5428308 0.6522334 0.3586664 -0.6870131 0.6319586 0.2759548 -0.5408272 0.7945784 -0.3688808 -0.7136083 0.5955588 -0.1135549 -0.3355353 0.9351585 0.1135315 -0.3911066 0.9133161 0.303365 -0.6302829 0.7146419 0.1880067 -0.5282081 0.8280397 0.1265442 -0.8335188 0.5378041 -0.05800086 -0.9797787 0.1914933 -0.07193672 -0.2403082 0.9680275 -0.3201947 -0.2102372 0.9237293 -0.688693 -0.3570759 0.63103 -0.5208814 -0.8366788 0.1692667 -0.4727658 -0.6310088 0.6150777 -0.4169921 -0.7596573 0.4990375 -0.5137798 -0.638228 0.5733196 -0.251286 -0.7794896 0.5738043 -0.1777973 -0.9572063 0.2283518 -0.2971171 -0.8488657 0.4372054 -0.3276841 -0.8739586 0.3589146 -0.2630286 -0.8300803 0.491714 0.06529814 -0.8836894 -0.4634969 -0.06524538 -0.954141 0.2921611 -0.2501463 -0.9672549 -0.04295223 -0.1157218 -0.9093521 0.3996088 -0.2922265 -0.9297407 0.2240225 -0.03728377 -0.8440724 0.5349315 0.1161612 -0.9606432 0.2523319 0.3791463 -0.7563572 -0.5330777 0.3982706 -0.8953483 0.1993294 0.2937059 -0.8664909 0.4036464 0.1251395 -0.9397507 0.3181331 0.2129114 -0.805504 0.553021 0.2129655 -0.8053069 0.5532871 -0.5862367 -0.4728514 0.6578283 -0.7542485 -0.482361 0.4454627 -0.7542417 -0.4824945 0.4453297 -0.7541932 -0.4826171 0.4452793 -0.6211414 -0.4901531 0.6115008 -0.9458766 0.2706019 -0.1791428 -0.9811722 0.02938073 0.1908874 -0.9827383 0.03192871 0.1822258 -0.9606711 -0.2692237 0.06804311 -0.882974 -0.3193833 0.3440222 -0.9921533 -0.1241058 -0.01515835 -0.9074458 0.4064054 0.1066626 -0.4810743 0.1507306 0.8636249 -0.45662 -0.04420864 0.8885628 -0.6885001 -0.3570291 0.6312669 -0.9116449 -0.3244323 0.2522845 -0.6602918 -0.1041491 0.7437525 -0.7701581 0.02013063 0.6375353 -0.6933149 0.1661849 0.7012112 -0.7254022 0.3315619 0.6032066 -0.6510292 0.3685765 0.6635604 -0.5780075 0.3572304 0.7336851 -0.009110808 0.2962649 0.9550625 0.2941925 0.5650528 0.7708218 -0.2158322 0.3884297 0.8958453 -0.1948069 0.9650983 0.1750304 0.1050071 0.9792079 0.1735668 0.01356041 0.9998695 0.008794426 0.2062833 0.9784881 -0.002864897 0.4022039 0.9063394 0.1295416 -0.4086639 0.8858694 0.2196121 -0.3048351 0.9517723 0.03471612 -0.1258988 0.9918893 0.01746791 -0.5202898 0.4470179 0.7276493 -0.7354148 0.3439098 0.5838589 -0.5848071 0.3646616 0.7245845 -0.566201 0.5747917 0.5907884 -0.4535686 0.6951273 0.5577397 -0.45342 0.6950252 0.5579876 -0.4535348 0.6949396 0.5580011 -0.4502807 0.6872943 0.5699772 0.3126917 0.860429 0.4023503 0.3131182 0.8604648 0.4019419 0.3129176 0.8604104 0.4022145 0.3237353 0.8900548 0.320933 0.2097129 0.8820856 0.4218358 0.1228066 0.9244992 0.3608598 0.113795 0.9644993 0.2383105 -0.1022628 0.9301867 0.352555 -0.1586257 0.8781388 0.4513427 -0.1585969 0.8780341 0.4515565 -0.1586171 0.8780963 0.4514282 -0.3384819 0.8843224 0.3215649 -0.2894137 0.9416059 0.1720994 -0.3034872 0.8114199 0.4994933 -0.1918641 0.6399075 -0.7441146 -0.1920375 0.6395066 -0.7444145 -0.1915748 0.6399368 -0.7441639 -0.05480015 0.8582808 0.510246 0.02639335 0.949476 -0.312728 0.02604645 0.9493575 -0.3131165 0.02667039 0.9494863 -0.3126733 0.04920196 0.04841834 0.9976147 0.05114912 0.05162149 0.9973561 -0.03464335 0.04857146 0.9982188 0.06389713 0.05092239 0.9966564 -0.009773194 -0.01852315 0.9997807 0.1330744 -0.07668077 0.9881353 0.1262695 -0.01050013 0.9919404 -0.05248719 0.09442919 0.9941471 0.003672003 -0.002338051 0.9999906 0.002501666 0.001132488 0.9999963 0.07435697 0.1387392 0.9875336 -0.05443066 0.05586272 0.9969537 -0.05101788 -0.0957449 0.9940977 -0.043334 -0.09526705 0.9945081 0.01650398 0.05750542 0.9982088 -0.006385087 0.2141904 0.9767711 1.45722e-4 -3.20934e-5 1 -0.003501355 0.01087868 0.9999348 -0.002775371 0.003616333 0.9999897 -0.00160706 -5.70345e-4 0.9999986 -0.0556454 0.05427402 0.9969744 -0.04383593 -0.03549671 0.9984079 0.0523436 -0.04763615 0.9974923 -0.0107764 0.07176095 0.9973636 -0.06132036 -0.1613482 0.9849907 0.07303792 -0.02367562 0.9970481 0.00489664 -0.002217292 0.9999856 0.006039559 0.00117582 0.9999812 0.1831829 -0.03583854 0.9824255 0.1331107 -0.008146047 0.9910677 -1.38656e-4 0.001134455 0.9999994 -0.1019982 0.6792657 -0.7267699 -0.4139589 0.5803881 -0.7012758 -0.7576947 0.4822273 -0.4397221 -0.9037685 0.208047 -0.3740575 -0.7965794 -0.155289 -0.5842487 -0.6517149 -0.5277577 -0.5447381 -0.2917734 -0.6414469 -0.709517 -0.07818299 -0.6358039 0.7678807 -0.5008876 -0.6531012 0.5679529 -0.7273979 -0.4191606 0.5433201 -0.8695954 -0.05322074 0.4908883 -0.8606051 0.3052272 0.4076706 -0.7968589 0.6041279 -0.006736218 -0.3224412 0.6913869 0.6465415 0.07818251 -0.63581 -0.7678757 0.5008866 -0.6531023 -0.5679525 0.7273858 -0.4191504 -0.5433443 0.8695943 -0.05320638 -0.490892 0.7862614 0.2788687 -0.5513849 0.5699901 0.5609211 -0.6003988 0.2246534 0.7827346 -0.5803943 0.1006772 0.7937461 0.5998595 0.4587934 0.6432542 0.6129703 0.7939687 0.6076285 -0.02003884 0.9005956 0.2096883 0.3807342 0.7965533 -0.1552816 0.5842865 0.6517218 -0.5277603 0.5447273 0.2917755 -0.6414417 0.7095208 9.41691e-6 9.87885e-6 -1 -4.06264e-5 1.19738e-4 -1 0 0 -1 1.87232e-6 0 -1 -1.34063e-5 2.84429e-5 -1 -7.54761e-5 1.88413e-4 -1 -6.83164e-6 0 -1 -4.47263e-5 5.97688e-5 -1 0 6.63664e-6 -1 2.80255e-5 1.01651e-4 -1 -1.33789e-6 0 -1 -7.36826e-6 -1.67884e-5 -1 -1.68547e-5 -1.98561e-5 -1 2.12308e-6 2.28793e-6 -1 1.28398e-6 1.66454e-7 -1 1.60707e-5 6.25023e-6 -1 0 4.68739e-6 -1 2.09646e-4 -2.1869e-4 -1 5.22668e-6 2.59895e-7 -1 8.06408e-6 -2.14897e-6 -1 8.35078e-6 6.70966e-5 -1 0 9.53999e-6 -1 8.00178e-5 -1.33957e-5 -1 0.6725029 -0.737869 -0.0573523 0.890452 -0.4496999 -0.06975299 0.9964799 -0.01733386 -0.08202105 0.9312349 0.3638712 0.01998603 0.8253842 0.5416072 -0.1593821 0.5274026 0.8306851 -0.1783502 0.3911497 0.9000905 0.1919352 0.1302779 0.990766 0.03755575 0.160489 -0.9812867 0.1063939 0.7129669 0.6493237 0.2646831 0.9363598 0.3504657 -0.02010476 0.993509 0.03295719 0.108875 0.9082282 -0.3787572 0.1779451 0.7183218 -0.6761739 0.1637158 0.429622 -0.882195 0.1927613 -0.08276128 0.9866042 -0.140581 -0.1569803 0.9874681 0.01624995 -0.2252563 0.9702137 -0.08913624 -0.4651815 0.8646914 0.1895121 -0.5574025 0.8181571 -0.1411438 -0.7682305 0.632519 -0.09870046 -0.7863888 0.6177125 0.004897475 -0.9003902 0.3916106 0.1895751 -0.9527326 0.1832246 -0.2423419 -0.9900466 0.1347715 -0.04055082 -0.9424061 -0.2581063 -0.2127251 -0.778841 -0.6103608 -0.1444525 -0.4654772 -0.8847359 0.02394932 -0.09956455 -0.9938412 -0.04864853 0.3324893 -0.9274879 -0.1709308 0.2246755 0.9700827 -0.09198093 -0.12813 -0.9897557 0.06297916 -0.4543043 -0.8904528 -0.02648746 -0.630752 -0.7612236 0.1506344 -0.8124378 -0.5830426 0.002505898 -0.9020586 -0.4072191 0.1430492 -0.9720229 -0.09713065 0.2138627 -0.2874989 -0.2631347 0.920926 -0.4300966 -0.1548838 0.8893975 -0.318116 0.09449326 0.943331 -0.01849246 0.3161196 0.9485392 -0.5826664 -0.08246725 0.8085166 0.1025118 -0.2683907 0.9578402 -0.1048946 0.03567516 0.9938433 -0.0279901 -0.07631868 0.9966905 -0.07761085 0.1356253 0.9877158 -0.09450739 0.08082413 0.9922379 -0.1620499 0.04884791 0.9855729 0.2665948 -0.709883 0.6519151 0.07809633 0.06964719 0.9945101 -0.02261751 0.08870279 0.9958014 -0.09701734 0.08245283 0.9918615 -0.06226241 -0.05532258 0.9965254 -0.0468626 -0.1052677 0.9933392 -0.01627445 -0.06300854 0.9978804 0.03967189 -0.06634181 0.997008 0.06666409 0.02983379 0.9973294 0.02756214 0.05121326 0.9983074 -0.0371437 0.7385339 0.6731925 -0.07993149 0.1411029 0.9867628 0.1061534 -0.1064258 0.988638 0.08061695 0.07234489 0.9941163 0.005749881 0.0437228 0.9990272 -0.01950043 -0.2386509 0.9709096 0.02730602 -0.01944023 0.9994381 0.1841812 -0.06532633 0.980719 0.1760474 -0.003874301 0.9843741 -0.09202909 -0.08711576 0.9919384 0.1163711 -0.02940374 0.9927706 0.09767919 0.03816258 0.9944861 -0.08108848 -0.05211406 0.9953436 0.01343548 -0.06075578 0.9980623 0.03784644 0.0824877 0.9958732 0.07216155 0.004228293 0.997384 -0.09518551 0.01377987 0.9953642 0.9083286 0.4158541 -0.04477167 0.7194029 0.6698897 -0.1835953 0.3928356 0.9072887 -0.150025 0.0825299 0.9837076 -0.1597127 -0.2216959 0.9701883 -0.09790647 -0.4910181 0.8431839 -0.2189568 -0.7582486 0.5359528 -0.3712325 -0.9654261 0.2366011 -0.1094191 -0.9362325 0.1054881 0.3351735 -0.8329562 0.3976036 0.3848316 -0.5702087 0.6617269 0.4868055 -0.3264201 0.8933603 0.3087997 -0.03518456 0.9416196 0.3348355 0.302014 0.9141535 0.2703903 0.5287294 0.7495834 0.3982084 0.7704662 0.597837 0.2212982 0.8982872 0.3506538 0.2648057 0.9758556 0.0333538 0.2158553 -0.9752267 -0.05593699 -0.2140188 -0.8973869 -0.4029325 -0.1798397 -0.7431402 -0.6620903 -0.09684634 -0.4668494 -0.8673846 -0.1723247 -0.1200194 -0.9925246 -0.02214354 0.2414833 -0.9650831 0.1014908 0.488265 -0.8515249 -0.191057 0.7490151 -0.6508892 -0.1237726 0.9335196 -0.3143624 0.1723874 0.9996199 0.002943098 0.02741265 0.9549884 -0.2964683 -0.01018899 0.7752509 -0.5762522 0.258688 0.5567072 -0.7505956 0.3559263 0.2022203 -0.9289775 0.3100125 -0.122976 -0.9924064 -0.002588808 -0.3805362 -0.890442 0.2496101 -0.6072846 -0.7327553 0.3070425 -0.7835183 -0.5652841 0.2579789 -0.8642844 -0.2454143 0.4390721 0.004445195 -0.008518397 0.9999539 0.004541516 -0.008738577 0.9999516 3.77173e-4 -0.004047572 0.9999918 -9.59937e-4 8.00821e-4 0.9999992 -8.26221e-4 -0.003721892 0.9999927 -8.07098e-4 -3.11008e-4 0.9999997 -0.005228698 0.008991837 0.999946 4.30976e-4 6.45103e-4 0.9999997 -0.002655327 0.002897202 0.9999924 -0.003365039 0.004746615 0.9999831 0.002766132 -0.004643797 0.9999854 2.22914e-4 0.001394748 0.9999991 0.001973509 -0.002718269 0.9999945 3.12902e-4 8.23943e-4 0.9999997 8.77472e-4 -6.80596e-4 0.9999994 2.80098e-4 0.003530621 0.9999938 5.4588e-4 4.01547e-4 0.9999998 0.01321476 -0.5285803 0.8487806 0.0130847 -0.5285175 0.8488216 0.01332455 -0.528603 0.8487647 -2.16581e-4 -0.5381692 0.8428369 0.001178741 -0.4565291 0.8897078 4.95607e-4 -0.4572312 0.8893478 4.94674e-4 -0.4571459 0.8893917 -0.01888263 -0.5109603 0.8593969 0.01793938 -0.512433 0.8585398 -0.01016598 -0.5154736 0.8568452 -0.01020199 -0.5154862 0.8568372 -0.01019781 -0.5156572 0.8567344 0.01490002 -0.5024302 0.8644894 0.004660665 -0.5358167 0.8443215 -0.1481521 -0.3433328 0.9274555 -0.01075923 -0.5120402 0.8588942 0.005180835 -0.5331188 0.8460246 0.01292926 -0.5024448 0.8645127 -0.005184769 -0.5034965 0.8639818 -0.752587 -0.656254 0.05425286 -0.7525154 -0.6563553 0.05402094 -0.7525835 -0.6562605 0.05422288 -0.8465064 -0.532324 -0.007628858 -0.8464305 -0.5324411 -0.007876098 -0.8464834 -0.5323572 -0.007877945 -0.1154913 -0.9369744 0.3297585 -0.04333412 -0.7217499 -0.6907961 -0.04338908 -0.7217476 -0.6907951 -0.04243677 -0.7211215 -0.6915077 -0.03768545 -0.6687059 -0.7425714 -0.03734999 -0.6689774 -0.7423437 -0.03736442 -0.6689769 -0.7423436 -0.04652416 0.1299939 -0.9904227 -0.9987275 0.03601652 0.03530251 -0.4811335 -0.1348751 0.8662098 -0.4811792 -0.1345263 0.8662385 -0.4811376 -0.1347439 0.8662279 -0.6528877 0.7529454 -0.08252799 -0.6529114 0.7529556 -0.08224737 -0.6528917 0.7529448 -0.08250331 -0.9814418 0.1220123 0.1479359 -0.00575298 0.4282729 -0.9036312 -0.03852123 0.7477167 -0.6628997 -0.9867173 0.07941627 -0.1417117 -0.9993805 0.01105833 0.03341203 -0.9998594 -0.001525521 0.01670384 -0.9999881 -0.004481375 -0.001960158 -0.9998564 -0.001552104 0.01687884 -1 -5.83858e-5 -8.75346e-5 -0.01764458 0.02504491 0.9995307 -0.03581184 -0.5845968 0.8105332 -0.0358318 -0.58448 0.8106166 -0.03547936 -0.5848752 0.810347 -0.03088557 -0.6449062 0.7636374 -0.03485476 0.8858539 0.4626533 -0.03303819 0.2478801 0.9682272 -0.02512544 0.7573369 0.6525408 -0.7068405 0.02201282 0.7070304 -0.7050427 0.03659248 0.7082202 -0.5570039 -0.6298406 0.5413387 -0.5569892 -0.6298416 0.5413526 -0.5568454 -0.6294881 0.5419114 -0.5500495 -0.6440677 0.5316224 -0.02008998 0.5065482 0.8619776 0.09773331 0.987239 -0.1257271 -0.04517549 0.9947037 0.09232515 -0.01946032 0.9995518 -0.02274912 -0.03670513 0.9993225 0.002712428 -0.01102781 0.9999057 -0.00818479 -0.03716278 0.9894204 0.140236 0.1032095 0.9861596 -0.1297581 -0.6938032 0.3468273 0.6311482 -0.4011412 0.4770836 0.78197 -0.4011433 0.477078 0.7819724 -0.4008543 0.477046 0.78214 -0.5714423 0.5898979 0.5705036 -0.1797536 0.8151718 0.5506211 -0.9061827 -0.04397451 0.420594 -0.03277575 -0.9994358 0.007346808 -0.02265352 -0.9997405 0.002419292 -0.02284049 -0.9997255 0.005220949 -0.04772937 -0.9987447 -0.0152015 -0.08647459 -0.994691 0.05578398 -0.02190071 -0.9997373 0.006768703 -0.04662609 -0.9988978 0.005414724 -0.4035066 -0.8799459 0.2507547 -0.4034823 -0.8800159 0.2505478 -0.4031819 -0.8801606 0.2505232 -0.4265189 0.8140717 0.3941689 -0.4768975 0.7488217 0.4602552 -0.9154225 0.00758028 0.4024231 -0.9313658 0.05212515 0.3603343 -0.6773394 -0.0381844 0.7346791 -0.5200558 0.07397848 0.8509225 -0.5943994 0.6925832 0.4086784 -0.5946315 0.6924008 0.4086499 -0.5949819 0.69207 0.4087002 -0.6078809 0.7924287 0.05037581 -0.6076394 0.7926368 0.05001431 -0.6073238 0.7927978 0.05127739 -0.9629259 0.2644752 0.05316829 -0.9627592 0.2650015 0.05356204 -0.9628418 0.2647438 0.0533511 -0.7409207 -0.6029534 0.2957768 -0.3999243 -0.8469657 0.3502995 -0.233228 -0.8175243 0.5265538 -0.2541224 -0.6739913 0.6936552 -0.007338285 -0.6268571 0.7790998 -0.5303199 -0.5900542 0.6087667 -0.5304032 -0.5901269 0.6086236 -0.5303839 -0.5897915 0.6089655 -0.3001857 -0.6280491 0.7179435 -0.3000707 -0.6280571 0.7179846 -0.3000503 -0.6284217 0.7176741 -0.400874 -0.8451431 0.3536006 -0.4008987 -0.8450892 0.3537011 -0.4007492 -0.8451083 0.3538253 -0.4815065 -0.7814188 0.3969084 -0.9292724 -0.3665364 0.04586994 -0.709208 -0.703335 0.04841423 -0.660074 -0.7500433 0.04168444 -0.4237514 -0.9039301 0.05783885 -0.8998259 -0.4331597 0.05182653 -0.899972 -0.4328579 0.05181336 -0.9450395 -0.3265452 -0.01638895 3.60549e-4 -0.9996651 0.02587836 7.05536e-4 -0.9996371 0.02693098 0.2565653 -0.8915984 0.3731308 0.5185073 -0.7510393 0.4087667 0.3658329 -0.6526429 0.6634935 0.3656793 -0.6526724 0.6635492 0.365719 -0.6528806 0.6633225 0.7692142 -0.5938957 0.2357912 0.07860058 -0.594576 0.8001884 0.1703533 -0.8588749 0.4830256 0.2563838 -0.7199946 0.6448839 0.4738699 -0.7980303 0.3722835 0.532031 -0.6881734 0.4933158 -9.40993e-4 -0.6263995 0.7795017 7.93427e-4 -0.8926839 0.4506826 -0.001447319 -0.9189125 0.3944587 -0.003103911 -0.9879157 0.1549611 -0.002712011 -0.9878647 0.1552936 -0.002608835 -0.9878705 0.1552585 -9.08314e-4 -0.7060447 0.7081667 -0.001222372 -0.7341637 0.6789714 -0.001038312 -0.6289052 0.7774813 0.7460875 0.2142034 0.6304525 0.0447753 0.868825 0.4930907 0.0439164 0.8693442 0.4922521 0.04495692 0.8685498 0.4935588 0.01546043 0.3926716 0.9195489 0.4760329 0.3773302 0.7943644 0.7534168 0.05064004 0.6555905 0.9137653 0.3107121 0.261708 0.4764689 0.6498955 0.5921261 0.2133193 0.4677416 0.8577371 0.9397358 0.1694716 0.2969446 0.9458578 0.3196904 0.05613601 0.9458577 0.3196904 0.05613899 0.9455244 0.3205236 0.05699294 0.7528955 0.6572775 0.03368514 0.09850633 -0.9943892 0.03855746 0.4190871 -0.9065881 0.04963999 0.5663543 -0.8232962 0.03776532 0.9617063 -0.2740693 0.002678334 0.9616656 -0.2742149 0.00238502 0.9616636 -0.2742213 0.002442777 0.9453242 -0.3259177 -0.0118227 0.9453282 -0.3259071 -0.0118013 0.9453153 -0.3259413 -0.01189363 0.8994882 -0.4343479 0.04757046 0.9160147 -0.3991008 0.04044377 0.9159914 -0.3992142 0.03984779 0.9188846 -0.3920925 0.04375487 0.68312 -0.7285879 0.05006742 0.6271271 0.7745733 -0.08214545 0.6267818 0.7748689 -0.08199298 0.9797042 0.1312419 0.1515101 0.9796946 0.1311576 0.1516454 0.979717 0.1312515 0.1514189 0.9995525 0.02203607 0.0202288 0.02801877 0.4712545 -0.8815522 0.02334666 0.4463453 -0.8945562 0.7931745 -0.6084002 0.026901 0.7932608 -0.6082889 0.02687162 0.793258 -0.6082937 0.02684605 0.7880133 -0.6148881 0.03078514 0.04564785 -0.5969814 -0.8009554 0.04563456 -0.5969815 -0.8009561 0.04446846 -0.5959617 -0.8017807 0.04301434 -0.6129415 -0.7889566 1 1.71532e-4 1.30268e-4 0.9998307 -3.30431e-4 0.01840025 0.9992462 -0.003958344 -0.03861868 1 4.66866e-4 2.42407e-4 0.04695278 0.9987287 0.01834243 0.0397703 0.9992037 0.003219664 0.02939862 0.9922009 0.1211333 0.01737505 0.9997454 -0.01439362 -0.06723886 0.992529 -0.1018095 0.02241522 0.9994907 -0.02271777 0.02134442 0.9997717 -0.001014173 0.04007089 0.6599662 0.750226 0.04056066 0.659592 0.7505286 0.04057103 0.659592 0.7505281 0.02940511 0.7823777 0.6221098 0.02892732 0.7826818 0.6217495 0.02891212 0.7825926 0.6218625 0.01535129 0.0301705 0.999427 0.02618384 -0.6387606 0.7689599 0.04126346 -0.3983579 0.9163014 0.7059766 -0.02558821 0.7077728 0.7106938 0.02860122 0.7029199 0.4670646 0.7707106 0.4334234 0.5973442 0.5401284 0.5928248 0.5972793 0.5397294 0.5932535 0.5971059 0.5401327 0.5930609 0.1775225 0.9710886 0.159602 0.7621879 0.5691042 0.3085291 0.762269 0.5689578 0.3085989 0.7623412 0.5688861 0.3085528 0.5628346 -0.6261239 0.5396167 0.4800019 -0.7415448 0.4687319 0.4800776 -0.7412212 0.4691661 0.4799724 -0.7413145 0.4691263 0.03891819 -0.9991843 0.0107876 0.02702856 -0.999631 0.002743363 0.01876199 -0.999824 2.82593e-4 0.02006626 -0.9997975 0.001534581 0.02421468 -0.9996849 0.006618678 0.02325028 -0.9996965 0.008148729 0.04863238 -0.998814 -0.002376675 0.08474618 -0.9950086 0.05268883 0.1921121 -0.9675682 0.1640266 0.5260503 0.02532118 0.8500766 0.8934221 -0.004859089 0.4491921 0.5537848 -0.009940326 0.8326006 0.9068045 0.02311336 0.4209173 0.1812515 0.8023009 0.5687365 0.5559262 0.6136133 -0.5607361 0.5557441 0.6136766 -0.5608474 0.5558273 0.6137135 -0.5607243 0.4140565 0.3204677 0.8519729 0.4139852 0.3207013 0.8519196 0.4138838 0.3210102 0.8518525 0.1752747 0.7461945 0.6422404 0.1754632 0.7460842 0.6423169 0.1755837 0.7460631 0.6423087 0.6885453 -0.7236697 0.04698413 0.3118704 -0.9484214 -0.056867 0.3119329 -0.9484149 -0.05663126 0.3118693 -0.9484217 -0.05686914 0.04222542 -0.6114583 -0.7901492 0.7232474 -0.6787356 0.127402 0.9004792 -0.4348384 0.007272541 0.9356066 0.3509604 -0.03830397 0.9356012 0.3509609 -0.03842967 0.935648 0.3508625 -0.03819143 0.6814156 0.720185 0.1304087 0.3028949 0.9523398 -0.03610605 0.00820446 -0.0966736 -0.9952824 0.02694433 0.08597517 -0.9959329 0.03551691 0.7984894 -0.6009603 0.02854007 0.7129917 -0.7005915 0.9627261 -0.06785368 -0.261829 0.9823387 0.1869535 -0.00767976 0.9997169 -0.02262347 0.007363319 0.9997878 -0.02021002 0.003996491 0.9995511 0.02991694 0.001643896 0.9999994 0.001045525 5.53875e-4 0.03912597 0.9991909 0.009312927 0.07345801 0.9969169 0.02758061 0.02018648 0.9997834 0.005079746 0.01848411 0.9998131 0.005661487 0.03815811 0.9992495 0.006678044 0.01676005 0.9998561 0.002646148 0.02569276 0.9996547 0.005524098 0.01824271 0.4665913 0.884285 0.03700113 0.679256 0.7329681 0.03758531 0.6788687 0.7332972 0.03758484 0.6787983 0.7333624 0.6470212 0.4468403 0.6178166 0.5548344 0.6274012 0.5463759 0.0368663 -0.9085043 0.4162464 0.03685963 -0.9085045 0.4162465 0.03652316 -0.9086558 0.4159456 0.01765686 -0.4595622 0.8879702 0.03562957 -0.2261783 0.9734341 0.696758 -0.05690175 0.7150459 0.4442198 -0.7819729 0.4372497 0.6515138 -0.4417493 0.6167554 0.06562721 -0.9971621 0.03689306 0.0900402 -0.987888 0.1263729 0.04693317 -0.9988724 -0.007160842 0.01475286 -0.999832 -0.01088023 0.01635521 -0.9998332 -0.008144438 0.03998112 -0.9991976 0.002399742 0.1866978 -0.9328124 0.308229 0.1865343 -0.9327172 0.3086158 0.186582 -0.9328014 0.3083323 0.8370162 -0.03423136 0.5461064 0.8741518 0.03377664 0.4844769 0.3175297 -0.1328452 0.9388967 0.1807029 -0.3596786 0.9154113 0.139916 -0.3405916 0.9297425 0.1320356 -0.3167495 0.9392744 0.1254937 -0.348005 0.9290554 0.1630205 -0.387465 0.9073562 0.1629192 -0.3875643 0.907332 0.1630033 -0.3874497 0.9073659 0.2368289 -0.2979701 0.9247302 0.2846897 -0.3031522 0.9094232 0.3684334 -0.1700034 0.9139779 0.5030165 -0.01282835 0.8641816 0.5047474 -0.01327103 0.8631651 0.5037622 -0.01287269 0.8637466 0.5079219 0.01020658 0.8613427 0.3697564 -0.1497734 0.9169778 0.3332604 -0.1599506 0.9291681 0.1413876 -0.399529 0.9057517 0.324612 -0.1110187 0.9393093 0.511892 0.01152527 0.8589725 0.510181 0.01768893 0.8598853 0.870805 0.4912785 -0.01855152 0.8708062 0.4912726 -0.01864916 0.8707827 0.4913156 -0.01861202 0.9180148 0.396075 0.01932495 0.03416323 0.6212557 -0.782863 0.02941745 0.5763874 -0.8166469 0.02937734 0.5762704 -0.8167309 0.02987641 0.5766447 -0.8164486 0.903854 -0.4275917 0.0146141 0.88837 -0.4583815 -0.02617532 0.02361947 -0.02884894 -0.9993048 0.006090044 -0.1300738 -0.9914857 0.0494616 -0.6978687 -0.7145159 0.04912662 -0.6978884 -0.7145197 0.5707237 0.06516164 -0.8185527 0.6155899 -0.6814472 -0.3958268 0.615688 -0.6813108 -0.395909 0.6155933 -0.6814519 -0.3958134 0.9849321 0.1724898 -0.01249366 0.9111519 0.4120616 -0.002730906 0.7284233 -0.6851273 -2.39993e-4 0.7457964 -0.6661683 -0.002756834 0.7463187 -0.6655777 -0.003860175 0.746319 -0.6655764 -0.004013597 0.6014937 -0.7988727 0.002804994 0.6014816 -0.7988811 0.002987265 0.6000019 -0.7999873 0.00427109 0.5898529 -0.80751 -0.001217246 0.7270643 -0.07310283 0.6826664 0.6460298 -0.6830068 0.3408039 0.06246149 0.9974645 0.0341081 0.01933687 0.9998099 0.002493858 0.04537034 0.9989643 -0.003473579 0.06367683 0.9971541 0.04036146 0.03918933 0.9992184 0.005190074 0.01699692 0.9998556 -2.56428e-4 0.003063142 0.3740578 0.9274004 0.04365891 0.7264451 0.6858363 0.04368555 0.726378 0.6859058 0.04311215 0.7268146 0.6854793 0.6723426 0.3709133 0.6406081 0.5393571 0.6520668 0.5328254 0.04704785 -0.01025962 0.99884 0.0157563 -0.5535488 0.8326677 0.0318346 -0.6438943 0.7644519 0.03699946 -0.9993088 0.003634572 0.02441114 -0.9996976 0.002957582 0.06940692 -0.9975163 0.01200419 0.01260167 -0.9998958 -0.007051289 0.09569406 -0.9895914 0.107478 0.05289399 -0.9984112 -0.01942253 0.6958275 -0.01759791 0.7179934 -0.01050961 0.7841578 0.6204726 -0.01001691 0.7836233 0.6211557 -0.0104286 0.7839347 0.6207557 0.9636974 -0.01669901 0.266474 0.9950253 0.001107215 0.09961652 0.4587098 -0.7669252 0.4487885 0.6106964 -0.5417149 0.5775769 0.8774369 -0.05972385 0.4759595 0.8270011 0.02569532 0.5616129 0.515587 -0.01826626 0.8566426 0.5142236 -0.02194458 0.8573755 0.6239886 -0.08270573 0.7770444 0.5001553 -0.002747476 0.8659315 0.2951549 0.8384417 0.4581474 0.294851 0.8385192 0.4582017 0.2950512 0.8384563 0.4581875 0.4456176 0.7932131 0.4150156 0.4456214 0.793213 0.4150118 0.4454361 0.7934172 0.4148204 0.5352704 0.6585439 0.5289666 0.02582228 0.9996343 0.008038043 0.02582359 0.9996342 0.008039236 0.02575927 0.9996349 0.008172452 0.01924407 0.9997856 -0.007660269 0.05664932 0.9981395 -0.02254801 0.02741312 0.9996069 0.005888342 0.05375206 0.9984783 0.01232445 0.6198303 0.6299511 0.4679446 0.7650293 0.6111983 -0.2028969 0.7649153 0.6112151 -0.2032755 0.7647989 0.6113199 -0.2033979 0.01329624 0.8041326 0.5943014 0.01327902 0.8041331 0.594301 0.01330459 0.8044172 0.5939157 0.05948519 0.5965858 0.8003418 0.7099391 0.004684686 0.7042475 0.709783 0.003132522 0.7044134 -0.006120383 0.001796245 0.9999797 0.02944082 0.09786355 0.9947643 0.08295589 -0.6865495 0.7223353 0.03441512 -0.7911872 0.6106051 0.5407226 -0.6494411 0.5346451 0.4571661 -0.7801081 0.4271189 0.9999874 0.005016326 -4.41613e-4 0.9482384 -0.3175586 -7.01777e-4 0.9517315 -0.3069301 0.001182317 0.898485 -0.4389951 0.002839684 0.9218765 -0.3874785 -0.002045631 0.9201948 -0.3914137 0.0060907 0.04938042 0.8776627 -0.4767283 0.04971534 0.877654 -0.4767096 0.03458583 0.4530501 -0.8908139 0.04397624 -0.06259381 -0.9970698 0.04429966 -0.06311333 -0.9970227 0.04426693 -0.06311172 -0.9970242 0.02594512 -0.1675124 -0.9855286 0.9140511 -0.3287237 -0.2375947 0.9140736 -0.3284686 -0.2378611 0.9140122 -0.3286786 -0.2378069 0.9296586 -0.3166358 -0.1883525 0.929576 -0.3168979 -0.1883193 0.9296845 -0.3165472 -0.188374 0.04868 -0.3149238 -0.9478678 0.02862429 -0.7013773 -0.7122153 0.02861231 -0.7011386 -0.7124508 0.03396403 -0.9994164 -0.00363475 0.02843809 -0.9995821 0.005193829 0.02393352 -0.9996918 -0.006603538 0.02695614 -0.999623 -0.00524652 0.04662179 -0.9987888 -0.01573222 0.005874216 -0.9955241 -0.09432566 0.005658388 -0.9955316 -0.09426033 0.005264639 -0.9955178 -0.09442877 0.4603245 -0.7589017 0.4606187 0.5072531 -0.8217982 0.2595037 0.5072241 -0.8219366 0.2591217 0.5070924 -0.8218179 0.2597551 0.9561798 -0.02166491 0.2919777 0.7309592 -0.0525282 0.6803965 0.898855 0.08673787 0.4295769 0.5107193 -0.006243884 0.8597249 0.522008 0.01538372 0.8528019 0.1992642 0.9493063 0.243128 0.4990875 0.7474328 0.43847 0.499085 0.7474165 0.4385008 0.499082 0.7474876 0.4383828 0.7012161 0.6042929 -0.3783201 0.7012156 0.6042967 -0.3783152 0.7011928 0.6042639 -0.3784098 0.03956842 0.6554895 -0.7541671 0.03838592 0.6546106 -0.7549911 0.03838932 0.6546105 -0.7549911 0.03721261 0.6697482 -0.7416553 0.9582731 -0.03309077 -0.2839329 0.9906845 -0.00495094 -0.1360878 0.02543085 0.002675116 -0.9996731 0.03406745 -0.998734 -0.03701305 0.04209637 -0.6536252 -0.7556468 0.04244697 -0.653881 -0.7554059 0.04247969 -0.6539872 -0.755312 0.03938025 -0.6883102 -0.7243468 0.03095847 -0.01350915 -0.9994295 0.03097784 -0.0136522 -0.9994269 0.03088176 -0.01366275 -0.9994298 0.9228028 0.0207073 -0.3847158 0.9227475 0.02086311 -0.3848401 0.9228688 0.02062964 -0.3845616 0.99887 0.04750168 0.001579642 0.9998091 0.01940768 -0.002290844 0.9888257 0.1490316 -0.003643453 0.99943 -0.03349179 0.004254996 0.9994302 -0.03349399 0.004182875 0.9994457 -0.03308367 0.003729641 0.9992088 -0.03973442 0.001789152 0.9996582 -0.0259971 0.002763986 0.01347208 0.9995944 0.02508991 0.06366008 0.9976115 -0.026811 0.02651673 0.9996263 -0.006658792 0.02844083 0.9995917 0.002780437 0.04719364 0.9988848 0.00138998 0.05076217 0.1619017 0.9855005 0.0106455 0.7346667 0.6783447 0.04728633 0.6474959 0.7606005 0.003603816 -0.0098567 0.9999449 0.4971855 0.7286645 0.4710145 0.4971166 0.7287628 0.4709352 0.4965909 0.7290228 0.4710873 0.5530667 0.6298321 0.5453704 0.5531053 0.6298308 0.5453327 0.553198 0.6304852 0.5444818 0.04759532 -0.8518419 0.521632 0.05467033 -0.157846 0.9859492 0.0148729 -0.7858038 0.6182972 0.7095504 -0.01100027 0.7045689 0.7079319 -0.02541279 0.7058233 0.4871995 -0.735512 0.4708067 0.4570006 -0.7777414 0.4315887 0.02236402 -0.9996848 0.01141506 0.02880924 -0.9995816 0.002575039 0.03017014 -0.99953 -0.005439341 0.03713679 -0.9993067 -0.002676367 0.3828359 -0.8703716 0.3096609 0.3828582 -0.8702272 0.3100394 0.3830024 -0.8700566 0.3103395 0.8061066 -0.01409262 0.5916027 0.7804993 0.02858436 0.6245029 0.499147 -0.01231133 0.8664299 0.5539216 -0.08305269 0.8284161 0.492043 0.03432905 0.8698939 0.3162837 0.9361708 -0.1534569 0.3163295 0.9361352 -0.153579 0.316283 0.9361713 -0.1534556 0.9137772 -0.2377967 0.3293388 0.50501 -0.007167458 0.8630838 0.8663288 -0.4032524 0.2947235 0.7914617 -0.4783924 -0.3804327 0.8348106 -0.06645619 0.5465118 0.7360666 -0.1016364 0.6692355 0.5380891 -0.01349127 0.84278 0.90086 -0.129829 0.4142413 0.940387 0.09027582 0.3279066 0.6825947 0.04536002 0.7293881 0.9709156 0.2317698 0.06004661 0.8315861 0.1315602 0.5395894 0.7981069 0.2479271 0.5491425 0.7980076 0.2475198 0.5494706 0.798003 0.2475898 0.5494456 0.9616837 -0.1182224 0.2473623 0.7395572 -0.006980419 0.6730576 0.4972634 0.03229516 0.8669985 0.88714 0.3355707 0.3168201 0.8869923 0.3358804 0.3169054 0.887018 0.3359356 0.3167751 0.890317 0.3631184 0.2747377 0.937316 0.2332958 0.2588665 0.7163413 0.07522773 0.693683 0.877652 0.04279547 0.477384 0.6707185 -0.01356935 0.7415879 0.8369444 -0.2891686 0.4646566 0.8369826 -0.2892172 0.4645576 0.836942 -0.2890189 0.4647539 0.786455 -0.2384557 0.5697609 0.9935931 -0.0158376 0.1119016 0.9501602 0.2694327 0.1568489 0.9501678 0.2692446 0.1571267 0.8227843 0.3031767 -0.4807388 0.6969534 0.3149726 -0.6442425 0.03115099 0.3973133 -0.9171542 0.03464758 0.9989544 -0.02983039 0.03606128 0.1649678 -0.9856396 0.0360229 0.1651069 -0.9856177 0.03606265 0.164968 -0.9856394 0.01873844 0.2062668 -0.9783164 0.3328248 -0.7871881 0.5191944 0.333065 -0.786997 0.5193299 0.598451 -0.5363456 -0.5951386 0.599224 -0.5357709 -0.5948783 0.5987687 -0.5360538 -0.5950818 0.7085539 -0.5457277 0.4473618 0.7087163 -0.5455358 0.4473387 0.7087545 -0.5454345 0.4474017 0.2568745 -0.7203367 -0.6443063 0.2569642 -0.720247 -0.6443708 0.256825 -0.7203802 -0.6442775 0.03389787 0.1263196 -0.9914103 0.03382283 -0.5646789 -0.8246173 0.04493665 -0.3467304 -0.9368878 0.982562 -0.1856943 -0.009467363 0.9164023 0.4002068 0.006423056 0.9024933 0.4306756 0.004957616 0.929311 0.3692952 -0.001494765 0.9424876 0.3342405 -7.71841e-4 0.9426357 0.3338233 -2.29768e-4 0.9426368 0.3338204 -2.59973e-4 0.9402652 0.3404399 -0.001449882 0.4677314 0.1618193 0.8689315 0.3780161 -0.9241795 -0.05473887 0.3634272 -0.9316227 -2.38743e-4 0.3644002 -0.9312422 -7.75904e-4 0.3202687 -0.9438293 -0.08132833 0.3213036 -0.9434272 -0.08190917 0.3219042 -0.9431996 -0.08217227 0.3147507 -0.9448742 -0.09024894 0.3160623 -0.9443674 -0.09096735 0.3167296 -0.9441161 -0.09125387 0.1735013 0.1604633 0.9716733 0.5115663 0.1954773 0.8367129 0.5115703 0.1954144 0.8367252 0.5113877 0.1955595 0.8368031 0.2156527 0.1634745 0.962689 0.2156215 0.1637117 0.9626556 0.2154849 0.1641637 0.9626092 -0.3305259 0.9430624 0.03722584 -0.3305273 0.9430621 0.03722494 -0.3305276 0.943062 0.03722363 0.3326902 -0.9423668 -0.0355249 0.3326755 -0.9423692 -0.03560101 0.3326626 -0.942371 -0.03567439 0.8656043 0.4521949 0.2150563 0.865816 0.4519639 0.2146892 0.8658515 0.451963 0.214548 0.03579449 0.9993474 0.004849493 0.03805935 0.9992716 0.002806723 0.03666955 0.9993207 0.003687918 0.009700834 0.999912 -0.009045839 0.04787206 0.1548637 0.9867754 0.06350886 0.7476028 0.6611027 -0.02454745 0.4670812 0.8838737 0.06488275 -0.09959697 0.9929103 0.6452658 0.461736 0.6086312 0.4296174 0.7979486 0.4227374 0.06684005 -0.7857946 0.6148652 -0.01411509 -0.455607 0.8900693 0.02817046 -0.9995149 0.01329022 0.03453797 -0.9993932 0.004529178 0.02891629 -0.9995816 -7.238e-4 0.02389901 -0.9997088 -0.003337264 0.06070625 -0.9979979 -0.01775181 0.6952984 0.02602601 0.7182499 0.5188182 -0.6868371 0.5090015 0.6476233 -0.4509758 0.6141702 0.6477928 -0.4514082 0.6136736 0.6478129 -0.4514075 0.6136528 0.8341544 -0.03902542 0.5501489 0.8749193 0.03163731 0.4832342 -0.190729 0.7405186 0.6444027 -0.195353 0.7832295 0.5902446 -0.3940215 0.8355644 0.3828567 -0.3939647 0.8349567 0.3842382 -0.3939352 0.8349269 0.3843335 -0.5935358 0.5731886 0.5649514 -0.5937169 0.5735766 0.564367 -0.5937178 0.5735765 0.5643662 -0.03909128 0.4576404 0.8882777 -0.02984505 0.589355 0.8073228 -0.7047841 -0.04141432 0.708212 -0.7004809 0.004042387 0.7136598 -0.01506304 -0.04296427 0.9989631 -0.4473897 -0.7887395 0.4215832 -0.4470962 -0.7890337 0.4213442 -0.4470663 -0.7887339 0.4219369 -0.3993805 -0.8340848 0.380523 -0.3994366 -0.8340858 0.3804619 -0.3995121 -0.834787 0.3788416 -0.02514487 -0.7956187 0.6052756 -0.04152071 -0.5720942 0.8191363 -0.9999758 -0.006850719 0.001279234 -0.999997 -0.002443015 -1.30683e-4 -0.9999114 0.01314502 0.002113044 -0.9995314 0.03044593 -0.003192186 -0.08271056 0.9961083 0.03045326 -0.03873443 0.9992272 0.006689369 -0.009393036 0.9999557 6.80606e-4 -0.02045935 0.9997864 0.002954244 -0.01663374 0.9998609 0.001258254 -0.0226379 0.9997214 0.006696879 -0.0457735 0.9989199 0.007996737 -0.03833293 0.6053286 -0.7950522 -0.03323048 0.6753609 -0.7367385 -0.03211593 0.6744589 -0.7376136 -0.03211903 0.6744588 -0.7376136 -0.01180154 -0.1077464 -0.9941084 -0.9427627 -0.1561707 -0.2946342 -0.9426881 -0.1561468 -0.2948857 -0.9426711 -0.1564623 -0.2947726 -0.3433569 0.9366789 -0.06883835 -0.7713553 0.6190164 0.1477494 -0.7713695 0.6190222 0.147651 -0.7713539 0.6190168 0.147755 -0.9941881 -0.08896863 -0.06061923 -0.719146 -0.6875764 0.1003387 -0.6902794 -0.7230265 0.02733296 -0.6902987 -0.7230122 0.02722346 -0.6902964 -0.7230134 0.02725183 -0.04158854 -0.7860491 -0.6167634 -0.04153418 -0.7860535 -0.6167616 -0.04111748 -0.7863619 -0.6163962 -0.01881736 -0.169201 -0.985402 -0.5869701 0.3726793 -0.7187325 -0.5869606 0.3723847 -0.7188929 -0.3878008 0.1509137 0.9093051 -0.1781299 -0.9839881 -0.006103098 -0.17839 -0.9839388 -0.006452441 -0.1783077 -0.9839524 -0.006653487 -0.08594149 -0.9892826 0.1180421 -0.06117296 -0.9977406 0.0277785 -0.01399165 -0.9997634 -0.01665866 -0.03095549 -0.9995192 0.001803874 -0.04314827 -0.9989519 -0.01527845 -0.02688413 -0.9996166 0.006633281 -0.8581575 0.02007663 0.5129939 -0.8278013 -0.03078907 0.560176 -0.1551985 -0.3121311 0.9372768 -0.2081096 -0.3176826 0.9250774 -0.330104 -0.1490716 0.9320993 -0.1905486 -0.328997 0.9249067 -0.1907722 -0.3280504 0.9251967 -0.3037448 -0.32744 0.8947191 -0.5025472 -0.05058735 0.8630685 -0.503516 -0.05301064 0.8623582 -0.500019 -0.04884034 0.8646363 -0.4934027 -0.05261623 0.8682082 -0.4927781 -0.05353128 0.8685069 -0.4926958 -0.05354982 0.8685525 -0.3291978 -0.2205762 0.9181367 -0.4355123 -0.0627073 0.897996 -0.3189623 -0.2233023 0.9210859 -0.07755196 -0.4090762 0.9091989 -0.3015761 -0.1154441 0.9464273 -0.3838359 -0.1301479 0.9141836 -0.4917868 0.01757866 0.8705382 -0.5095124 -0.06069147 0.8583204 -0.4113417 0.8220624 0.3937152 -0.4108119 0.8223387 0.3936914 -0.4108147 0.8223387 0.3936882 -0.4679741 0.7648842 0.4426653 -0.03290593 0.9994566 0.001955509 -0.02912849 0.9995653 0.004568159 -0.03775024 0.9992866 -0.00113666 -0.02520185 0.9996824 -3.75613e-4 -0.0421673 0.9987511 0.02680027 -0.03682059 0.9993155 -0.003589749 -0.9992732 0.01668131 -0.03427779 -0.6323625 0.7724014 0.05927789 -0.5290462 0.8483201 0.02152788 -0.529042 0.8483209 0.02159529 -0.5290022 0.848346 0.02158313 -0.03593677 0.7256935 -0.6870791 -0.02775251 0.8020346 -0.5966327 -0.02731001 0.8023254 -0.5962619 -0.02727335 0.8020409 -0.596646 -0.04172098 0.6784257 0.7334835 -0.02829951 0.7738251 0.6327669 -0.8211207 -0.5707427 0.003692388 -0.8784596 -0.4778015 -0.003839373 -0.4047107 0.3317461 0.8521466 -0.5706871 -0.6207036 0.5376275 -0.5708357 -0.6203368 0.5378931 -0.570512 -0.6208955 0.5375916 -0.01690763 -0.03188723 0.9993485 -0.02893918 0.02034318 0.9993742 -0.7043657 0.05315119 0.7078446 -0.7085342 0.01879972 0.705426 -0.03946387 -0.7603687 0.6482918 -0.0235055 -0.6691862 0.742723 -0.5432274 -0.6589959 0.5202195 -0.5432134 -0.6589961 0.5202338 -0.5431032 -0.6586507 0.5207862 -0.5859957 -0.5676455 0.5782627 -0.506332 0.2858377 -0.8135876 -0.02177482 0.02227038 -0.9995148 -8.89953e-4 -0.08894979 -0.9960357 -0.8836619 -0.467774 -0.01814538 -0.9167023 -0.3928727 0.0728569 -0.05151414 -0.6547455 -0.754092 -0.5251255 -0.5246556 -0.6700595 -0.6080479 -0.7939005 7.67414e-5 -0.6084611 -0.7935833 7.52816e-4 -0.6084684 -0.793578 6.37892e-4 -0.6077954 -0.7940936 5.70202e-4 -0.7225262 -0.6913436 -5.84861e-5 -0.7466539 -0.6651977 0.004489362 -0.2231374 -0.9745463 0.02166414 -0.0891813 -0.9903653 0.1059408 -0.01342093 -0.999885 -0.007079184 -0.05265712 -0.9984295 -0.01912778 -0.02886438 -0.9995681 0.005519628 -0.01945251 -0.9998089 -0.001942932 -0.8269087 0.04019159 0.5608984 -0.8815338 -0.03734916 0.4706412 -0.5206094 -0.03411084 0.8531134 -0.5082303 -0.06460684 0.8587945 -0.5543168 -0.03626358 0.8315155 -0.4638708 0.01249086 0.8858148 -0.4639649 0.01278221 0.8857614 -0.4638928 0.0125361 0.8858028 -0.5792846 0.0182029 0.8149222 -0.5289912 -3.57482e-4 0.8486274 -0.1888855 0.9628731 0.192867 -0.1887849 0.9629548 0.1925574 -0.3461925 0.7642008 0.5441948 -0.3462804 0.7642331 0.5440936 -0.3461827 0.7641057 0.5443347 -0.5858481 0.5697264 0.5763626 -0.5536319 0.6411468 0.5314345 -0.02840864 0.9995865 0.004458665 -0.04171651 0.9991197 -0.004432737 -0.03060239 0.9994777 -0.01039099 -0.04297155 0.9989621 -0.01510965 -0.6737872 0.7076842 0.2125886 -0.6737422 0.7077071 0.2126549 -0.6735276 0.7078161 0.2129718 -0.5199934 0.8540849 0.01208972 -0.519882 0.8541468 0.0124948 -0.5197241 0.8542374 0.0128591 -0.05086851 0.7147297 0.6975485 -0.02996659 0.6460152 0.7627362 -0.7081379 -0.001088619 0.7060734 -0.7113249 -0.04802018 0.7012211 -0.03695613 0.06430995 0.9972456 -0.005432248 -0.05040282 0.9987142 -0.05111324 0.0304358 -0.998229 -0.03721213 0.3808081 -0.923905 -0.03728109 0.3808072 -0.9239026 -0.03987365 0.3832783 -0.9227718 -0.06920814 -0.4013682 0.9132984 -0.00721538 -0.8398648 0.5427477 -0.04421716 -0.9365006 0.3478674 -0.40886 -0.8332731 0.372142 -0.5793566 -0.5716804 0.5809713 -0.5792855 -0.571798 0.5809264 -0.5798424 -0.5713853 0.5807768 -0.8956222 -0.4448111 0.002040028 -0.9274815 -0.3737909 0.007658898 -0.9469874 -0.3212679 -0.001372575 -0.9471569 -0.3207694 -9.09564e-4 -0.9471569 -0.3207694 -9.11339e-4 -0.9255524 -0.3785605 0.006699383 -0.9508717 -0.3095831 -0.00119698 -0.749092 -0.3699327 -0.5495553 -0.7493049 -0.3705936 -0.5488193 -0.7491951 -0.3694728 -0.5497242 -0.0329492 -0.1921294 -0.9808163 -0.009743452 -0.2501891 -0.9681481 -0.8254646 -0.3013836 -0.477259 -0.8255034 -0.3011953 -0.477311 -0.8253847 -0.3014749 -0.4773397 -0.895448 -0.320047 -0.3094238 -0.01403564 -0.980944 -0.1937832 -0.02275413 -0.9996886 0.01024872 -0.0375269 -0.9992859 -0.004429459 -0.02455627 -0.9996696 0.007606685 -0.02160608 -0.9996989 -0.01163893 -0.3068445 -0.8130925 0.4946988 -0.3155246 -0.874737 -0.3678036 -0.3159699 -0.8746385 -0.3676556 -0.3155155 -0.8747863 -0.3676941 -0.8307615 0.009702086 0.5565441 -0.8563944 -0.03826344 0.5149025 -0.5145155 0.004202485 0.8574708 -0.5153552 0.005991756 0.8569558 -0.4651628 -0.01323646 0.8851263 -0.008165419 0.9922549 -0.1239497 -0.4714815 0.7701899 0.4295495 -0.03583312 0.6997849 -0.7134544 -0.04155212 0.6318492 -0.7739768 -0.9893943 -0.0294395 -0.1422399 -0.917568 0.00561583 -0.3975392 -0.02741301 0.01334542 -0.9995351 -0.03969985 -0.02385342 -0.9989269 -0.03887474 -0.694239 -0.7186939 -0.03786319 -0.6935698 -0.7193937 -0.03788471 -0.6935685 -0.7193939 -0.03671514 -0.7051343 -0.7081226 -0.02396893 -0.9934862 -0.1114037 -0.9835081 0.0400027 -0.1763849 -0.9833142 0.04049843 -0.1773506 -0.9832518 0.04110985 -0.1775557 -0.9239484 0.02242857 -0.3818591 -0.9240514 0.02192091 -0.3816395 -0.9241003 0.02157527 -0.3815405 -0.9785214 -0.2060393 -0.006624937 -0.998842 0.04531103 0.01617377 -0.9949951 -0.09992349 -2.6794e-4 -0.9994725 0.03239506 0.002322137 -0.9996045 -0.02807986 0.001554429 -0.9996045 -0.02807873 0.001547694 -0.9996044 -0.02808225 0.001571536 -0.9987719 0.04953932 8.46305e-4 -0.0314626 0.9994614 0.00933659 -0.03280925 0.9994334 0.007517814 -0.02997428 0.9995505 -5.86864e-4 -0.02835071 0.9995973 -0.001188814 -0.06158816 0.9979072 -0.01970785 -0.06400972 0.599736 0.7976338 -0.0663129 0.6040993 0.7941454 -0.5953952 0.5528094 0.5830149 -0.5821793 0.5856451 0.5639921 -0.5819912 0.5860333 0.563783 -0.5820042 0.5860325 0.5637705 -0.01278454 -0.04631632 0.9988451 -0.00429213 -0.02887725 0.9995738 -0.009847581 -0.8087005 0.5881384 -0.11047 -0.543109 0.8323636 -0.7076392 -0.001148283 0.7065731 -0.7105422 -0.04549992 0.702182 -0.4407131 -0.8006618 0.4058482 -0.5805817 -0.5708691 0.5805459 -0.02155476 -0.9996883 0.0126006 -0.03481501 -0.9993937 -5.0742e-4 -0.02508926 -0.9996575 0.007462024 -0.05044549 -0.9987111 0.005616247 -0.2111045 -0.939483 0.2698271 -0.5553606 -0.5700433 0.6054961 -0.8557345 -0.01040923 0.5173107 -0.8572013 -0.0074386 0.5149279 -0.4996256 0.04078692 0.8652808 -0.5609815 0.0113635 0.8277504 -0.5154049 0.005986928 0.856926 -0.4007735 0.9080436 0.1218098 -0.6900955 0.1486632 0.7082849 -0.677928 -0.03444224 0.7343211 -0.6772716 -0.03479188 0.7349101 -0.677675 -0.03440922 0.7345562 -0.8801584 0.4249395 0.2115367 -0.7012596 0.0751959 0.7089292 -0.7012566 0.07516258 0.7089357 -0.7010889 0.07484257 0.7091354 -0.7888787 0.04913455 0.6125817 -0.9383251 0.1350119 0.3183044 -0.9584681 -0.01519578 0.2847949 -0.982766 -0.03394073 0.1817116 -0.9827609 -0.03402388 0.1817237 -0.9827685 -0.03384232 0.1817159 -0.978227 -0.1974018 -0.06406766 -0.9133052 -0.1851837 0.3627405 -0.9132591 -0.1850836 0.3629075 -0.9133095 -0.1853144 0.362663 -0.7353149 -0.08980864 0.6717489 -0.7353064 -0.08969241 0.6717737 -0.735309 -0.08989012 0.6717444 -0.7371568 -0.1718078 0.6535151 -0.7371225 -0.1715012 0.6536343 -0.737174 -0.1712775 0.6536349 -0.8655728 -0.4832521 -0.1313446 -0.7817605 -0.00169152 0.6235768 -0.9207401 -0.2456443 0.3031443 -0.8877846 -0.4446206 0.1189585 -0.8877429 -0.4447369 0.1188348 -0.8876801 -0.4448745 0.1187897 -0.730234 -0.08973836 0.6772779 -0.7015213 0.07573437 0.7086128 -0.8859897 0.2365826 0.3988121 -0.7532352 0.1914102 0.6292846 -0.8818913 0.4685024 -0.05266124 -0.7412128 -0.1734972 0.6484616 -0.7902603 -0.01923906 0.6124693 -0.9658153 0.1850698 0.1815218 -0.9569085 0.2331383 0.1731263 -0.9650018 0.2565891 -0.05416327 -0.8520684 0.3192728 -0.4147822 -0.8521544 0.3189276 -0.4148711 -0.8521075 0.319152 -0.414795 -0.02967768 0.5569446 -0.8300194 -0.02879571 0.556225 -0.8305327 -0.02881139 0.5563839 -0.8304257 -0.02111464 0.2171027 -0.9759204 -0.04240465 0.1646819 -0.9854348 -0.6838628 -0.1652161 0.7106584 -0.5394065 -0.8414089 0.03274005 -0.04511886 -0.8561126 -0.5148162 -0.0453279 -0.85627 -0.5145359 -0.0454086 -0.856278 -0.5145155 -0.04203325 0.09860587 -0.9942384 -0.03342229 -0.5069081 -0.861352 -0.0329383 -0.5072134 -0.8611909 -0.03294545 -0.5073372 -0.8611177 -0.8902462 -0.4553888 -0.009100735 -0.9402765 0.3404003 -0.002791106 -0.9433624 0.3317617 -0.001296758 -0.9433606 0.3317671 -0.00122261 -0.9430939 0.3325193 -0.002186536 -0.9320048 0.3624382 -0.002357125 -0.9172543 0.3982527 0.006285548 -0.9020045 0.4317069 0.004131436 -0.2464531 0.03561413 0.9685002 -0.7338741 0.3157056 0.6014639 -0.8904321 0.4253423 0.1619099 -0.6291338 0.4857364 0.6068367 -0.6291362 0.4857345 0.6068359 -0.6291484 0.4857248 0.606831 -0.5971606 0.374624 0.7092645 -0.5971937 0.3745967 0.7092511 -0.5971993 0.3745918 0.7092489 -0.7819761 0.3911003 0.4853392 -0.781961 0.3910751 0.4853838 -0.781956 0.3910875 0.485382 -0.606567 0.3568825 0.7104305 0.3142597 0.9478881 0.05243164 0.3123556 0.9484426 0.05376404 0.310203 0.9490779 0.05500322 -0.2990731 -0.9513601 -0.0739566 -0.2995976 -0.9511702 -0.07427489 -0.2985872 -0.9515475 -0.07350552 -0.1864262 -0.9661958 -0.1780762 -0.1865072 -0.9661624 -0.1781724 -0.1864405 -0.9661901 -0.1780917 -0.3564237 -0.9330828 -0.04815393 -0.3564376 -0.933078 -0.04814362 -0.356451 -0.9330734 -0.04813414 -0.3266325 -0.9443308 -0.03937631 -0.3247287 -0.9449281 -0.04076987 -0.3228571 -0.9455042 -0.04225093 -0.03000068 0.9994848 0.01140552 -0.03279042 0.9994338 0.007542192 -0.01052713 0.9999117 -0.008110761 -0.03310608 0.9994511 0.001326382 -0.04903286 0.9987713 -0.007204532 -0.06459295 0.8286834 0.5559781 -0.004788279 0.5974759 0.8018727 -0.03747826 0.3492307 0.9362871 -0.5951551 0.5531682 0.5829197 -0.5807251 0.5888041 0.5621994 -0.01375764 -0.04240667 0.9990058 -0.02996397 -0.08499425 0.9959308 -0.02619266 -0.8084737 0.5879494 -0.05738258 -0.6994879 0.712337 -0.7076879 -0.001131057 0.7065244 -0.7104673 -0.04288411 0.7024223 -0.4445192 -0.7967041 0.4094696 -0.5810465 -0.5703312 0.5806095 -0.5808511 -0.5707249 0.5804181 -0.5813957 -0.5703088 0.5802819 -0.03386527 -0.9994245 -0.001994132 -0.0154277 -0.9998649 -0.005693912 -0.05217659 -0.9984284 -0.02046078 -0.02643233 -0.9996122 0.008765637 -0.04647719 -0.9988498 0.01179766 -0.2400419 -0.9058921 0.3489117 -0.8295124 0.01864343 0.5581771 -0.8567661 -0.02873486 0.514904 -0.8569391 -0.02873182 0.5146164 -0.8569351 -0.02879214 0.5146198 -0.5184758 5.60965e-4 0.8550922 -0.5110263 0.02258402 0.8592684 -0.5471963 0.02630686 0.8365909 -0.5269896 0.01762956 0.8496888 -0.9094957 0.4143234 0.03396922 -0.8887736 0.4577506 -0.0233705 -0.04460567 0.5743995 -0.8173589 -0.8678677 -0.4960318 -0.02753943 -0.8678406 -0.4960584 -0.02790957 -0.8678275 -0.4960771 -0.02798235 -0.8043402 -0.5933133 0.03187906 -0.804341 -0.5933097 0.03192776 -0.804339 -0.593316 0.03185886 -0.02891242 -0.04899889 -0.9983804 -0.002153038 0.1048339 -0.9944875 -0.03799295 -0.8359745 -0.5474517 -0.02335077 -0.6863033 -0.7269405 -0.571792 0.6819039 -0.4561371 -0.5070165 0.5066124 -0.6973365 -0.7679466 -0.00781691 -0.6404663 -0.8981173 0.4390064 -0.02566838 -0.8914964 -0.4526545 0.01838546 -0.6929996 0.7209373 -0.001009523 -0.6451505 0.7638392 0.01817977 -0.4863522 0.8737458 0.005486249 -0.7566523 0.1793084 0.6287495 -0.592957 0.7300885 0.339666 -0.03443104 0.9994033 0.002784729 -0.02819871 0.9995927 -0.004417002 -0.07192355 0.9972523 0.01774394 -0.01910275 0.9997434 -0.01218223 -0.09690648 0.9889083 0.1125593 -0.05276489 0.9983537 -0.02249157 -0.02525472 0.7334876 0.6792336 -0.03138345 0.7033773 0.7101236 -0.02153205 0.02921712 0.9993412 -0.02851361 -0.007804274 0.999563 -0.4452939 0.7851917 0.4303342 -0.5018683 0.7204312 0.4786514 -0.03585982 -0.5848134 0.810375 -0.0357936 -0.5843703 0.8106974 -0.7047342 0.0393967 0.7083768 -0.7063505 0.02558308 0.7073998 0.7997084 0.5445572 0.2528324 0.7994383 0.544915 0.2529152 0.7995437 0.5447155 0.2530118 -0.5868256 -0.5724664 0.5726414 -0.5909579 -0.5621305 0.5786002 -0.9057218 0.0292651 0.4228612 -0.9833022 0.001682639 0.181972 -0.7557045 -0.4541411 0.4718757 -0.04069942 -0.9991031 0.01168793 -0.02372443 -0.9997113 0.003794133 -0.03652763 -0.9993325 5.89338e-4 -0.03291916 -0.9994432 0.005454063 -0.02534937 -0.9996622 0.005748093 -0.1525387 -0.9743968 0.1651749 -0.5076276 -0.008615195 0.8615336 -0.5106561 0.00284475 0.8597804 -0.8267641 0.04469031 0.5607709 -0.8579202 -0.009784579 0.51369 -0.1862794 0.9322676 0.3101245 -0.1858875 0.9324219 0.3098957 -0.186117 0.9322485 0.3102792 -0.3103618 0.9492133 -0.05166822 -0.3104108 0.9492076 -0.05147981 -0.3103606 0.9492136 -0.05167067 -0.6897501 0.7227676 0.04303288 -0.7462786 -0.36347 0.557636 -0.1834485 -0.6161843 0.7659397 -0.183484 -0.6160673 0.7660253 -0.1835055 -0.6161779 0.7659312 -0.2163867 0.3418511 0.9145024 -0.1465187 0.3256197 0.9340794 -0.1584141 0.3167356 0.9351918 -0.1654377 0.2937156 0.9414678 -0.1610494 0.3499375 0.9228255 -0.2958016 0.3186408 0.9005385 -0.2957848 0.3186073 0.9005559 -0.2959988 0.318651 0.90047 -0.3422278 0.1902125 0.9201627 -0.2963374 0.1866992 0.9366577 -0.4008344 0.09015905 0.9117035 -0.5320956 -0.009513735 0.846631 -0.5335729 -0.008644104 0.8457099 -0.5326206 -0.009290158 0.8463032 -0.5407426 -0.02183586 0.8409047 -0.5375181 -0.02212423 0.842962 -0.5412737 -0.02124971 0.8405781 -0.3699129 0.1648694 0.9143208 -0.1596091 0.3500043 0.9230504 -0.3220488 0.0894615 0.9424868 -0.322147 0.08933293 0.9424654 -0.3220378 0.0894289 0.9424936 -0.02190107 0.2095652 -0.9775494 -0.0405547 0.8641096 -0.5016673 -0.04088884 0.8639304 -0.5019487 -0.04089963 0.8638578 -0.5020728 -0.7231216 0.6800597 0.1208887 -0.9470875 0.3169538 -0.05065065 -0.9469438 0.3173995 -0.05054813 -0.9469382 0.3174071 -0.05060517 -0.664056 -0.7437877 0.07622021 -0.66109 -0.7460596 0.07971847 -0.01046824 0.09840798 -0.9950912 -0.0245772 -0.7110608 -0.7027009 -0.03917598 -0.4440803 -0.8951302 -0.04094737 -0.4425095 -0.8958285 -0.04090422 -0.4424667 -0.8958516 -0.9994731 0.01294082 0.02976554 -0.9999852 -0.005423307 -6.06988e-4 -0.9996088 -0.001066267 0.02794927 -0.9999818 -0.005299568 0.002891242 -0.9999796 -0.005729436 -0.002844631 -0.9999823 -0.00492084 -0.003360867 0.01286411 -0.003694474 0.9999105 -0.06128698 -0.7135649 0.6979033 -0.04968357 0.8872932 0.4585219 -0.02408134 0.2094717 0.9775182 -0.9999611 -7.5279e-4 0.00878793 -0.9997881 -0.01595145 0.01302158 -0.9997767 0.0165804 0.01309889 -0.9993519 -0.03297674 0.01443088 -0.9520758 0.18002 0.2472743 -0.9520024 0.1799306 0.247622 -0.9520581 0.1799336 0.2474051 -0.05562633 0.9984012 0.0100401 -0.0868383 0.9885298 0.1235649 -0.04822903 0.9988066 -0.007717192 -0.03256899 0.9994357 -0.008226692 -0.01047092 0.9992313 -0.03778004 -0.003432571 0.9999907 0.002640485 -0.00947678 0.9998269 0.01601493 -0.03961765 0.9992073 0.003928601 -0.0502718 0.8454958 0.5316106 -0.05021059 0.8455511 0.5315284 -0.04969733 0.8458945 0.53103 -0.04076427 0.2479035 0.9679268 0.00614041 0.4456939 0.8951644 -0.6541389 0.435648 0.6183147 -0.4526701 0.7736854 0.4432843 -0.4526257 0.7734688 0.4437074 -0.4526941 0.7733777 0.4437963 -0.05540573 -0.2120053 0.9756968 2.38064e-4 -0.5169734 0.8560015 -0.04595035 -0.7961815 0.6033106 -0.6941049 0.03175413 0.7191732 -0.1898941 -0.7784435 0.5983027 -0.189711 -0.7786045 0.5981513 -0.1900502 -0.778402 0.5983071 -0.04182684 -0.999125 7.76529e-6 -0.04220288 -0.9990676 0.009103894 -0.01444244 -0.9993267 -0.03373152 -0.005674123 -0.9999837 6.31585e-4 -0.0255919 -0.9994453 0.02131748 -0.03381758 -0.9994195 0.004142105 -0.04373031 -0.9990251 0.006059169 -0.004167497 -0.9997554 -0.02172541 -0.1989797 -0.9798496 0.01737987 -0.6126087 -0.5102986 0.6035777 -0.5640319 -0.642691 0.518475 -0.5638473 -0.6430553 0.5182241 -0.9825226 0.00152862 0.1861372 -0.520124 0.03192317 0.8534941 -0.4644418 -0.05772608 0.8837203 -0.8091117 0.05395925 0.5851724 -0.8475442 0.001162052 0.5307235 -0.9992913 -0.003035783 0.03752142 -0.9987405 0.02536183 0.0432927 -0.9990649 -0.008012473 0.04248875 -0.9988732 0.02055865 0.04277479 -0.9991951 -0.00528407 0.03976529 -0.9990655 -0.002874612 0.04312694 -0.9991983 -0.003049671 0.03991955 -0.9990602 0.01097697 0.04193156 -0.9988685 0.02025306 0.04303032 -0.9991319 -0.002643644 0.0415762 -0.9992505 0.004430413 0.03845483 -0.9991887 -0.003888487 0.04008811 -0.9991906 -0.004031896 0.04002606 -0.9968662 0.06554484 0.04429149 -0.9991267 -0.001034677 0.04177165 -0.9993363 -0.003033757 0.03630596 -0.9986653 -6.80855e-5 0.05164933 -0.9830656 -0.00243169 0.1832379 -0.9977115 -0.007206916 0.06723004 -0.9963831 -0.01170355 0.08416539 -0.9963223 -0.01129323 0.08493787 -0.9963228 -0.01115041 0.08495116 -0.99643 -0.01378321 0.08329057 -0.9986655 0.001671254 0.05162012 -0.9986808 0.00181353 0.05131661 -0.9972664 -0.003435611 0.07381117 -0.9981683 9.57121e-4 0.06049233 -0.9972485 -0.004048883 0.07402133 -0.9972074 -0.003660202 0.07459425 -0.997208 -0.003489315 0.07459223 -0.9981689 0.001420736 0.0604723 -0.9981964 9.79292e-4 0.06002461 -0.9982052 9.58996e-4 0.05988019 -0.9981822 -0.001911878 0.06023812 -0.9972709 -0.003515541 0.07374572 -0.9981414 0.001458168 0.06092524 -0.9981694 0.001030623 0.06047135 -0.9981782 0.00102061 0.06032657 -0.998351 -0.001056253 0.0573948 -0.9983786 -0.001113295 0.05691152 -0.9983791 -0.001130819 0.05690389 -0.9983765 -9.96178e-4 0.05695116 -0.998694 0.005686879 0.05077439 -0.9986951 0.005643606 0.05075609 -0.9986934 0.005710542 0.05078327 -0.9950734 -0.001365363 0.09913253 -0.9950733 -0.001372456 0.09913247 -0.9950733 -0.001367866 0.09913253 -0.9996808 8.94637e-4 -0.0252493 -0.9919485 -0.001984 0.1266269 -0.9985089 6.41763e-4 0.05458611 -0.9985095 6.17173e-4 0.05457514 -0.9985073 7.24468e-4 0.05461484 -0.9973054 -7.89269e-4 0.07335817 -0.9973019 -7.85488e-4 0.07340604 -0.9973019 -7.84111e-4 0.0734061 -0.9993852 2.47622e-5 0.03506195 -0.9975935 0.004282772 0.06920224 -0.9935777 -0.002079606 0.113133 -0.9951639 -0.002174615 0.09820574 -0.9961432 0.01702529 0.08607554 -0.9999978 9.58581e-4 0.00190407 -0.9999978 9.59762e-4 0.001904129 -0.9999978 9.56278e-4 0.00190401 -0.9999492 9.57223e-4 0.01004815 -0.9999492 9.58295e-4 0.01004821 -0.9999492 9.55258e-4 0.01004809 -0.99773 -0.001533389 0.06732487 -0.9998008 1.13965e-4 0.01996076 -0.9998555 0.001012206 0.01697337 -0.9993364 8.38251e-4 0.03641712 -0.9989355 -2.02557e-4 0.04612982 -0.9966062 -0.01201528 0.08143597 -0.9989137 -2.78268e-4 0.04660075 -0.4981159 0.7187659 0.4850322 -0.4508272 0.7855511 0.4238685 -0.02985012 0.9995533 0.001483201 -0.02741819 0.999606 0.006003618 -0.02490371 0.9996734 0.005748748 -0.02459287 0.9996803 0.005874872 -0.02865701 0.9995844 0.003141582 -0.02636075 0.999641 0.004814445 -0.03514724 0.9993799 0.002182304 -0.04960483 0.4398059 0.896722 -0.03934133 0.9009127 0.4322136 -0.01064997 0.7913393 0.6112846 -0.01060289 0.7912528 0.6113973 -0.01061964 0.7913401 0.6112841 -0.7108742 0.7033137 -0.002799689 -0.7112194 0.7029623 -0.003309965 -0.7112198 0.7029621 -0.003300964 -0.915155 0.4026848 0.01834261 -0.5686788 0.8225299 0.007009506 -0.5676971 0.8231971 0.008158922 -0.5677258 0.8231797 0.007922291 -0.9621957 -0.1820461 -0.2025804 -0.9621896 -0.1818914 -0.2027482 -0.9621149 -0.1818547 -0.2031348 -0.4999474 0.5894904 0.6344711 -0.5000463 0.5894175 0.6344611 -0.5000285 0.5894742 0.6344224 -0.7286149 0.3399114 0.5946266 -0.4029927 0.7840127 0.472145 -0.02232986 0.01287502 0.9996678 -0.03351354 -0.02460217 0.9991354 -0.7049502 0.01092863 0.7091726 -0.7085345 -0.02013385 0.7053889 -0.8446486 -0.05054599 0.5329296 -0.8446443 -0.05061262 0.5329301 -0.8446453 -0.05059051 0.5329307 -0.7426363 0.06766754 0.6662675 -0.3646597 -0.06541264 0.9288404 -0.02063071 -0.7368896 0.6756983 -0.0206356 -0.7368891 0.6756986 -0.02069675 -0.7368862 0.6757 -0.03987711 -0.8035945 0.5938398 -0.4974052 -0.7283145 0.4713236 -0.3497303 -0.8712546 0.3443896 -0.9990766 -0.04232704 0.007380902 -0.9999922 -0.003642022 0.001573681 -0.3957116 -0.7516279 0.5277006 -0.7348355 -0.4852702 0.4738456 -0.7348492 -0.4851703 0.4739266 -0.7347609 -0.4853544 0.4738751 -0.5931068 -0.5761209 0.5624137 -0.5930353 -0.5763846 0.5622189 -0.6668416 -0.7451769 -0.005809187 -0.4228518 -0.906138 0.01051217 -0.4235694 -0.9057937 0.01126557 -0.4236973 -0.9057346 0.0112046 -0.8491253 -0.5279628 0.01554578 -0.5329188 0.1903716 0.8244733 -0.9136344 -0.253547 0.3177831 -0.8592504 -0.5078315 0.06161099 -0.9122215 -0.4051207 0.06106907 -0.912238 -0.4050149 0.06152093 -0.9125591 -0.4042428 0.06183671 -0.02381885 -0.9996926 0.006889522 -0.03792947 -0.9992729 0.003895878 -0.02920794 -0.9995447 0.007571995 -0.01686257 -0.9998534 -0.002961635 -0.02066838 -0.9997848 0.001820147 -0.3284623 -0.2772468 0.9029101 -0.330753 -0.310743 0.89109 -0.8167059 0.07345747 0.5723598 -0.7546677 -0.2809941 0.5928905 -0.1828646 0.9818844 0.04963326 -0.5285056 0.8479565 0.04064387 -0.5282207 0.8481339 0.04064333 -0.6339594 0.7715209 0.05339568 -0.9364498 0.3492634 0.03281629 -0.9364244 0.3493245 0.0328896 -0.9364766 0.3491704 0.03304129 -0.9415805 0.3363057 0.01801532 -0.8140685 0.5791224 0.04370164 -0.2593632 0.9657555 0.006877064 -0.3683551 0.892605 0.2599438 -0.5493137 0.675232 0.4922562 -0.5871333 0.7869562 0.1896691 -0.5872527 0.7868667 0.1896713 -0.5872466 0.7868846 0.1896161 -0.3503103 0.8674637 0.3532555 -0.2364262 0.7602508 0.6050796 -0.6708308 0.5618286 0.4840813 -0.6711061 0.5614419 0.4841485 -0.2695102 0.8686137 0.4157819 -0.2693087 0.7272617 0.6313187 -0.2691805 0.7272707 0.631363 -0.2691805 0.7274907 0.6311095 -0.4072524 -0.7487662 0.5229672 -0.009810388 -0.4894958 0.8719505 -0.0227459 0.1353376 0.9905385 -0.02145546 0.1348711 0.9906309 -0.02186238 0.1346867 0.9906471 0.002424716 0.6258972 0.7799019 -0.002862691 0.7814431 0.62397 -6.6376e-4 0.9702138 0.2422493 -8.80467e-5 0.5153781 0.8569629 -8.15519e-5 0.5153779 0.856963 -5.77407e-4 0.5149617 0.857213 -8.35002e-5 0.5202279 0.8540276 0.003202438 0.6830416 0.7303724 0.00294584 0.9327593 0.3604879 0.002709805 0.9328762 0.3601871 0.002638816 0.9328814 0.3601742 0.4940229 0.669227 0.5550465 0.4252853 0.851593 0.3064666 0.1113365 0.5853525 0.8030982 0.2871695 0.7569008 0.5870562 0.4971134 0.6746955 0.5455862 0.6393465 0.7367363 0.2201266 0.6923599 0.6451896 0.3230608 0.2659081 0.937019 0.2264696 0.2658607 0.9370187 0.2265263 0.2657068 0.9370375 0.2266291 0.14054 0.9071962 0.3965398 0.01259058 -0.4540293 0.8908979 0.6145134 -0.3870723 0.6874215 0.9247412 -0.05558454 0.3765158 0.9246555 -0.05524265 0.3767767 0.9248316 -0.05571538 0.3762747 0.5104941 -0.7323236 0.4506639 0.2522214 -0.611419 0.7500342 0.932994 0.3590508 0.02459383 0.9329855 0.3590576 0.02481377 0.9329857 0.3590574 0.02481406 0.5099701 0.859351 0.03802984 0.1808173 0.9821009 0.05275398 0.1803536 0.9822143 0.05222916 0.1803209 0.9822086 0.05244916 0.8980215 0.4369722 0.05111593 0.6536003 0.7545788 0.05845975 0.9175119 0.3836962 0.1046378 0.9868872 -0.141897 0.07693397 0.9867653 -0.1413816 0.07940709 0.9869121 -0.1407272 0.07874166 0.8690587 -0.4910296 0.06022393 -0.1234297 -0.9079985 0.4003797 -0.1239142 -0.9079841 0.4002626 -0.123699 -0.9080317 0.4002212 0.02140808 -0.999758 0.005081713 -0.03321057 -0.9983415 0.04702681 0.02470767 -0.9996948 -8.29525e-5 0.03282034 -0.999424 0.008630692 0.04339069 -0.9989345 0.01572442 0.5052585 -0.7134403 0.4855067 0.5036244 -0.7160904 0.4832981 0.7231709 -0.1925348 0.6632905 0.01847374 0.51678 0.8559189 -0.02917939 0.4893652 0.8715907 0.01032555 0.5123257 0.8587292 0.01920169 0.5143578 0.8573608 -0.006827771 0.521788 0.853048 -0.00680989 0.5217798 0.8530531 -0.006816685 0.5217831 0.8530511 5.89947e-4 0.5131177 0.8583182 4.06438e-4 0.5128774 0.8584619 3.96574e-4 0.5127483 0.8585391 -0.01150864 0.5054355 0.8627877 -0.003144085 0.5069969 0.8619422 0.003828942 0.5343326 0.8452656 0.002962946 0.5385156 0.8426104 0.003108978 0.5382608 0.8427727 0.00113672 0.4573998 0.8892605 0.001159608 0.4571021 0.8894136 0.001472294 0.4574015 0.8892591 -0.02072274 0.5051343 0.862792 0.4324507 -0.9014869 0.01754057 0.655726 -0.7549983 0.001039505 0.8000224 -0.5997622 0.01579332 0.7997481 -0.6001239 0.01594746 0.7997567 -0.6001251 0.01546818 0.03758734 -0.6708199 0.7406672 0.037512 -0.6709581 0.7405459 0.03756827 -0.67089 0.7406046 0.02180594 -0.724135 0.6893135 0.999929 -0.01036131 0.005894303 0.9999563 -0.007594287 0.005463778 0.5417526 -0.5076333 0.6699349 0.7931995 -0.3916089 0.4663442 0.4125329 -0.6249376 0.6627742 0.412472 -0.6251177 0.6626423 0.4125372 -0.6248839 0.6628221 0.4433946 -0.07912641 0.8928272 0.9077177 -0.05887466 0.4154302 0.9077159 -0.05888354 0.4154332 0.9077765 -0.05876725 0.4153169 0.8112304 0.09226328 0.5774018 0.8112844 0.09222573 0.577332 0.8112728 0.09199631 0.5773848 0.02315056 -0.009127914 0.9996903 0.03744816 0.03696733 0.9986146 0.4802656 0.5405262 0.6907797 0.7882206 0.2597771 0.5578747 0.7883185 0.2596991 0.5577728 0.7882128 0.259869 0.5578429 0.3832258 0.8451961 0.372534 0.3833348 0.8451263 0.3725802 0.3833499 0.8451179 0.3725836 0.7073528 -0.009086966 0.7068023 0.7075569 -0.00714004 0.7066203 0.008487343 0.6791687 0.7339332 0.05567884 0.3966591 0.9162759 0.04782962 0.9297631 0.3650383 0.04833608 0.9298681 0.364704 0.04834479 0.9298674 0.3647047 0.8853588 0.4645721 0.01768511 0.8853492 0.4645971 0.01750922 0.8849477 0.4653867 0.01682174 0.5655571 0.8245448 0.01646775 0.7580863 0.6521325 0.005337059 0.5428652 0.6546574 0.5260428 0.536108 0.6674832 0.5167732 0.5360521 0.6675559 0.5167372 0.535952 0.6671459 0.5173702 0.02057099 0.9997593 0.007632732 0.02811259 0.9995692 0.008430302 0.0261119 0.9996176 0.009103178 0.02596759 0.9996202 0.009233653 0.04960167 0.9987593 -0.004426181 0.02979826 0.9995482 0.003940224 0.5146825 -0.05306285 0.8557374 0.8403518 0.01029938 0.5419436 0.8233295 0.04013788 0.5661428 0.1769449 -0.865533 0.4685544 0.1781101 -0.8649614 0.469168 0.1774598 -0.8654134 0.4685806 0.180175 -0.8222995 0.5397783 0.1958041 0.9806417 0.001643002 0.4187511 0.07549238 0.9049578 0.5920145 -0.01839882 0.8057174 0.5882399 -0.01836204 0.808478 0.58814 -0.01850646 0.8085474 0.6427485 -0.08049595 0.7618364 0.3665515 0.1943123 0.9098806 0.364149 0.1966089 0.9103519 0.298638 0.2075592 0.9315227 0.3065207 0.3168851 0.8975684 0.306513 0.3168763 0.8975741 0.3064814 0.3168286 0.8976017 0.226289 0.3533086 0.9077259 0.2269199 0.3540201 0.9072911 0.226378 0.353596 0.9075918 0.1323152 0.3635053 0.9221479 0.1699023 0.3023212 0.9379419 0.3496511 0.12896 0.927962 0.3704025 0.1472508 0.9171255 0.3220398 0.2310065 0.9181103 0.3209005 0.2349937 0.917497 0.3208763 0.2349555 0.9175153 0.1324713 0.3479467 0.9281081 0.1676168 0.3071469 0.9367847 0.2815645 0.8308756 0.4799659 0.281815 0.8310883 0.4794505 0.2817323 0.8309028 0.4798204 0.0440731 0.8350186 -0.5484539 0.04406553 0.8350188 -0.5484542 0.04372429 0.8352159 -0.5481811 0.06171041 -0.9972841 0.04020231 0.6104898 -0.7916245 0.0251587 0.6105055 -0.7916282 0.02465689 0.6105256 -0.7916162 0.02454799 0.8608343 -0.4802199 0.1683844 0.912207 0.4071807 -0.04563373 0.6807041 0.7237412 0.113317 0.7130175 0.7001851 0.03669953 0.01976674 0.06407791 -0.9977492 0.01317667 0.1204707 -0.9926295 0.03470689 -0.5524864 -0.8327991 0.03469377 -0.5524867 -0.8327995 0.03374439 -0.551671 -0.833379 0.02908331 -0.6236596 -0.7811548 0.9063499 0.4216831 0.02670705 0.9967007 0.03667193 -0.07240831 0.9997332 -0.02290284 0.00302875 0.9998585 0.0146802 -0.008215129 0.9998472 0.01505815 -0.008894145 0.9997715 -0.02121919 0.00262165 0.99959 -0.02846562 0.003108441 0.03762853 0.9024373 0.4291749 0.04173845 0.377556 0.9250456 0.01336288 0.6118139 0.790889 0.02705687 -0.3371769 0.9410524 0.01021558 -0.4680843 0.8836247 0.01021021 -0.468508 0.8834004 0.0106948 -0.4680722 0.8836255 0.04175955 -0.8242642 0.5646635 0.9994929 0.03077894 0.008171021 0.9994924 0.03078591 0.00821048 0.9994922 0.03078711 0.008223533 0.9999102 0.004906892 0.01247566 0.9998709 -0.01483374 0.006183147 0.9998655 -0.01527482 0.005979776 0.9993948 0.0347442 0.001755833 0.9776726 -0.1178511 0.1739753 0.04768526 -0.9981084 0.0388062 0.02464485 -0.999621 0.01227831 0.04924011 -0.9966745 0.06492543 0.03634661 -0.9993342 0.003209531 0.01849311 -0.9998289 -5.914e-4 0.01604592 -0.9998648 -0.003623783 0.01521998 -0.999686 -0.01990842 0.02244979 -0.9997403 -0.003920137 0.03863644 -0.9992534 1.09749e-4 -0.002777934 -0.5150034 0.8571837 0.04980641 -0.7784504 0.6257271 0.04985094 -0.7784461 0.6257289 0.04888981 -0.7779507 0.6264205 0.3987261 -0.8299621 0.3901029 0.3987217 -0.8296926 0.3906805 0.3986959 -0.8296905 0.3907111 0.62731 -0.5068876 0.5912252 0.05421668 -0.07252502 0.9958919 -0.007409691 0.3912929 0.9202364 0.05379348 0.8146967 0.5773869 0.05426776 0.8143815 0.577787 0.05428427 0.8143809 0.5777864 0.0475524 0.1397837 0.9890396 0.08079075 0.9915816 0.1011877 0.06026595 0.9977933 0.02786487 0.008762001 0.9999609 0.001212179 0.04040151 0.9991728 0.004651069 0.01201623 0.9998118 -0.01523804 0.04671019 0.9989007 -0.003963947 0.003292858 0.9999811 -0.00521034 0.01492393 0.9998571 -0.007944107 0.6957238 -0.04460209 0.7169234 0.558421 0.6209151 0.5501186 0.6683405 0.3844637 0.6367956 0.8300709 -0.01383304 0.5574864 0.8450574 0.01312917 0.5345144 0.5156819 0.01407581 0.8566646 0.5054279 -0.02263599 0.862572 0.5163092 0.02576202 0.8560149 0.5132868 0.03372776 0.8575541 0.5572242 0.03039723 0.8298056 0.4826853 0.007211744 0.8757642 0.4823361 0.006947219 0.8759588 0.5508179 0.01850992 0.8344202 0.8867657 0.4618374 -0.01878201 0.9016587 0.4320023 0.01963984 0.9370971 -0.3489875 0.007528185 0.9152188 -0.402693 -0.01458746 0.9152189 -0.4026939 -0.01455926 0.9152188 -0.4026943 -0.01455318 0.02863085 0.006487011 -0.9995691 0.007388055 0.131132 -0.9913374 0.05020976 0.7048099 -0.7076172 0.02086555 -0.5408906 -0.8408341 0.02017927 -0.5403342 -0.8412086 0.0202403 -0.5403347 -0.8412067 0.04124325 -0.7889518 -0.6130695 0.5260373 0.513098 -0.6782442 0.5258762 0.5131621 -0.6783207 0.5257567 0.5134731 -0.6781779 0.655043 -0.2320411 -0.7190797 0.999154 0.01895695 0.03649479 0.9988915 -0.01594573 0.04428923 0.9986972 0.03351843 0.03847754 0.9990059 -0.005038678 0.04429459 0.9991194 -0.008584618 0.04107147 0.9991015 0.001508951 0.04235482 0.9990566 0.006938338 0.04286783 0.999222 -0.003275513 0.03930437 0.9990675 -0.01324146 0.04109442 0.9992441 6.91218e-4 0.03886812 0.9991137 0.003095209 0.04197925 0.9992049 0.001309335 0.039846 0.9992266 0.001414954 0.0392974 0.9988855 -0.02351039 0.04092866 0.998308 0.0055238 0.05788683 0.9983162 0.005643188 0.05773192 0.9983078 0.005514323 0.05788958 0.9988487 -0.02345985 0.04184383 0.9992886 0.005014717 0.03737974 0.9987936 0.001379907 0.0490871 0.9962511 -0.01408088 0.08535557 0.997715 0.005087733 0.06737178 0.9984435 0.00620687 0.05542767 0.9984447 0.006284892 0.05539685 0.9984434 0.006208419 0.05542689 0.9990128 -2.16531e-4 0.04442566 0.9987471 0.002721965 0.04996889 0.9971667 0.006762504 0.07491993 0.998701 0.02460271 0.04462212 0.9970734 0.01595127 0.07476902 0.9967911 0.00821793 0.07962352 0.9982582 -7.01457e-4 0.05899268 0.9978489 0.00243628 0.0655111 0.9982448 -2.95743e-4 0.05922359 0.9982706 0.006743788 0.05839985 0.9982791 0.006727218 0.05825579 0.9982522 0.007311463 0.05864459 0.9949991 1.49912e-4 0.09988385 0.994999 1.78388e-4 0.09988492 0.9948181 -0.001676499 0.1016575 0.999718 0.003088593 0.02354538 0.1254253 -0.04095274 -0.9912575 0.9994051 -0.004136443 0.03424078 0.9994069 -0.003942549 0.03421145 0.999334 -0.005545139 0.03606843 0.9808644 -0.002787649 -0.1946725 0.9999969 0.002344846 9.05188e-4 0.9984493 -8.88757e-4 0.05566191 0.9973663 2.12495e-4 -0.07252991 0.9997875 0.005596518 -0.01984298 0.9983074 -0.002317845 0.05811423 0.0440877 -0.01555305 -0.9989066 0.999288 0.002765238 0.03763031 0.999274 0.003097534 0.03797477 0.999288 0.002757132 0.03763031 0.9999191 0.004829645 0.01177769 0.9985446 0.01582711 0.05155766 0.9979007 0.009293496 0.06409263 0.9977422 0.003160655 0.06708508 0.9283776 -0.02434259 -0.3708405 0.469356 -0.01286166 -0.8829153 0.469356 -0.01286041 -0.8829154 0.469356 -0.01286017 -0.8829154 0.994809 -0.001028954 -0.1017553 0.9954305 -0.005125045 -0.09535163 0.9986 0.007273614 -0.05239546 0.9905155 0.004348993 -0.1373329 0.9929924 -0.002250671 -0.1181575 0.991467 -7.86619e-4 -0.1303561 0.09592521 0.9891942 0.1108751 0.01263254 0.9999123 -0.003996133 0.05326539 0.9984433 -0.01654911 0.06809133 0.9976057 0.01210641 0.03699856 0.9992939 0.006553292 0.02551352 0.9996517 0.00675857 0.7576577 0.6526514 -0.001013875 0.6866673 0.7269059 -0.009797632 0.6041677 0.7967692 0.01184791 0.5238242 0.8518174 0.003931224 0.5238215 0.8518188 0.003978252 0.5244262 0.8514494 0.003327429 0.9527807 0.3035277 -0.008945107 0.9990382 -0.04193186 0.01281827 0.5687864 0.7215573 0.3947623 0.03106778 0.6296693 0.7762418 0.02552664 0.596887 0.8019192 0.5848694 0.5805876 0.5664327 0.5850908 0.5801981 0.5666031 0.5845341 0.5805909 0.5667753 0.5380329 0.6571574 0.527887 0.02324849 -0.02181214 0.9994918 0.02525281 -0.03132236 0.9991903 0.5241184 -0.1760317 0.8332544 0.03152966 -0.9994968 0.003498852 0.02881085 -0.9995729 0.004890799 0.0617901 -0.9977087 0.02756029 0.01736265 -0.9998048 -0.009435355 0.06307435 -0.9974014 0.03481686 0.04501771 -0.9988672 -0.01542019 0.7055671 -0.03110945 0.7079601 0.7040004 -0.04317909 0.7088857 0.05064797 -0.5534361 0.8313503 0.02362084 -0.7754778 0.6309329 0.02314341 -0.7751633 0.6313369 0.02314269 -0.775466 0.6309652 0.4108974 -0.8230786 0.3920522 0.410885 -0.8228841 0.3924734 0.4108733 -0.8228837 0.3924866 0.4649384 -0.7685348 0.4395301 0.4654631 -0.768313 0.4393625 0.4654535 -0.7683131 0.4393725 -0.3526126 0.5637369 -0.7469038 -5.65223e-5 0.3726838 -0.9279584 4.81113e-4 -0.5576561 -0.830072 -0.1992987 -0.2251083 -0.9537329 -0.199025 -0.2253021 -0.9537442 0.001090347 0.2186911 -0.9757936 0.05753171 0.02130633 -0.9981164 0.0574178 0.02145451 -0.9981198 0.05739742 0.02162069 -0.9981173 0.005313158 -1.2996e-4 -0.9999859 0.005132555 -3.10463e-4 -0.9999868 0.005339026 9.34998e-7 -0.9999858 -0.2126832 -0.002188086 -0.9771189 0.3914214 0.6590884 -0.6421773 0.3909829 0.6595007 -0.6420212 0.3911136 0.6591905 -0.6422602 0.8436438 2.50089e-5 -0.5369034 0.6111034 0.1666865 -0.7738012 0.3691406 0.3724337 0.8514859 -0.1981943 0.2227417 -0.9545183 -0.9966683 -0.004695892 0.08142727 -0.7296493 -1.94251e-4 0.6838215 -0.4437928 -0.6135855 -0.6531163 -0.4438077 -0.6136584 -0.6530376 -0.443757 -0.6135249 -0.6531976 -3.2934e-4 -0.7225242 -0.6913456 0.2504658 -0.1370851 -0.9583708 0.5596742 -0.813592 0.1575849 -0.001915633 0.9990298 0.04400002 8.02835e-6 0.9995431 0.03022658 0.007851123 0.9993844 0.034195 -1.42827e-4 0.9996397 0.02684253 -6.34295e-4 0.9993969 0.03472316 3.78767e-4 0.9994267 0.03385639 -0.004554688 0.9986822 -0.05111855 -0.005062997 0.9986569 -0.05156445 -0.005090594 0.9986569 -0.05156195 -5.50254e-4 0.9978964 0.06482678 2.59255e-4 0.9998075 0.01961815 7.27006e-4 0.9997977 0.02010238 -2.31541e-4 0.9997983 0.02008372 0.002460777 0.02831935 0.9995959 0.001217901 0.09074896 0.9958731 -0.3359788 0.872066 0.3558362 -0.361405 0.8858576 -0.2909346 -0.9971219 0.07580053 -0.001497268 -0.9999169 0.01274955 -0.001916527 -0.9972713 0.07371801 0.003956198 -0.9980301 0.06273698 -1.28398e-4 0.9960767 0.08769166 0.01189482 0.3727141 0.8712545 0.3193743 0.3728488 0.871146 0.319513 0.3727166 0.8712518 0.3193787 0.7971866 0.06253832 0.6004853 0.6933711 0.1013787 0.7134135 0.002143681 0.04619055 0.9989303 0.002461552 0.04739493 0.9988732 -0.5819106 0.1014099 0.8069052 -0.7205743 0.05821192 0.6909299 -0.6850076 0.09113138 -0.7228137 -0.7364566 0.06916218 -0.67294 -0.01093089 0.2508951 -0.9679526 0.002343118 0.6769665 -0.7360102 9.20877e-4 0.05105763 -0.9986954 0.003066897 0.04177385 -0.9991224 0.6069093 0.7365508 -0.298587 0.7747446 0.07845985 -0.6273873 0.7166927 0.103044 -0.6897344 0.9951385 0.09774947 0.01201748 0.9974395 0.07148736 0.002054631 3.63572e-4 0.9999995 -9.89986e-4 3.05495e-4 1 3.24868e-4 9.12846e-6 0.999989 -0.0046826 0.007894396 0.9999523 -0.005753755 -0.002218425 0.9999803 0.005885779 -0.0068295 0.9999763 -8.91967e-4 -0.003778696 0.9999929 -6.61918e-5 -0.004263103 0.999872 -0.01542675 1.00621e-4 1.46855e-4 -1 -7.13765e-5 -1.3776e-4 -1 9.9632e-5 1.32667e-4 -1 -0.07494479 -0.006915628 -0.9971638 -1.30149e-5 -0.002939105 -0.9999957 -0.01585727 -0.008133053 -0.9998413 1.62437e-4 7.47841e-7 -1 -0.02133578 -0.004651427 -0.9997616 -0.005958497 -0.00912559 -0.9999407 -1.16361e-4 -0.03415125 -0.9994167 -0.002652347 -0.04623526 -0.9989271 4.26147e-4 -0.0492171 -0.9987881 0.009607195 0.01804172 -0.9997911 0.01646715 8.41574e-5 -0.9998645 -9.01958e-4 -0.001749098 -0.9999982 0.01596307 -0.05397498 -0.9984147 -0.001619756 -0.01478785 -0.9998894 -8.26842e-5 0.03379398 -0.9994289 0.0227099 0.05764812 -0.9980787 0.001751422 0.2487818 -0.968558 -0.03113144 0.01719069 -0.9993675 -0.008108913 0.1131834 -0.9935411 0.01312923 6.38762e-4 -0.9999136 -0.001391291 5.25264e-4 -0.9999989 -0.03172427 0.0280832 -0.9991021 -0.01921963 0.02447092 -0.9995158 -0.02433592 0.09589737 -0.9950937 -0.01510798 -0.01132029 -0.9998218 0.001006364 0.06637966 -0.9977939 -0.01227879 -0.003491938 -0.9999186 0.006111741 0.01990091 -0.9997833 -0.007241487 0.2087163 -0.9779494 -0.001011192 0.0082497 -0.9999656 7.63529e-5 -2.38154e-4 -1 -4.87829e-5 5.17009e-4 -1 -8.75133e-5 -5.33495e-5 -1 0.1882644 -0.01755642 -0.9819616 0.01423394 -0.00976783 -0.9998511 -1.96929e-4 3.92303e-6 -1 0.03900992 0.1266711 -0.9911774 0.04112654 0.03335165 -0.9985972 0.02855294 -0.003637611 -0.9995858 0.02439206 0.05386388 -0.9982504 0.007845997 -0.01625102 -0.9998372 0.01044666 0.03610116 -0.9992936 -0.02060252 0.005244672 -0.999774 0.00986123 0.00495541 -0.9999392 0.001410961 0.05086833 -0.9987044 0.7448425 -0.6586182 -0.1069198 0.7448433 -0.6586311 -0.1068343 0.7451614 -0.6582725 -0.1068274 0.9246173 -0.3808433 0.006428182 0.171631 0.9830711 -0.06414127 0.3889285 0.9212168 0.009708404 -0.9413513 0.335262 0.03817182 -0.4049924 -0.9113566 0.07355546 -0.9793306 -0.1779879 -0.09608322 -0.6889634 -0.1097107 -0.7164448 0.1085287 0.6552766 -0.7475521 0.5779953 -0.4993376 -0.6454327 0.5779416 -0.4992418 -0.645555 0.5779988 -0.4993689 -0.6454054 0.7443082 -0.6592279 -0.1068829 0.7443106 -0.6592625 -0.106652 0.7443087 -0.6592261 -0.1068909 0.9254198 -0.3788736 0.007298588 0.9254255 -0.3788616 0.007193148 0.9254208 -0.3788711 0.007286608 0.1716558 0.9830739 -0.06403189 0.3921862 0.9198205 0.01097357 -0.9434989 0.3290987 0.03878057 -0.4085146 -0.9097113 0.07444071 -0.9794909 -0.1780681 -0.09428411 -0.689004 -0.1101772 -0.7163341 -0.6888717 -0.1101853 -0.7164601 -0.6890473 -0.1101593 -0.7162952 0.1085383 0.6552838 -0.7475444 0.5776924 -0.4994809 -0.6455931 0.7443324 -0.6592711 -0.1064476 0.7443347 -0.6593056 -0.106217 0.7443329 -0.6592692 -0.1064559 0.9260741 -0.3772503 0.008313417 0.9260799 -0.3772383 0.008204638 0.9260753 -0.3772476 0.008300185 0.171654 0.9830598 -0.06425321 0.3976362 0.9174552 0.01269996 -0.9411551 0.3358321 0.03799653 -0.4007047 -0.9132056 0.07410466 -0.9793031 -0.1779976 -0.09634584 -0.688996 -0.1101846 -0.7163407 -0.6888636 -0.1101927 -0.7164667 -0.6890393 -0.1101666 -0.7163018 0.1088722 0.6552871 -0.7474929 0.1090127 0.655301 -0.7474602 0.1089872 0.6551353 -0.7476092 0.5782167 -0.4991563 -0.6453747 0.5780469 -0.4990384 -0.645618 0.5781457 -0.4992555 -0.6453616 0.7447007 -0.6587532 -0.1070756 0.744702 -0.6587712 -0.1069559 0.7447009 -0.6587523 -0.1070798 0.9257943 -0.3779553 0.007401049 0.1716104 0.9829894 -0.06543409 0.3971566 0.9176806 0.01136112 -0.9430502 0.3305989 0.03689044 -0.4056666 -0.911067 0.07342755 -0.9793283 -0.1780016 -0.09608036 -0.6889529 -0.1097202 -0.7164534 0.108531 0.655282 -0.7475471 0.5777108 -0.499497 -0.6455641 0.5781016 -0.4993101 -0.6453588 -4.27982e-4 -7.47922e-4 -0.9999997 8.717e-5 7.83567e-5 -1 5.78513e-4 -4.58046e-4 -0.9999998 -7.13244e-5 7.32993e-5 -1 4.58523e-5 -7.74744e-6 -1 1.94463e-6 1.34302e-6 -1 2.27623e-6 2.34161e-5 -1 1.04872e-6 3.87171e-7 -1 -7.97815e-6 2.9003e-6 -1 -1.13125e-5 -6.69579e-5 -1 3.51458e-6 7.47895e-7 -1 -1.95488e-5 6.42721e-4 -0.9999998 0.1171833 -0.9785792 0.1692659 0.2861821 -0.9578463 -0.02511006 0.3844885 -0.9149101 0.1229155 -0.2811128 -0.8908426 0.3568964 -0.2112152 -0.9773611 0.01238393 -0.02463704 -0.9980546 -0.05727112 0.1103352 -0.9837051 0.1419522 0.002755403 0.00446701 -0.9999862 0.001889765 -0.006918966 -0.9999743 0.001488685 0.002056598 -0.9999968 0.002630949 -0.004996001 -0.9999841 0.001192867 -8.00065e-5 -0.9999993 0.001536428 -9.112e-4 -0.9999985 7.6361e-4 4.80514e-4 -0.9999996 3.14135e-4 0.001107752 -0.9999994 0.002528846 -0.001102328 -0.9999962 -0.001336753 0.001714646 -0.9999977 -0.00149697 0.001803219 -0.9999973 0.002480387 1.74736e-4 -0.999997 -0.003067135 0.001450061 -0.9999943 0.001614987 0.001086592 -0.9999981 -0.004684686 8.42877e-4 -0.9999887 0.002193212 0.001954734 -0.9999957 -0.003113865 2.57428e-4 -0.9999951 -0.001138687 0.001269221 -0.9999986 -0.01481711 -0.007978677 -0.9998584 -0.01277422 -0.006230771 -0.999899 -0.004144132 -0.02449274 -0.9996914 0.7783374 0.04622834 -0.6261422 0.8473956 0.2312702 -0.4779485 0.637816 0.3940594 -0.6617463 0.4923164 0.5875289 -0.6422105 0.3096532 0.715236 -0.6265401 0.06595331 0.7087503 -0.7023698 -0.1803434 0.7473201 -0.6395224 -0.3930944 0.6805856 -0.6182881 -0.5676562 0.6321468 -0.5274058 -0.6598795 0.4259188 -0.618993 -0.8224212 0.3147794 -0.4738537 -0.7915045 0.09257042 -0.604112 -0.8840048 0.0691958 -0.4623283 -0.9272316 0.221971 -0.3016132 -0.7237015 0.2984112 -0.6222596 -0.7253804 0.444186 -0.5258536 -0.7194803 0.613362 -0.325784 -0.4934023 0.5764973 -0.6513104 -0.447008 0.7285043 -0.5191007 -0.3639116 0.8749262 -0.3194878 -0.179172 0.7448285 -0.6427503 -0.07640111 0.9605402 -0.2674427 0.05939811 0.7716344 -0.633287 0.2214414 0.9273388 -0.3016727 0.3198584 0.774542 -0.545688 0.4969466 0.8125389 -0.3046713 0.4753112 0.5581684 -0.6800938 0.7217469 0.617392 -0.3129033 0.6283518 0.3854209 -0.6757403 0.8759242 0.3638265 -0.3168392 0.7436971 0.1791166 -0.6440744 0.8373669 0.06724679 -0.5424892 0.9721301 0.2344405 -8.45586e-4 0.9722195 0.234071 -5.52697e-4 0.9236008 0.3833557 -1.30196e-4 0.9234926 0.3836162 -3.47631e-4 0.8526503 0.5224822 -1.38185e-4 0.8524035 0.5228844 -5.02381e-4 0.7603034 0.6495682 1.57789e-5 0.7598647 0.6500811 -5.05117e-4 0.6482654 0.7614146 0 0.6482898 0.7613937 2.5458e-5 0.5219538 0.8529737 -5.86357e-4 0.5219616 0.8529688 -5.79395e-4 0.3836783 0.9234669 -1.71932e-4 0.3827278 0.9238607 -9.69149e-4 0.2301797 0.9731477 -9.30121e-4 0.2314159 0.9728549 6.35927e-5 0.0786156 0.9969049 -5.30444e-4 0.07813566 0.9969424 -8.99305e-4 -0.07897329 0.9968767 -4.31067e-4 -0.07934844 0.9968467 -7.22154e-4 -0.2354277 0.9718918 -2.79809e-4 -0.23492 0.9720148 1.3236e-4 -0.3846123 0.9230778 -0.001007914 -0.3838806 0.9233826 -4.00508e-4 -0.523249 0.8521799 -2.16735e-4 -0.523267 0.8521688 -2.33314e-4 -0.6504262 0.7595695 -2.98695e-4 -0.6501601 0.7597972 -2.59643e-5 -0.7601279 0.6497735 -3.24532e-4 -0.7604696 0.6493732 -7.33985e-4 -0.8554273 0.517921 -0.001440227 -0.8541808 0.519976 4.20532e-4 -0.9229844 0.3848375 3.42061e-4 -0.9240632 0.3822355 -0.001841545 -0.9723699 0.2334364 -0.002119958 -0.9727633 0.2317995 -8.2188e-4 -0.9970327 0.07697719 -6.71692e-4 -0.9972233 0.07445931 0.001279115 0.9968444 0.07938122 2.04897e-4 0.9968343 0.07950776 1.04524e-4 -0.4637594 0.1801645 0.8674492 -0.3918551 0.3139738 0.8647949 -0.251576 0.4085224 0.8773933 -0.04259938 0.4355572 0.8991525 0.1623769 0.4291611 0.8885126 0.4199488 0.1892554 0.8875954 0.5203202 0.03904694 0.8530782 0.3419976 0.396611 0.8519023 -0.4876558 0.2016263 0.8494344 0.5070418 0.04228031 0.8608839 0.5848284 0.1402569 0.7989392 0.4645827 0.1929167 0.8642604 0.5296588 0.3237501 0.7839947 0.5054754 0.4318424 0.7469985 0.3281225 0.3873032 0.8615868 0.3160623 0.5141085 0.7973688 0.1931543 0.4655011 0.863713 0.1397501 0.5954825 0.7911199 0.05003732 0.6246364 0.7793112 -0.03692305 0.464919 0.884583 -0.1440497 0.5900256 0.7944303 -0.243639 0.5871895 0.7719123 -0.2520974 0.4103507 0.8763899 -0.3921992 0.4577185 0.7979184 -0.416793 0.357791 0.8356251 -0.5085149 0.3072523 0.8043686 -0.6138226 0.1478169 0.7754818 -0.6035861 0.04670894 0.7959286 -0.9970468 -0.07677662 0.001758217 -0.9968451 -0.07937288 -2.83332e-4 -0.9721822 -0.234223 -0.001143455 -0.9722543 -0.2339246 -9.07813e-4 -0.9241924 -0.3819274 -3.22079e-4 -0.9237852 -0.3829093 -0.001143574 -0.8520765 -0.5234171 -5.01015e-4 -0.8518473 -0.5237897 -8.38214e-4 -0.759878 -0.6500656 -4.99564e-4 -0.7603158 -0.6495537 1.96264e-5 -0.6482634 -0.7614161 4.39661e-5 -0.6482257 -0.7614483 6.4907e-6 -0.521969 -0.8529615 -0.002275288 -0.5238769 -0.8517938 -5.55456e-4 -0.3828558 -0.9238057 -0.002125859 -0.3794544 -0.9252101 7.40268e-4 -0.2322252 -0.9726616 -9.15738e-4 -0.2343415 -0.972154 7.61071e-4 -0.07778358 -0.9969674 -0.002401649 -0.0799666 -0.9967973 -7.05771e-4 0.08211362 -0.9966228 6.65199e-4 0.07855999 -0.9969072 -0.002107918 0.2350696 -0.9719784 -5.02216e-4 0.2330918 -0.9724542 0.001068353 0.3833056 -0.9236215 -5.01958e-4 0.3827789 -0.92384 -6.28027e-5 0.5231553 -0.8522345 -0.00227338 0.5206677 -0.8537595 -2.13094e-5 0.6497733 -0.7601249 -0.002219319 0.6531136 -0.757259 0.001195907 0.7608696 -0.6489046 -5.21588e-4 0.7591868 -0.6508712 0.001474678 0.8528982 -0.5220773 -4.55319e-4 0.8526771 -0.5224385 -1.28172e-4 0.9242146 -0.3818733 -4.79309e-4 0.9239617 -0.3824851 2.99253e-5 0.5008942 -0.1183483 0.857379 0.4340816 -0.2605074 0.8623858 0.3330583 -0.3854304 0.8605323 0.1799304 -0.4646346 0.8670293 -0.02007591 -0.4729618 0.8808542 -0.4194232 -0.1889798 0.8879026 -0.5070567 -0.02014994 0.8616772 0.326885 -0.3816657 0.8645679 -0.3286615 -0.3877515 0.8611798 -0.2093722 -0.5066452 0.8363456 -0.1811577 -0.4749864 0.8611446 -0.464365 -0.1926085 0.8644462 -0.5843284 -0.1404194 0.7992765 -0.5843124 -0.1399496 0.7993704 -0.4258254 -0.03574275 0.9040991 -0.5295876 -0.3242721 0.7838269 -0.505599 -0.4319359 0.7468608 -0.3281698 -0.3874219 0.8615155 -0.3237376 -0.5255532 0.7867578 -0.1386157 -0.5791292 0.8033649 -0.04067909 -0.5201919 0.8530801 0.0488727 -0.610554 0.7904652 0.1447622 -0.6027435 0.7846938 0.1747083 -0.4216063 0.8897895 0.3132673 -0.5123996 0.7995688 0.4570029 -0.3906275 0.7990986 0.4432178 -0.2714791 0.8543167 0.5551727 -0.229838 0.7993485 0.5056166 -0.121333 0.854184 0.6003626 -0.04741638 0.7983211 -0.8433519 -0.07592588 -0.5319709 -0.6726659 -0.270042 -0.6889107 -0.5788191 -0.4867457 -0.6542531 -0.4285828 -0.6566283 -0.6206095 -0.3081564 -0.8105239 -0.4980869 -0.05349034 -0.7581638 -0.6498666 0.1891389 -0.7655718 -0.6149197 0.3914 -0.6796986 -0.6203353 0.5649651 -0.6305006 -0.5322437 0.655897 -0.4086947 -0.63464 0.711546 -0.1750928 -0.680474 0.9465522 -0.07384592 -0.3139836 0.736907 -0.1761977 -0.6526274 0.882463 -0.3646201 -0.2971722 0.6830701 -0.4183939 -0.5986334 0.7208455 -0.614813 -0.3199796 0.4905341 -0.574577 -0.6551622 0.4495732 -0.7309614 -0.5133998 0.3630712 -0.8750832 -0.3200138 0.1790864 -0.7444758 -0.6431826 0.07508021 -0.9511549 -0.2994454 -0.0572381 -0.7239329 -0.6874918 -0.2202697 -0.9232866 -0.3146798 -0.289073 -0.6994984 -0.6535586 -0.4496543 -0.7355087 -0.506792 -0.6222941 -0.730865 -0.2803329 -0.5989444 -0.5122445 -0.6155253 -0.8083371 -0.4959778 -0.3171706 -0.7113064 -0.2957939 -0.6376121 -0.9239653 -0.2223448 -0.3112087 -0.8084732 -0.06480228 -0.5849546 0.9725577 -0.2326615 -5.2297e-4 0.9724049 -0.2332995 -1.80595e-5 0.9969939 -0.07747912 -3.70179e-4 0.9969624 -0.07788479 -5.81767e-5 0.08050698 -0.016025 0.9966253 0.05429565 -0.06741112 0.9962468 -0.01057171 0.06160604 0.9980446 -0.09352165 -0.04355961 0.994664 -0.08128482 -0.04001152 0.9958875 -0.01525861 -0.08267515 0.9964599 0.07733952 -0.1245941 0.989189 -0.07427364 -0.08415037 0.9936811 -0.04099261 -0.05781495 0.9974854 0.01796519 -0.1937722 0.9808821 0.06895327 -0.04574906 0.9965704 -0.06068444 -0.1585293 0.9854876 0.02488994 -0.0808627 0.9964145 -0.05091392 0.1309281 0.9900836 -0.0624203 0.06929409 0.9956416 -0.1062694 0.0637865 0.9922894 -0.06396967 0.02371352 0.9976701 0.1287267 -0.04791873 0.9905217 0.09441548 0.04394954 0.9945624 0.0739423 0.03784257 0.9965443 0.03993624 0.05432051 0.9977247 0.005472958 0.07159572 0.9974188 -0.06839221 0.07967585 0.9944719 0.0874406 -0.06915682 0.9937663 0.04828727 0.12055 0.9915322 0.003993093 0.08377552 0.9964767 -0.08931714 0.0205366 0.9957915 -0.06925559 0.009476959 0.997554 -0.1409443 -0.01089465 0.9899577 0.06014811 0.07110643 0.9956536 0.134462 0.01300466 0.9908335 0.07786983 0.001892805 0.9969618 0.1563329 0.2181401 -0.9633147 -0.007782518 -0.02005553 0.9997687 -0.004069745 0.006965339 0.9999675 -0.01374387 -0.006969451 0.9998813 0.01099896 0.0252282 0.9996213 -0.02963149 0.007909655 0.9995296 -0.02963489 0.007905185 0.9995296 -0.02974337 0.007721841 0.9995278 0.5678454 0.8215236 -0.05148386 0.9216779 -0.3873688 -0.02133923 0.9215531 -0.3876593 -0.02145165 0.9367287 -0.3500324 0.004098176 0.3670357 -0.9271296 0.07560253 0.07676929 -0.9969128 -0.01647317 0.07677066 -0.996912 -0.01652181 0.0764364 -0.9969379 -0.01650744 0.9215713 0.368155 0.1231598 0.2528747 0.9630313 0.09287273 -0.711296 -0.7028164 -0.01035535 -0.9977715 0.06357014 -0.0202704 -0.9977702 0.06355881 -0.0203737 -0.9977716 0.06357097 -0.02026695 -0.5000044 0.8660228 -2.06549e-4 -0.6677437 0.738245 0.09546124 -0.9467663 -0.3020857 0.1112563 -0.9466667 -0.3024054 0.1112349 -0.3066331 -0.9485018 0.07950192 -4.7473e-4 -0.0372703 0.9993052 -1.00644e-4 -0.004217863 0.9999911 0.001024782 0.001886188 0.9999977 -1.00592e-4 0.002523899 0.9999969 5.07046e-5 0.002051591 0.999998 1.38511e-5 0.001204907 0.9999994 -0.001692354 -0.001448929 0.9999976 -4.2945e-4 -4.48032e-4 0.9999998 1.38258e-5 0.001641809 0.9999986 9.29447e-5 -6.33907e-5 1 3.3446e-4 2.86736e-4 1 -1.34141e-4 -1.97725e-4 1 1.0865e-4 6.65152e-4 0.9999998 -0.009483516 0.008880913 0.9999156 -2.15542e-5 1.11837e-5 1 -1.26203e-4 9.38207e-5 1 1.50165e-4 -8.96006e-5 1 0.008036732 0.007276833 0.9999412 0.005483984 8.75349e-5 0.999985 -2.00389e-4 1.76894e-4 1 0.01230067 -8.30462e-4 0.9999241 0.01230233 0.01574307 0.9998005 7.4053e-6 -2.50601e-4 1 3.76632e-4 -7.54375e-4 0.9999997 0.002024829 0.02298915 0.9997337 8.64682e-5 -1.98949e-5 1 0.01667165 0.01648181 0.9997252 -0.003248274 0.04075753 0.9991638 8.10443e-4 -6.57143e-4 0.9999995 -0.01364368 0.03441435 0.9993146 -0.009642004 0.004763841 0.9999422 -5.85567e-5 -2.66664e-5 1 1.53759e-6 -5.62765e-5 1 -0.002022445 0.04256844 0.9990915 -0.01868587 -0.01062041 0.999769 7.70906e-5 3.95188e-5 1 -4.32145e-6 -8.91346e-6 1 -0.01798653 -0.009851157 0.9997898 -1.2743e-5 3.09755e-6 1 -0.003079771 0.03903293 0.9992332 -0.001583516 2.17866e-4 0.9999988 -0.002114117 -2.26406e-4 0.9999977 -0.004097282 0.003002226 0.9999872 -0.005920588 -0.003347575 0.9999769 -0.006673991 0.00335133 0.9999721 -0.01725775 -0.04460519 0.9988557 0.04881036 -0.2250559 0.9731225 -0.008953511 -0.04766863 0.9988231 0.006743729 -4.93081e-4 0.9999772 0.01067125 -0.0139333 0.999846 0.006415009 -0.002818107 0.9999755 0.003173232 0.004639863 0.9999843 -1.06547e-4 -1.62062e-4 1 0.003443837 0.00342375 0.9999883 0.008482217 -0.01471084 0.9998558 -0.01438796 -0.1553705 0.9877515 1.49359e-4 -6.3404e-5 1 -5.43281e-4 -0.03897833 0.9992399 -0.004601418 -0.007105052 0.9999642 4.75693e-4 0.30652 -0.9518642 -0.4402766 -0.8504753 -0.2878337 -0.9271249 -0.2626196 0.2673392 0.4013444 -0.8768386 0.26472 -0.4921551 0.8610849 -0.1277347 0.9770343 0.2071263 -0.05002826 0.9454091 0.2943115 -0.139938 -0.1580213 0.9783332 0.1337664 -0.1581634 0.9782834 0.1339635 -0.158101 0.9783279 0.1337111 0.05555987 -0.006254434 0.9984358 -0.01846891 0.03299593 0.9992848 0.444863 -0.860235 -0.2491844 -0.9681524 -0.1630843 0.1899597 0.1403213 -0.989893 0.02053469 0.1404995 -0.9898651 0.02066361 0.1404244 -0.9898808 0.02042734 0.9631388 -0.1427897 0.2279796 -0.9682363 0.2049334 -0.143251 0.1016739 0.9761491 0.1918215 0.1018168 0.9760985 0.1920025 0.1016716 0.9761503 0.1918166 0.4925672 0.8619787 -0.1198771 -0.003490149 -0.0206241 0.9997813 0.04453778 0.02758979 0.9986267 -0.710269 -0.7017977 0.05475389 -0.7422297 -0.6654652 0.0790652 -0.9979833 0.06347405 6.68259e-4 -0.9979681 0.06371319 6.77904e-4 -0.9979832 0.06347525 7.16802e-4 -0.9672385 0.2428475 0.07399326 -0.5553446 0.8310689 0.03028255 -0.5666778 0.8231272 0.03657883 -0.7112981 -0.7028142 -0.01035207 -0.9977779 0.06347614 -0.02024996 -0.997761 0.06370174 -0.02037358 -0.997778 0.06347703 -0.02024585 -0.5553448 0.8310655 0.03036898 -0.6674133 0.7385334 0.095541 -0.6674122 0.7385299 0.09557521 -0.6674115 0.7385291 0.09558671 -0.9466239 -0.3025519 0.1112005 -0.9466602 -0.3024165 0.1112605 -0.9466625 -0.3024166 0.1112403 -0.2798281 -0.956337 0.08435517 0.1836419 0.982219 0.03900623 0.9318843 -0.3607701 0.03790491 0.9318756 -0.3607828 0.03799498 0.9318825 -0.3607732 0.03791713 0.8987877 -0.4383825 -0.001174151 0.4058081 -0.9103386 0.08126276 0.07643443 -0.9969837 -0.01347005 0.9291534 0.3634798 0.06750261 0.8689852 0.4948098 0.005293428 0.8690558 0.4946855 0.005323946 0.8689846 0.4948103 0.005338788 0.2533172 0.9648057 0.07057219 0.07618576 -0.07698196 0.9941175 -0.02494817 0.01619261 0.9995576 -0.005075097 0.004517018 0.9999769 0.00955218 0.02194166 0.9997137 -0.00872606 -0.02035498 0.9997548 -0.7112959 -0.7028165 -0.01035368 -0.997968 0.06357222 -0.004323184 -0.9979679 0.06357115 -0.004355072 -0.9979678 0.06357491 -0.004295349 -0.9269032 0.3635286 0.0932607 -0.4999196 0.8658814 -0.01816469 -0.2633278 0.9606646 0.08821582 -0.9131582 -0.3983822 0.08621931 -0.9131535 -0.3983836 0.086263 -0.9131011 -0.3985146 0.08621346 -0.2793822 -0.9564602 0.08443671 0.5685638 0.8225851 -0.009441971 0.5363258 0.8433866 -0.03246074 0.5358604 0.8436757 -0.03263616 0.5362609 0.8434242 -0.03255742 0.9327936 -0.3598878 -0.01941442 0.932785 -0.3599169 -0.01928871 0.9327902 -0.3598982 -0.01938784 0.9366573 -0.3500075 -0.01296168 0.406073 -0.9101879 0.08162701 0.07643598 -0.9969878 -0.0131514 0.0767703 -0.9969619 -0.01316308 0.9376237 0.326632 0.119052 -0.001065075 0.02212643 0.9997547 0.07212871 -0.07215803 0.9947817 -0.007180631 -0.02369827 0.9996934 -0.0257312 0.01809436 0.9995052 -0.04394012 -0.01119995 0.9989714 -0.007338106 0.008537828 0.9999366 0.1836479 0.9822211 0.03892612 0.9176312 -0.395869 0.03522229 0.9177539 -0.3955751 0.03532791 0.8987197 -0.4383444 0.0125398 0.2494841 -0.9649586 0.08131784 0.0764448 -0.9970688 -0.003153622 0.9250043 0.3750106 0.06110984 0.8689897 0.4948146 0.003936052 0.8690602 0.4946904 0.003966629 0.8689891 0.4948151 0.003981471 0.25172 0.9652819 0.06977111 0.00523144 0.002245545 0.9999839 0.004499673 0.0100522 0.9999394 -8.12736e-4 -0.004811942 0.9999881 -8.1265e-4 -0.004812002 0.9999881 -6.52208e-4 -0.004917562 0.9999877 -0.007199287 0.007248401 0.9999479 0.008133351 -0.002930939 0.9999626 0.03551906 0.0136401 0.999276 0.03537523 -0.4778043 0.8777539 0.02426695 0.026371 0.9993577 -0.01488441 0.02529442 0.9995693 -0.005681514 -0.003231108 0.9999787 -0.1016727 0.09775257 0.9900037 0.009619832 0.01330834 0.9998652 0.03071045 0.09252703 0.9952365 3.18837e-4 3.81566e-4 0.9999999 -0.02174293 0.01598715 0.9996358 -0.01496869 0.06110626 0.998019 -8.09405e-4 0.04551607 0.9989634 -0.02091026 0.01628458 0.9996488 6.13065e-4 0.001719653 0.9999984 -4.17129e-5 -0.001284658 0.9999992 8.40462e-4 -0.002609908 0.9999963 -4.86141e-5 -0.05870848 0.9982752 8.95482e-4 -0.001415312 0.9999987 0.005502641 -0.006643891 0.9999628 0.007610738 -0.003332376 0.9999656 0.01521027 0.001238763 0.9998836 -0.02578759 -0.007368624 0.9996403 0.006564438 0.009435296 0.999934 -3.1238e-4 -0.07639151 0.997078 -0.0136618 0.01306223 0.9998214 -0.01478558 -0.03050827 0.9994252 0.008725345 0.008554637 0.9999254 -0.02451044 -0.01748597 0.9995467 -2.71034e-4 0.03933775 0.999226 -0.01060014 -8.55884e-4 0.9999436 0.1261377 2.77843e-4 0.9920128 0.008450806 0.007506191 0.9999362 0.1184772 -0.1133419 0.9864669 0.001864552 -0.01568669 0.9998753 -0.01009607 1.94625e-4 0.999949 -0.06284785 0.005424618 0.9980084 -0.002242088 -0.01544302 0.9998783 -0.01046991 0.009992837 0.9998953 9.73867e-7 -0.02648693 0.9996492 -0.009453177 -1.81886e-4 0.9999553 -0.002173006 0.02369213 0.9997169 0.01475989 -0.01374912 0.9997965 -0.01157891 0.008206188 0.9998994 -8.21761e-4 1.85598e-4 0.9999997 0.01581239 -9.31187e-4 0.9998747 -3.00843e-4 3.04135e-5 1 -0.004838943 0.01444125 0.999884 0.0179938 -0.03379571 0.9992668 0.03775233 -0.01313155 0.9992009 -0.9946323 7.64156e-4 -0.1034706 -0.6638928 -0.7348602 -0.1386611 -0.4824352 -0.8759312 8.83462e-4 -0.4827271 -0.8757705 8.43063e-4 -0.4824361 -0.8759308 8.90483e-4 -0.8950007 -0.4460153 0.006654858 -0.8952143 -0.4455863 0.006664812 -0.9967011 7.76702e-4 -0.08115631 -0.9954713 -8.4188e-5 -0.09506326 -0.694235 0.7135693 -0.09411042 -0.7697995 0.6382837 -0.001713395 0.001806616 0.9815489 -0.1912032 -7.92884e-4 0.9988509 0.047921 -0.002868711 -0.3269851 -0.9450252 -6.03116e-4 -0.5478847 -0.8365538 0.001164197 0.9996533 -0.02630591 -0.003769755 0.9932434 -0.1159892 0.1564777 0.262743 -0.952093 0.9999842 0.001725971 0.005349695 0.6506519 -0.008536458 -0.7593282 0.7963064 0.6040926 0.03111898 0.79624 0.604193 0.03086769 0.7962914 0.6041141 0.03108471 0.4114552 0.9080519 0.07840067 0.8580884 0.5051487 -0.09224593 0.7932242 3.99757e-4 0.6089296 0.7932184 4.78384e-4 0.608937 0.7930198 3.9982e-4 0.6091958 0.4644789 -0.6131399 -0.6389985 0.992907 0.001054942 -0.1188898 0.9946171 1.94815e-4 -0.1036197 0.5558747 -0.8207545 -0.1317785 0.8919116 -0.444355 0.0839194 0.8919768 -0.4442296 0.08389085 0.8919677 -0.4442238 0.08401763 0.4259567 -0.9040086 -0.03646397 -5.27615e-4 -0.9982098 -0.05980896 -1.69734e-4 -0.9978441 -0.06562882 -0.123683 -0.99213 0.0195139 -0.1233551 -0.9921696 0.01957297 -0.5849 -0.791581 -0.1768941 -0.9133509 -0.4067027 0.01957261 -0.7152034 0.6854591 -0.1364913 -0.7149767 0.6856698 -0.136621 -0.7534101 0.6503418 -0.09710288 0.7971624 0.5913651 -0.1217362 0.8758059 -0.4826022 -0.00769335 0.7131601 -0.6871563 -0.1386321 0.7131493 -0.6871281 -0.1388282 0.7131507 -0.6871219 -0.1388509 0.6269119 0.7774202 0.05098319 0.4556672 0.883171 -0.1112491 0.8734489 -0.4805324 -0.07858556 0.8052832 -0.5720841 -0.1556882 0.8052715 -0.5720512 -0.1558696 0.8052734 -0.5720418 -0.1558948 0.6273134 0.7778314 0.03815823 -0.1236818 -0.9921301 0.01951426 -0.5848584 -0.7916151 -0.1768788 -0.9133479 -0.4067103 0.01955765 -0.811747 0.583326 -0.02824264 -0.8115671 0.5835692 -0.02838772 -0.7534123 0.6503421 -0.09708356 0.7882298 0.5842842 -0.1931474 0.7882346 0.5842861 -0.1931219 0.7880353 0.5845561 -0.1931183 0.1155991 -0.990396 0.07584655 0.7081092 -0.6813616 -0.1852775 0.9947337 0.07113677 0.07378697 -0.5846447 -0.7907072 -0.1815837 -0.5843741 -0.7909055 -0.1815912 -0.5846388 -0.7907021 -0.1816252 -0.9001272 -0.434749 0.02764582 -0.7096868 0.6808263 -0.1811635 -0.7096741 0.6807976 -0.1813213 -0.7096744 0.6807952 -0.181329 0.08597964 0.9933398 0.07670491 -0.8085932 0.5799155 -0.09937369 -0.1236681 -0.9921317 0.01951885 -0.5848746 -0.7916002 -0.1768926 -0.913346 -0.4067141 0.01956725 -0.7148582 0.6858252 -0.1364611 -0.7148544 0.6857902 -0.1366568 -0.7148599 0.685778 -0.1366899 -0.7534163 0.6503353 -0.09709841 0.7971487 0.5913816 -0.1217446 0.8758049 -0.4826041 -0.007690072 0.7136195 -0.6866672 -0.1386918 0.6269102 0.7774201 0.05100589 -0.0496478 -0.02983081 -0.9983213 -0.1178026 0.001957833 -0.9930351 -0.05721127 0.1023107 -0.993106 -0.02401292 -0.07121104 -0.9971722 -0.05093222 0.03909796 -0.9979366 0.06283271 -0.02370482 -0.9977426 -0.03791463 -0.08054298 -0.9960299 0.05407822 -0.117061 -0.9916513 0.04158461 0.04478675 -0.9981307 0.1248555 0.001515686 -0.9921738 0.04412305 0.07961326 -0.9958488 -0.0270583 0.9941989 0.1040987 0.4673683 0.8440276 -0.2630294 0.7051713 0.6994043 0.116478 0.9584902 -0.2465798 0.1431614 0.4054918 -0.8738334 -0.2683125 0.05389565 -0.9479706 0.3137629 0.05415213 -0.9480253 0.3135535 0.949208 0.01043128 -0.3144766 -0.4074161 -0.8592818 -0.3092687 -0.8938138 -0.3514142 0.2785769 -0.9315178 0.01419913 -0.3634188 -0.7503355 0.6532159 0.101517 -0.4628603 0.8281555 -0.3160995 0.01236873 -0.1927407 -0.9811718 -0.05529886 -0.03234571 -0.9979458 -0.06331175 -0.08812969 -0.994095 -0.1046794 0.009280204 -0.9944627 -0.05721127 0.1023115 -0.993106 -0.0229054 -0.06229341 -0.997795 -0.05093353 0.03909742 -0.9979366 0.6009835 -0.3232325 -0.7309855 0.03919136 -0.04792475 -0.9980818 0.041583 0.04478693 -0.9981307 0.1060885 0.01131772 -0.9942923 0.04412311 0.0796132 -0.9958488 -0.5282245 -0.7394457 -0.4173716 -0.8982874 -0.3527234 0.262042 -0.9427457 0.08375585 -0.3228244 -0.7662324 0.6358417 0.09270042 -0.4610517 0.824926 -0.3269991 -0.01494663 0.9953159 0.09551405 0.4673711 0.8440245 -0.2630341 0.711194 0.6907723 0.1305248 0.9882615 -0.1412352 0.05823856 0.6269984 -0.7357037 -0.2561506 -0.06616854 -0.9543132 0.2913898 0.6010712 -0.7429532 -0.2945064 0.9604071 0.1023368 -0.2591244 0.9603653 0.1023392 -0.2592785 0.9603807 0.1023323 -0.2592242 -0.05471539 -0.02757817 -0.9981211 -0.1198203 0.00198853 -0.9927936 -0.05157655 0.09222042 -0.9944019 0.005017161 -0.0632618 -0.9979844 0.006765484 0.06220322 -0.9980406 -0.05434751 0.03923237 -0.9977511 -0.04473078 -0.09491276 -0.9944801 0.0432204 -0.09366667 -0.994665 0.07181501 0.007776021 -0.9973878 0.08840209 0.001116633 -0.9960843 0.05275607 0.095205 -0.9940589 -0.4063586 -0.8570588 -0.3167378 -0.8702438 -0.4432172 0.215022 -0.8039911 0.2271718 -0.5495374 -0.9992956 0.015163 -0.03433132 -0.9993036 0.01484054 -0.03423875 -0.5588108 0.8244867 -0.08917593 -0.5587992 0.8245055 -0.08907586 -0.5587992 0.824505 -0.08907818 -0.4757372 0.8511542 -0.2218354 0.09820437 0.9905508 0.09573507 0.4675105 0.8432797 -0.2651668 0.4674129 0.8432636 -0.2653898 0.467456 0.8432614 -0.2653207 0.736522 0.667301 0.1106559 0.9891483 -0.144603 -0.02599191 0.6507648 -0.7574857 0.05215972 0.4054517 -0.8737465 -0.268656 -0.06398791 -0.986255 0.1523377 0.9523977 0.01046061 -0.3046787 -0.0658648 -0.03704708 -0.9971406 -0.008558154 0.2000774 -0.9797428 -0.02289366 -0.06218665 -0.997802 -0.007327139 -0.1010434 -0.9948551 -0.06805109 -0.04131627 -0.9968261 -0.049793 0.03811222 -0.9980322 0.1330949 -0.06252777 -0.989129 -0.09680068 0.03080028 -0.9948272 0.04503828 -0.04277652 -0.998069 0.035672 0.03745669 -0.9986615 0.1237471 0.0270639 -0.9919447 -0.04292058 0.9145367 -0.4022194 0.70074 0.6632815 0.262719 0.7008898 0.6632143 0.2624886 0.7007217 0.6633448 0.262608 0.9870777 -0.148135 0.06110489 0.5547021 -0.7845661 -0.2770594 0.7148717 -0.6791154 0.166616 0.9026529 0.1997927 -0.3811833 0.9025785 0.1998057 -0.3813527 0.9025883 0.1997987 -0.3813333 -0.06893855 -0.9424594 -0.327136 -0.8179977 -0.4977574 -0.288301 -0.9141222 0.2926518 -0.2805987 -0.6920579 0.6950846 0.1947138 -0.6920371 0.695149 0.1945577 -0.6920454 0.6951087 0.1946719 -0.03843301 0.918385 -0.3938171 -0.9960465 -0.04125463 0.07867377 -0.4612478 -0.8440794 0.27346 0.002675175 -0.02609449 -0.9996559 0.00116378 0.007174253 -0.9999737 -0.3246897 0.3848639 -0.8639772 -0.009303808 -0.001104235 -0.9999561 -7.75615e-5 0.04479789 -0.9989961 -0.02857053 0 -0.9995918 3.3584e-4 0.00695163 -0.9999758 -0.006385266 0.005333125 -0.9999654 0.001512825 0.008009672 -0.9999668 0.002016127 -0.007215917 -0.9999719 -0.002325415 -3.47937e-4 -0.9999973 -0.004944264 0.003071427 -0.9999831 -0.01631414 0.01890265 -0.9996882 0.01563245 0 -0.9998779 -0.003994047 -0.01142954 -0.9999268 0.004850864 0.005852103 -0.9999712 0.01489508 0.002944231 -0.9998847 0.005162954 -0.0114938 -0.9999206 -0.2121025 0 -0.9772475 -0.1363084 0.01853001 -0.9904932 0.01099574 -0.01302671 -0.9998548 -0.03725451 0.06412452 -0.9972463 0.01141488 -0.01308673 -0.9998493 0.006100118 -0.005839347 -0.9999644 0.009780824 0.009008169 -0.9999117 0.2193279 0.7396547 -0.6362439 0.02638828 0.06351554 -0.997632 1.47724e-7 0 -1 0.006843805 0.00167185 -0.9999753 0 0 -1 -0.02913802 -0.05441701 -0.9980931 -0.03279638 0.1062987 -0.9937933 -0.02253669 0.01766914 -0.9995899 -0.004403114 -0.003861069 -0.999983 0.1051297 0.007626056 -0.9944293 -0.01110047 -0.004977583 -0.9999261 0.04446804 0.01046597 -0.9989561 0.01336151 0.002589225 -0.9999074 0.06741535 0.09890288 -0.9928109 0.006436705 -0.01385456 -0.9998834 -0.00527507 -0.00721687 -0.9999601 -0.007648527 0.007990419 -0.9999389 -0.001844942 -0.03820079 -0.9992685 0.005834221 -0.001754403 -0.9999815 -8.6314e-4 -0.02499645 -0.9996873 0.009590089 0.006247282 -0.9999346 0.01054269 0.004318058 -0.9999351 -0.003185451 0.04555022 -0.998957 -5.2607e-4 -0.04654806 -0.998916 -0.01139378 0.03726983 -0.9992403 0.004756212 0.01140898 -0.9999237 -0.01314622 0.01154583 -0.999847 -0.008210718 -0.01246911 -0.9998886 -0.0282455 0.04435443 -0.9986166 -0.01245731 0.04430043 -0.9989407 0.005522847 0.0115332 -0.9999183 -0.005532145 0.005962252 -0.999967 0.01258713 0.09292596 -0.9955936 -0.005319833 -0.00116682 -0.9999852 -0.01686543 0.001021862 -0.9998573 -0.01820272 0.002052545 -0.9998323 0.03174901 0.009432017 -0.9994515 0.00417757 0.02048122 -0.9997816 -9.76307e-4 -0.1646643 -0.9863493 -0.01752185 0.002099096 -0.9998444 -0.4125062 -0.8294849 -0.3765548 0.0148319 0.006189227 -0.999871 -0.01502043 -0.001058876 -0.9998867 -0.01041084 -0.002005815 -0.9999438 -0.05457788 0.006645083 -0.9984874 0.01383435 -4.20579e-4 -0.9999043 8.9255e-4 -0.004233241 -0.9999907 -0.05057376 -0.009241759 -0.9986776 0.02586215 -6.22948e-4 -0.9996654 -0.04452246 7.48684e-4 -0.9990082 0.015114 0.03595095 -0.9992393 0.01567089 0.02190572 -0.9996373 -0.04573202 -3.38352e-4 -0.9989537 0.01649451 0.01903539 -0.9996828 -0.003088474 -0.01068264 -0.9999383 -0.02751338 -0.02968823 -0.9991806 0.8109483 -0.1198605 -0.5727096 -0.00637865 -0.005828261 -0.9999628 -0.105997 -0.04709374 -0.9932507 0.01732832 -0.01319491 -0.9997628 -0.003906726 -0.01462417 -0.9998855 -0.004749059 -0.009620606 -0.9999425 -0.005830109 -0.00281012 -0.9999791 -0.02539372 -0.004691541 -0.9996665 -0.004399657 0.01378381 -0.9998953 0.006299674 0.6379727 -0.7700332 6.95044e-4 -0.390322 -0.9206782 -0.006502568 0.003341436 -0.9999733 0.01499778 0 -0.9998876 -7.10084e-4 0.001581192 -0.9999986 -0.03729426 -6.44071e-4 -0.9993041 -0.01875543 -0.002469599 -0.999821 -5.78311e-4 -0.002608656 -0.9999964 7.8653e-4 -0.009596168 -0.9999537 -0.0138182 0.01198226 -0.9998328 6.72337e-4 -0.0165776 -0.9998624 0.02460628 0.9926679 -0.1183431 0.03121066 0.9904008 -0.134656 -2.63458e-6 5.785e-6 -1 1.59999e-6 -3.29019e-6 -1 0.6790449 -0.7254055 0.1126276 0.95815 -0.07821965 -0.2753729 0.9581856 -0.07806259 -0.2752939 0.9581652 -0.07820868 -0.2753231 0.9488549 0.3001634 0.09785848 0.9488399 0.3001638 0.09800374 0.9488509 0.300161 0.09790509 -0.04308718 -0.9815071 -0.1865141 -0.03194022 -0.9865549 -0.1602786 -0.8552334 0.5173133 0.03103137 -0.8552312 0.5173178 0.0310167 -0.8551529 0.5174554 0.03088057 -0.9497722 0.08332127 -0.3016458 -0.9013795 -0.420758 0.1023611 -0.4520038 0.4270579 0.7831438 0.2989998 -0.941653 -0.1545606 0.9738557 -0.1552805 -0.1658105 0.9738631 -0.1552768 -0.1657704 0.9738643 -0.1552767 -0.1657637 0.9763201 0.1966947 0.09005779 0.9763109 0.1967072 0.09013062 0.9763296 0.1966903 0.08996433 0.5507344 0.8091859 -0.2047193 0.3852646 0.9226347 -0.01779115 0.5410159 -0.838942 0.05897808 -0.8017393 0.5629302 -0.200808 -0.9516097 -0.3045688 0.04094761 -0.7567905 -0.6292322 -0.1770174 -0.4152473 -0.9078484 0.05814534 -0.8349617 0.5282123 -0.1543725 -0.5272447 0.8496295 0.01194947 1.2724e-6 1.82091e-6 -1 3.0591e-6 -9.85704e-6 -1 0 3.53207e-6 -1 0.339805 -0.9395301 0.04261255 0.9857544 -0.1681336 -0.004404664 0.9856737 -0.1686062 -0.004402399 0.9367601 -0.3461451 -0.05161464 0.9369279 -0.3457018 -0.05154305 0.5474723 0.8355602 -0.0459693 0.6636054 0.7480783 -0.002627611 0.6636041 0.7480795 -0.002587676 0.6636041 0.7480794 -0.002593219 -0.4873815 0.8725805 0.03259754 -0.9993495 0.01186728 0.03405779 -0.346669 -0.9330922 -0.0957058 -0.3466707 -0.9330943 -0.09568041 -0.3467553 -0.9330567 -0.09574049 -0.6329749 -0.7741397 -0.007098972 -0.6329382 -0.7741695 -0.007150709 -0.6329786 -0.7741358 -0.007211148 -0.8417006 0.532709 -0.08809947 -0.8416947 0.5327024 -0.08819359 -0.8416953 0.5327045 -0.08817535 -0.2155734 -0.5960085 -0.7734998 -0.2153362 -0.5958296 -0.7737038 -0.2156375 -0.5960586 -0.7734434 -0.5347926 0.3445155 -0.7715609 -0.5345147 0.3443617 -0.771822 -0.534697 0.3445611 -0.7716067 0.3225762 0.4902333 -0.8097012 0.3224781 0.4901293 -0.8098032 0.3225625 0.490337 -0.8096438 0.5491978 -0.2010393 -0.8111506 0.5489603 -0.2009541 -0.8113322 0.5491385 -0.2009922 -0.8112022 0.3587445 -0.932957 0.02989667 0.9445897 -0.3267165 -0.03172874 0.9444329 -0.3271695 -0.03173196 0.9373361 -0.3463982 -0.03754186 0.9375025 -0.3459566 -0.03745752 0.9373361 -0.3463987 -0.03753888 0.6566468 0.7531388 -0.03996467 -0.08874815 0.9958345 0.02091413 0.835283 0.5496621 0.01319509 0.8352828 0.5496616 0.01321941 0.8352036 0.5497819 0.01321983 -0.3421362 0.9385008 -0.04646635 -0.9905907 0.1324942 0.03428494 -0.9870859 -0.1536591 -0.0452829 -0.9870631 -0.1537997 -0.04530304 -0.9870879 -0.1536647 -0.04522091 -0.1807937 -0.9820135 -0.05443656 -0.1807947 -0.9820148 -0.05440962 -0.1807925 -0.9820128 -0.05445235 -0.5343105 -0.8450968 0.01799386 -0.5342297 -0.8451473 0.01802515 -0.5341889 -0.8451737 0.01799434 -0.1053109 -0.5637514 -0.8192032 -0.1052507 -0.5635906 -0.8193217 -0.1053521 -0.5638163 -0.8191534 -0.5690395 -0.09284359 -0.8170521 -0.568797 -0.09285902 -0.8172192 -0.5690937 -0.09277886 -0.8170218 -0.19063 0.535178 -0.8229488 -0.1906957 0.5350333 -0.8230278 -0.19082 0.5352141 -0.8228813 0.3609172 0.4173339 -0.8340092 0.3607369 0.4173055 -0.8341014 0.3610037 0.4172756 -0.8340009 0.5492048 -0.2009944 -0.8111569 0.5489634 -0.2009572 -0.8113293 0.5491412 -0.2009946 -0.8111999 -0.6739986 0.7386646 0.0100308 -0.6739987 0.7386643 0.01004481 -0.6741045 0.7385681 0.01001602 -0.8822996 -0.4653306 0.07081568 -0.8825231 -0.4649065 0.07081729 -0.3463805 -0.9322124 -0.1048849 -0.3463845 -0.9322164 -0.1048362 -0.3463773 -0.932211 -0.1049078 -0.8427203 0.5330087 -0.07565987 -0.8427175 0.533007 -0.07570219 -0.8427957 0.5328868 -0.07567763 0.2993024 -0.9529802 0.04740381 0.9833698 -0.1814638 -0.007391929 0.9833699 -0.1814645 -0.007370889 0.9833698 -0.181464 -0.007387101 0.936778 -0.3461554 -0.05122154 0.9369456 -0.345712 -0.05114996 0.5476678 0.8359043 -0.03638768 0.6135923 0.7895676 -0.009357988 0.613591 0.7895691 -0.009318292 0.613591 0.789569 -0.009321153 0.3226379 0.490164 -0.8097185 0.3223955 0.490179 -0.809806 0.3226138 0.4902616 -0.809669 0.5492056 -0.2010439 -0.8111441 0.5489504 -0.2010066 -0.811326 0.5491371 -0.2010445 -0.8111903 -0.2154999 -0.5960624 -0.7734788 -0.2153358 -0.5958309 -0.7737028 -0.2156062 -0.5960873 -0.7734299 -0.5347959 0.3445044 -0.7715634 -0.5344693 0.3444319 -0.7718221 -0.5347355 0.3444151 -0.7716453 0.3032206 -0.9517718 0.04677319 0.9854416 -0.1699526 -0.004585564 0.9854416 -0.1699534 -0.004557132 0.9854416 -0.1699534 -0.004557132 0.9367681 -0.3461524 -0.05142199 0.9369357 -0.3457091 -0.05134975 0.9367681 -0.3461522 -0.05142313 0.54774 0.835998 -0.03298914 0.6209314 0.7838601 -0.002779781 0.6209298 0.7838615 -0.002737581 0.6213055 0.7835637 -0.002734899 -0.6569683 0.7538133 0.01258462 -0.8806809 -0.4688119 0.06794744 -0.8809055 -0.4683884 0.06795561 -0.3460891 -0.9321536 -0.1063589 -0.3460914 -0.932156 -0.1063305 -0.3457769 -0.9322728 -0.1063284 -0.8423274 0.5330328 -0.07975369 -0.8423235 0.5330302 -0.0798121 -0.8423256 0.5330324 -0.07977616 -0.2155425 -0.5960435 -0.7734816 -0.2153337 -0.5958407 -0.773696 -0.2156208 -0.5960999 -0.7734163 -0.5347774 0.3446104 -0.7715288 -0.5344211 0.3445268 -0.7718131 -0.5347003 0.3445649 -0.7716028 0.3226395 0.4901559 -0.8097228 0.3226385 0.490014 -0.809809 0.3226755 0.4901816 -0.8096929 0.5492035 -0.2010908 -0.8111338 0.5489509 -0.2010077 -0.8113255 0.5491375 -0.2010448 -0.8111899 -0.4721696 -0.6446882 0.6011931 -0.8337291 -0.01175236 -0.5520488 -0.9000676 9.86843e-4 -0.4357492 -0.5662851 0.5431936 0.6198887 -4.80036e-5 -0.006054461 0.9999817 4.60319e-4 0.02376383 0.9997176 -6.03037e-5 -0.003042817 0.9999954 6.24207e-5 -0.004695057 0.999989 0.0012151 0.01603603 0.9998707 2.59124e-5 -0.002817511 0.9999961 -8.97344e-5 0.9245015 -0.3811786 0.008639276 0.8364488 -0.547977 0.7063233 0.4382261 0.5559365 1.75952e-4 -3.18588e-4 -1 -3.65148e-6 5.51521e-6 -1 0.5705058 -0.5511688 0.6088811 0.001718997 -0.867704 -0.4970784 0.004967212 -0.8343188 -0.5512599 0.8630777 -0.003093123 -0.5050618 0.837369 -0.008014023 -0.5465794 0.5927512 0.1055399 0.7984406 0.5927277 0.1055546 0.7984561 0.592637 0.1055918 0.7985185 -0.593027 -0.1046991 -0.7983465 -0.5930429 -0.1047259 -0.7983313 -0.5928872 -0.1045478 -0.7984701 0.592724 0.1054044 0.7984787 0.5925999 0.1051208 0.7986082 -0.5930967 -0.1046259 -0.7983044 -0.593114 -0.1046544 -0.7982878 -0.592935 -0.1044554 -0.7984468 -0.3584895 -0.08986568 -0.9291983 -0.3598445 -0.09142524 -0.9285222 -0.3613742 -0.09139007 -0.9279314 0.3606398 0.08870953 0.928477 0.360947 0.08862078 0.9283662 0.3605483 0.0885933 0.9285237 -0.3585715 -0.08985042 -0.9291681 -0.3599108 -0.09133929 -0.9285049 -0.3614119 -0.09139835 -0.9279158 0.3607493 0.08904337 0.9284025 0.3609415 0.08877259 0.9283537 0.360651 0.08872985 0.9284708 0.01585751 -0.008610308 0.9998372 0.0153951 -0.004413843 0.9998719 0.006585299 -0.01238662 0.9999017 0.01792043 -4.6953e-4 0.9998393 -0.01165205 -0.01185452 0.9998618 0.003212749 -0.01084613 0.9999361 -0.009072959 -0.01451945 0.9998535 -0.01430737 -3.74403e-4 0.9998976 0.002981126 0.01782166 0.9998368 0.01897031 0.002612769 0.9998167 -2.97998e-5 -4.80853e-5 1 -0.006900548 0.01097357 0.9999161 -0.007102072 0.01171761 0.9999062 -0.007031023 0.01179009 0.9999058 -2.31417e-5 -5.62962e-5 1 -0.002183675 0.02080696 0.9997811 -0.01071661 0.01044076 0.9998881 0.03189617 -0.005678296 0.9994751 0.01227921 -0.01121813 0.9998618 0.01732456 0.008639276 0.9998126 0.01811456 0.004181087 0.9998272 0.01322805 -0.009645581 0.999866 0.00903511 -0.0115652 0.9998923 -0.002905249 -0.01648139 0.99986 0.01263272 -0.01078879 0.9998621 -0.006077945 -0.01504552 0.9998683 -0.01978474 0.004566729 0.9997939 -0.011514 0.008833944 0.9998947 0.01794958 -0.001390218 0.9998379 7.42075e-4 -0.01062685 0.9999433 -0.01421779 -0.00880146 0.9998602 -0.01453858 -0.008702874 0.9998565 -0.01416933 -0.009133458 0.9998579 0.006973028 -0.0121333 0.9999021 -0.007382392 -0.01263457 0.999893 -0.01046764 -0.01456671 0.9998391 -0.01511669 -0.008175849 0.9998524 -0.01511842 -0.008687913 0.999848 -0.01516765 -0.008635818 0.9998478 -0.01864326 0.006732881 0.9998036 -0.01878017 0.0073058 0.9997969 -0.01863855 0.006731629 0.9998036 -0.001194655 0.02134031 0.9997715 -3.48199e-4 0.02142947 0.9997704 -0.00118041 0.02137303 0.9997709 -0.01352781 -0.00334078 0.999903 -0.01414412 -0.004161655 0.9998914 -0.01409697 -0.004007339 0.9998927 0.002096772 0.02046161 0.9997885 -0.01367557 0.006523907 0.9998853 -0.009218573 0.01060378 0.9999013 -0.004162967 0.01320064 0.9999043 -0.02006876 0.002458155 0.9997957 -0.0166198 0.02654021 0.9995096 -4.50131e-5 -4.05186e-5 1 0.01734781 0.008815348 0.9998107</float_array>
          <technique_common>
            <accessor source="#shape0-mesh-normals-array" count="5239" stride="3">
              <param name="X" type="float"/>
              <param name="Y" type="float"/>
              <param name="Z" type="float"/>
            </accessor>
          </technique_common>
        </source>
        <vertices id="shape0-mesh-vertices">
          <input semantic="POSITION" source="#shape0-mesh-positions"/>
        </vertices>
        <lines count="1">
          <input semantic="VERTEX" source="#shape0-mesh-vertices" offset="0"/>
          <p>600 599</p>
        </lines>
        <triangles material="silver_metal-material" count="3741">
          <input semantic="VERTEX" source="#shape0-mesh-vertices" offset="0"/>
          <input semantic="NORMAL" source="#shape0-mesh-normals" offset="1"/>
          <p>0 0 5 0 4 0 1 0 2 0 7 0 2 0 3 0 7 0 7 1 0 1 1 1 14 0 10 0 13 0 9 2 13 2 12 2 9 3 14 3 13 3 4 4 1 4 0 4 11 5 6 5 8 5 8 0 3 0 11 0 2 0 11 0 3 0 11 6 9 6 6 6 5 7 15 7 4 7 12 8 6 8 9 8 15 9 10 9 14 9 14 10 4 10 15 10 16 11 14 11 9 11 17 12 9 12 11 12 9 13 17 14 16 15 14 16 16 16 19 16 18 17 11 17 2 17 18 18 2 18 1 18 19 19 1 19 4 19 19 20 4 20 14 20 1 21 19 21 18 21 11 22 18 23 17 24 20 25 25 25 24 25 21 26 22 26 27 26 22 0 23 0 27 0 34 27 29 27 32 27 27 28 20 28 21 28 28 0 32 0 31 0 28 29 34 29 32 29 24 30 21 30 20 30 30 0 23 0 33 0 26 31 30 31 33 31 22 0 33 0 23 0 25 32 35 32 24 32 33 33 28 33 26 33 35 0 29 0 34 0 31 0 26 0 28 0 34 34 24 34 35 34 36 35 34 35 28 35 37 36 28 36 33 36 28 37 37 37 36 37 34 38 36 38 39 38 38 39 33 39 22 39 38 40 22 40 21 40 39 41 21 41 24 42 39 43 24 43 34 43 21 44 39 44 38 44 33 45 38 45 37 46 40 0 45 0 44 0 41 0 42 0 46 0 42 0 43 0 46 0 46 47 40 47 41 47 54 0 50 0 53 0 48 48 47 48 51 48 49 0 53 0 48 0 49 0 54 0 53 0 44 49 41 49 40 49 52 0 43 0 51 0 42 0 51 0 43 0 51 50 49 50 48 50 45 51 55 51 44 51 55 52 50 52 54 52 47 53 52 53 51 53 54 54 44 54 55 54 56 55 54 55 49 55 57 56 49 56 51 56 49 57 57 58 56 59 54 60 56 60 59 60 58 61 51 61 42 61 58 62 42 62 41 62 59 63 41 63 44 63 59 64 44 64 54 64 41 65 59 65 58 65 51 66 58 67 57 68 60 69 65 69 64 69 61 0 62 0 67 0 62 0 63 0 67 0 74 0 69 0 72 0 67 70 60 70 61 70 68 0 72 0 71 0 68 0 74 0 72 0 64 71 61 71 60 71 70 0 63 0 73 0 66 72 70 72 73 72 62 0 73 0 63 0 65 32 75 32 64 32 73 73 68 73 66 73 75 74 69 74 74 74 71 0 66 0 68 0 74 34 64 34 75 34 76 75 74 75 68 75 77 76 68 76 73 76 68 77 77 77 76 77 74 78 76 78 79 78 78 79 73 79 62 79 78 80 62 80 61 80 79 81 61 81 64 82 79 83 64 83 74 83 61 84 79 84 78 84 73 85 78 85 77 86 82 87 81 87 80 87 82 88 80 88 83 88 81 89 85 89 84 89 84 90 80 90 81 90 83 91 80 91 86 91 80 92 84 92 86 92 87 93 88 93 84 93 84 94 85 94 87 94 84 95 88 96 86 97 88 98 83 98 86 98 87 99 82 99 83 99 83 100 88 100 87 100 91 101 87 101 85 101 91 102 90 102 87 102 92 103 89 103 82 103 81 104 89 104 93 104 81 105 93 105 85 105 82 106 94 106 92 106 90 107 94 107 87 107 82 108 87 108 94 108 81 109 82 109 89 109 95 110 101 110 90 110 96 111 95 111 85 111 97 112 96 112 85 112 85 113 93 114 97 115 91 116 85 117 95 118 90 119 91 119 95 119 98 120 97 120 89 120 99 121 98 122 89 123 100 124 99 124 92 124 101 125 100 125 90 125 94 126 90 126 100 126 92 127 94 127 100 127 89 128 92 129 99 130 93 131 89 131 97 131 107 132 108 132 96 132 96 133 97 133 107 133 102 134 101 134 95 134 97 135 98 135 107 135 95 136 109 136 102 136 108 137 95 137 96 137 95 138 108 138 109 138 105 139 98 139 99 139 105 140 107 140 98 140 99 141 100 141 105 141 100 142 102 142 105 142 100 143 101 143 102 143 103 144 104 144 102 144 107 145 105 145 106 145 105 146 102 146 104 146 102 147 109 147 103 148 105 149 104 150 110 151 106 152 105 153 110 154 111 155 109 156 112 157 112 158 109 158 108 159 108 160 113 161 112 162 108 163 107 163 113 164 106 165 113 165 107 165 114 166 110 166 104 166 104 167 115 168 114 167 115 169 104 169 103 169 111 170 103 171 109 172 110 173 114 173 134 173 103 174 111 174 115 174 118 175 116 175 117 175 119 176 117 176 120 176 120 177 121 178 122 179 125 180 123 181 126 182 130 183 129 184 128 185 131 186 129 187 130 188 131 189 130 189 132 189 114 190 115 190 136 190 136 191 115 191 111 191 137 192 136 193 111 194 111 195 112 195 137 195 113 196 137 197 112 198 113 199 110 199 137 199 114 200 136 201 135 202 134 203 114 203 135 203 133 204 134 205 135 206 131 207 132 207 133 207 127 208 128 208 129 208 125 209 124 210 123 211 124 212 121 212 123 212 122 213 121 214 124 214 118 215 156 215 116 215 119 216 118 216 117 216 122 217 119 218 120 219 127 220 125 221 126 222 113 223 106 224 110 225 132 226 134 227 133 228 126 229 128 230 127 231 118 232 155 233 156 234 137 235 130 235 136 235 137 236 110 236 134 236 134 237 132 237 137 237 132 238 130 238 137 238 136 239 130 239 128 239 135 240 136 241 128 242 135 243 128 244 126 243 126 245 133 245 135 245 133 246 126 246 123 246 131 247 133 247 123 247 123 248 129 248 131 248 129 249 123 249 121 249 120 250 127 250 129 250 120 251 125 251 127 251 125 252 120 253 117 254 125 255 117 256 116 257 116 258 124 259 125 260 124 261 116 261 138 261 138 262 122 262 124 262 122 263 138 263 139 263 119 264 122 264 139 264 119 265 139 266 140 267 140 268 141 268 119 268 141 269 118 270 119 271 155 272 118 272 141 272 121 273 120 274 129 275 142 276 143 277 144 278 146 279 162 279 145 279 161 280 146 280 147 280 147 281 148 281 161 281 160 282 149 282 150 282 151 283 150 284 152 285 152 286 154 286 153 286 155 287 159 288 154 289 138 290 156 290 139 290 116 291 156 291 138 291 139 292 156 292 157 293 157 294 140 294 139 294 141 295 140 295 157 295 158 296 141 296 157 296 158 297 159 297 141 297 152 298 153 298 151 298 150 299 151 300 160 301 160 302 148 303 149 304 146 305 161 305 162 305 145 306 162 306 163 306 144 307 145 307 163 307 163 308 142 308 144 308 159 309 153 310 154 311 155 312 141 313 159 314 147 315 149 316 148 317 165 318 163 318 162 318 143 319 162 320 161 321 147 322 153 322 159 322 150 323 159 324 158 325 150 326 158 327 157 328 152 329 150 329 157 329 156 330 155 331 154 332 157 333 154 334 152 335 149 336 159 336 150 336 146 337 153 337 147 337 151 338 146 339 145 340 160 341 151 341 145 341 145 342 148 342 160 342 148 343 145 344 144 345 144 346 161 346 148 346 161 347 144 348 143 349 162 350 143 351 165 352 142 353 163 353 166 353 166 354 164 355 142 356 165 357 166 358 163 359 149 360 147 360 159 360 157 361 156 361 154 361 151 362 153 362 146 362 170 363 187 364 188 365 173 366 171 366 172 366 173 367 172 368 174 369 173 370 174 371 176 372 177 373 175 373 176 373 179 374 177 375 178 376 184 377 164 378 166 379 185 380 184 380 166 380 165 381 180 381 185 381 185 382 166 382 165 382 164 383 184 383 183 383 182 384 183 385 181 386 181 387 180 387 182 387 181 388 178 388 180 388 178 389 181 389 179 389 175 390 177 391 179 392 175 393 173 393 176 393 170 394 171 394 187 394 171 395 170 395 172 395 168 396 169 396 188 396 168 397 188 398 167 399 186 400 180 400 165 400 142 401 186 402 143 403 165 404 143 404 186 404 182 405 164 406 183 407 169 408 170 409 188 410 173 411 168 412 171 413 170 414 175 415 179 416 174 417 181 418 183 419 164 420 186 420 142 420 182 421 180 422 186 423 178 424 185 425 180 426 185 427 178 428 177 429 177 430 184 430 185 430 184 431 177 432 176 433 176 434 183 434 184 434 179 435 181 435 170 435 181 436 172 436 170 436 175 437 170 438 169 439 173 440 175 440 169 440 173 441 169 441 168 441 168 442 190 442 171 442 190 443 187 443 171 443 188 444 187 444 190 444 188 445 190 446 189 447 189 448 191 449 188 449 191 450 167 451 188 452 167 453 191 453 205 453 174 454 172 454 181 454 176 455 174 456 183 457 164 458 182 459 186 460 193 461 211 461 192 461 194 462 192 463 196 464 196 465 195 466 194 467 210 468 196 468 197 468 210 469 197 469 199 469 200 470 201 470 199 470 200 471 202 471 201 471 207 472 191 473 189 474 208 475 189 475 190 475 190 476 167 477 209 478 168 479 167 479 190 479 190 480 209 480 208 480 189 481 208 482 207 481 191 483 207 483 206 483 206 484 205 484 191 484 205 485 206 486 204 487 203 488 204 488 202 488 200 489 203 489 202 489 199 490 201 490 198 490 198 491 210 491 199 491 195 492 196 492 210 492 192 493 194 494 193 495 203 496 205 497 204 498 203 499 208 500 209 501 209 502 167 503 205 504 209 505 205 506 203 507 203 508 200 508 208 508 207 509 208 509 200 509 207 510 200 511 199 512 206 513 207 513 199 513 199 514 204 515 206 515 204 516 199 517 197 518 204 519 197 520 196 521 202 522 204 522 196 522 196 523 201 524 202 525 196 526 192 527 201 528 198 529 201 529 192 529 198 530 192 530 211 530 210 531 198 531 211 531 212 532 195 533 210 534 212 535 194 536 195 537 211 538 212 539 210 540 194 541 212 541 193 541 193 542 212 542 211 542 214 543 213 543 215 543 215 544 216 544 214 544 213 545 214 545 217 545 218 546 213 546 217 546 213 547 218 547 219 547 215 548 213 548 219 548 220 549 221 549 218 549 218 550 217 550 220 550 218 551 221 551 219 551 221 552 215 552 219 552 221 553 220 554 216 555 215 556 221 556 216 556 222 557 226 557 220 557 214 558 227 558 223 558 223 559 217 559 214 559 222 560 220 560 217 560 220 561 226 561 225 561 223 562 224 562 217 562 227 563 214 563 216 563 225 564 216 564 220 564 224 565 222 565 217 565 225 566 228 566 216 566 228 567 227 567 216 567 229 568 234 568 226 568 230 569 229 569 224 569 231 570 230 571 223 572 231 573 223 574 227 575 224 576 223 576 230 576 222 577 224 577 229 577 226 578 222 579 229 580 232 581 231 582 227 583 233 584 232 584 228 584 234 585 233 586 225 587 225 588 226 588 234 588 228 589 225 589 233 589 227 590 228 590 232 590 237 591 230 591 231 591 237 592 238 592 230 592 235 593 233 593 234 593 235 594 234 594 229 594 229 595 238 595 235 595 236 596 237 596 232 596 237 597 231 597 232 597 229 598 230 598 238 598 233 599 235 599 236 599 232 600 233 600 236 600 237 601 236 601 240 601 236 602 235 602 242 602 238 603 239 603 235 603 237 604 240 604 241 604 241 605 238 605 237 605 236 606 243 607 240 608 239 609 242 610 235 611 242 612 243 612 236 612 241 613 239 614 238 615 245 616 262 617 243 618 239 619 244 619 242 619 242 620 244 620 246 620 243 621 242 622 246 623 245 624 243 624 246 624 247 625 248 625 249 625 267 626 249 626 250 626 251 627 250 627 252 627 254 628 251 628 252 628 254 629 252 629 253 629 258 630 256 630 257 630 259 631 257 632 260 633 261 634 260 635 262 636 264 637 263 637 245 637 264 638 245 638 246 638 264 639 246 639 244 639 244 640 239 641 265 642 266 643 265 643 239 643 239 644 241 645 266 646 241 647 240 647 243 647 241 648 243 649 266 650 264 651 244 651 265 651 263 652 261 652 262 652 259 653 260 654 261 655 258 656 257 656 259 656 258 657 255 657 256 657 255 658 254 658 253 658 267 659 250 659 251 659 248 660 247 661 288 662 268 663 248 663 288 663 247 664 249 664 267 664 262 665 245 666 263 667 253 668 256 668 255 668 248 669 254 669 255 669 258 670 250 670 255 670 258 671 259 671 250 671 262 672 266 672 243 672 260 673 265 673 266 673 265 674 260 674 257 674 264 675 265 676 257 677 263 678 264 678 257 678 257 679 256 680 263 681 261 682 263 682 256 682 261 683 256 683 253 683 259 684 261 684 253 684 259 685 253 686 252 687 259 688 252 688 250 688 255 689 250 690 249 691 248 692 268 693 254 694 251 695 254 696 268 695 251 697 268 698 269 699 269 700 267 701 251 702 267 703 269 703 270 703 247 704 267 705 270 706 270 707 271 708 247 709 288 710 247 710 271 710 249 711 248 712 255 713 262 714 260 714 266 714 275 715 273 715 272 715 291 716 276 717 277 718 284 719 279 720 278 721 280 722 282 723 281 724 290 725 282 726 283 727 285 728 284 729 283 730 286 731 285 732 271 733 287 734 270 734 269 734 288 735 287 735 268 736 270 737 287 737 289 737 289 738 271 738 270 738 271 739 289 740 286 741 283 742 284 743 290 744 282 745 290 746 281 747 281 748 279 749 280 750 277 751 278 751 291 751 276 752 291 752 274 752 275 753 276 754 274 755 275 756 274 757 273 758 273 759 315 759 272 759 286 760 284 760 285 760 269 761 268 762 287 763 284 764 280 764 279 764 277 765 284 766 278 767 279 768 272 768 278 768 281 769 275 770 279 771 284 772 277 772 290 772 289 773 280 773 286 773 289 774 287 774 282 774 283 775 282 776 287 777 287 778 288 779 285 780 271 781 285 781 288 781 287 782 285 783 283 784 282 785 280 786 289 787 280 788 284 788 286 788 276 789 290 789 277 789 276 790 281 790 290 790 291 791 278 791 272 791 291 792 272 792 293 792 274 793 291 793 293 793 292 794 273 795 274 796 312 797 273 797 292 797 315 798 273 798 312 798 294 799 292 799 274 799 293 800 294 801 274 802 275 803 272 803 279 803 276 804 275 804 281 804 296 805 298 805 297 805 302 806 301 807 300 808 305 809 306 809 304 809 305 810 307 810 306 810 309 811 307 812 308 813 311 814 310 815 312 816 313 817 312 818 292 819 294 820 314 820 292 820 293 821 315 822 308 823 308 824 294 824 293 824 308 825 314 826 294 827 314 828 313 828 292 828 312 829 313 830 311 831 310 832 311 833 309 834 309 835 308 835 310 835 307 836 316 837 306 837 303 838 302 838 304 838 301 839 299 840 300 841 301 842 298 842 299 842 297 843 298 843 301 843 296 844 297 844 336 844 295 845 296 845 336 845 306 846 303 847 304 848 309 849 316 850 307 851 272 852 315 852 293 852 300 853 304 854 302 855 316 856 299 857 306 858 300 859 316 860 309 861 313 862 314 862 307 862 312 863 310 864 315 865 310 866 308 867 315 868 314 869 308 870 307 871 307 872 305 873 313 874 305 875 311 875 313 875 304 876 311 876 305 876 309 877 311 877 304 877 309 878 304 878 300 878 316 879 300 880 299 881 306 882 299 883 298 884 298 885 303 885 306 885 298 886 296 886 303 886 296 887 302 887 303 887 302 888 296 889 295 890 295 891 301 891 302 891 295 892 317 893 301 894 317 895 297 895 301 895 297 896 317 897 318 898 336 899 297 899 318 899 318 900 332 901 336 902 322 903 323 904 321 905 324 906 325 906 323 906 325 907 324 907 326 907 329 908 326 909 328 910 333 911 332 911 318 911 336 912 335 913 295 914 317 915 295 915 335 915 317 916 334 916 333 916 333 917 318 917 317 917 332 918 333 919 331 920 331 921 330 921 332 921 329 922 330 922 331 922 329 923 328 923 330 923 329 924 327 924 326 924 327 925 325 926 326 925 321 927 319 927 320 927 335 928 334 929 317 930 322 931 324 932 323 933 320 934 322 934 321 934 323 935 337 935 321 935 329 936 331 937 324 938 332 939 335 940 336 941 332 942 330 943 335 944 334 945 335 946 330 947 330 948 328 949 334 950 328 951 333 951 334 951 326 952 331 952 333 952 331 953 326 954 324 955 320 956 319 956 327 956 325 957 327 957 319 957 337 958 323 959 325 960 319 961 337 961 325 961 322 962 320 963 329 964 324 965 322 966 329 967 328 968 326 969 333 970 327 971 329 972 320 973 321 974 337 974 319 974 339 975 338 975 340 975 340 976 341 976 339 976 338 977 339 977 342 977 343 978 338 978 342 978 340 979 338 980 344 981 338 982 343 982 344 982 345 983 346 983 343 983 343 984 342 984 345 984 343 985 346 985 344 985 346 986 340 986 344 986 346 987 345 987 341 987 340 988 346 988 341 988 351 989 339 989 341 989 349 990 345 990 342 990 349 991 348 991 345 991 351 992 347 992 339 992 339 993 347 993 352 993 353 994 341 994 345 994 342 995 352 995 350 995 352 996 342 996 339 996 341 997 353 997 351 997 342 998 350 998 349 998 348 999 353 999 345 999 354 1000 359 1001 348 1002 355 1003 354 1003 350 1003 356 1004 355 1005 350 1006 357 1007 356 1008 352 1009 352 1010 347 1011 357 1012 350 1013 352 1014 356 1015 349 1016 350 1017 354 1018 348 1019 349 1020 354 1021 358 1022 357 1022 347 1022 359 1023 358 1024 353 1025 353 1026 348 1026 359 1026 351 1027 353 1027 358 1027 347 1028 351 1029 358 1030 362 1031 356 1031 357 1031 360 1032 359 1032 354 1032 354 1033 366 1033 360 1033 355 1034 356 1034 364 1034 354 1035 365 1035 366 1035 365 1036 354 1036 355 1036 364 1037 365 1037 355 1037 356 1038 362 1038 364 1038 361 1039 358 1039 359 1039 361 1040 362 1040 358 1040 359 1041 360 1041 361 1041 357 1042 358 1042 362 1042 363 1043 364 1044 362 1045 367 1046 361 1047 360 1046 366 1048 367 1049 360 1050 362 1051 361 1052 368 1053 363 1054 362 1055 368 1056 368 1057 392 1058 363 1059 367 1060 368 1060 361 1060 369 1061 366 1062 370 1063 370 1064 366 1064 365 1064 365 1065 392 1066 370 1067 365 1068 364 1069 392 1070 363 1071 392 1071 364 1072 372 1073 368 1073 367 1073 369 1074 367 1074 366 1074 371 1075 368 1076 372 1077 387 1078 368 1078 371 1078 387 1079 392 1080 368 1081 367 1082 369 1082 372 1082 374 1083 373 1083 375 1083 376 1084 377 1084 375 1084 377 1085 376 1085 378 1085 379 1086 377 1086 378 1086 381 1087 379 1087 380 1087 383 1088 381 1088 380 1088 385 1089 383 1090 382 1091 384 1092 385 1092 386 1092 388 1093 386 1094 387 1095 389 1096 388 1097 387 1098 390 1099 371 1100 372 1101 390 1102 372 1102 369 1102 391 1103 390 1104 369 1105 369 1106 370 1106 391 1106 392 1107 391 1107 370 1107 371 1108 390 1108 389 1108 383 1109 385 1109 384 1109 378 1110 380 1110 379 1110 393 1111 375 1112 377 1113 374 1114 375 1114 393 1114 388 1115 384 1116 386 1117 387 1118 371 1119 389 1120 380 1121 382 1122 383 1123 394 1124 373 1124 374 1124 383 1125 384 1125 376 1125 391 1126 385 1127 390 1128 392 1129 387 1129 386 1129 386 1130 391 1130 392 1130 386 1131 385 1131 391 1131 390 1132 385 1132 382 1132 389 1133 390 1133 382 1133 389 1134 382 1134 380 1134 380 1135 388 1135 389 1135 380 1136 384 1136 388 1136 376 1137 375 1138 383 1139 375 1140 381 1140 383 1140 381 1141 375 1141 373 1141 373 1142 379 1142 381 1142 377 1143 379 1143 394 1143 394 1144 395 1144 377 1144 395 1145 393 1145 377 1145 395 1146 396 1146 393 1146 374 1147 393 1148 396 1149 396 1150 397 1151 374 1152 373 1153 394 1153 379 1153 378 1154 376 1155 384 1156 380 1157 378 1158 384 1159 400 1160 402 1161 401 1162 402 1163 403 1164 415 1165 403 1166 404 1167 415 1168 403 1169 405 1170 404 1171 408 1172 407 1173 406 1174 410 1175 409 1176 411 1177 397 1178 414 1178 411 1178 396 1179 413 1180 397 1180 409 1181 396 1181 395 1181 412 1182 409 1182 395 1182 412 1183 395 1184 394 1185 374 1186 412 1187 394 1188 396 1189 409 1189 413 1189 411 1190 414 1191 410 1192 408 1193 409 1193 410 1193 407 1194 405 1194 406 1194 400 1195 401 1196 399 1195 398 1197 417 1197 399 1197 415 1198 401 1199 402 1200 407 1201 404 1202 405 1203 410 1204 407 1204 408 1204 413 1205 414 1205 397 1205 419 1206 399 1206 401 1206 402 1207 407 1207 410 1207 414 1208 403 1208 410 1208 413 1209 408 1209 406 1209 408 1210 413 1211 409 1212 397 1213 411 1214 412 1215 411 1216 409 1217 412 1218 413 1219 406 1219 405 1219 403 1220 414 1220 405 1220 410 1221 403 1222 402 1223 402 1224 400 1225 407 1226 404 1227 407 1227 400 1227 400 1228 399 1229 404 1230 399 1231 415 1231 404 1231 415 1232 399 1233 417 1234 418 1235 401 1235 415 1235 438 1236 398 1237 416 1238 419 1239 416 1240 399 1241 418 1242 419 1243 401 1244 417 1245 418 1246 415 1247 412 1248 374 1249 397 1250 414 1251 413 1252 405 1253 398 1254 399 1255 416 1256 424 1257 423 1257 422 1257 427 1258 425 1259 426 1259 427 1260 426 1261 428 1262 427 1263 428 1264 430 1265 431 1266 429 1266 430 1266 433 1267 431 1268 432 1269 438 1270 416 1271 439 1272 440 1273 439 1273 416 1273 398 1274 418 1274 417 1274 434 1275 419 1275 418 1275 419 1276 434 1276 440 1276 440 1277 416 1277 419 1277 438 1278 439 1278 437 1278 436 1279 437 1280 435 1281 435 1282 434 1282 436 1282 435 1283 432 1283 434 1283 432 1284 435 1284 433 1284 429 1285 431 1285 433 1285 429 1286 427 1287 430 1288 425 1289 424 1289 426 1289 423 1290 442 1291 422 1292 421 1293 422 1293 442 1293 421 1294 442 1295 420 1296 425 1297 423 1298 424 1299 441 1300 434 1300 418 1300 398 1301 441 1301 418 1301 436 1302 438 1302 437 1302 427 1303 421 1303 425 1303 424 1304 429 1305 433 1306 428 1307 435 1308 437 1309 438 1310 441 1310 398 1310 436 1311 434 1311 441 1311 432 1312 440 1312 434 1312 440 1313 432 1314 431 1315 431 1316 439 1316 440 1316 439 1317 431 1318 430 1319 430 1320 437 1320 439 1320 433 1321 435 1321 424 1321 435 1322 426 1323 424 1324 424 1325 422 1326 429 1327 427 1328 429 1328 422 1328 427 1329 422 1329 421 1329 421 1330 443 1331 425 1332 443 1333 423 1333 425 1333 423 1334 443 1335 444 1336 442 1337 423 1337 444 1337 444 1338 445 1339 442 1339 445 1340 420 1340 442 1340 420 1341 445 1341 459 1341 428 1342 426 1342 435 1342 430 1343 428 1344 437 1345 438 1346 436 1347 441 1348 447 1349 465 1349 446 1349 448 1350 446 1351 450 1352 450 1353 449 1353 448 1353 464 1354 450 1354 451 1354 464 1355 451 1355 453 1355 454 1356 455 1356 453 1356 454 1357 456 1357 455 1357 454 1358 457 1358 456 1358 461 1359 445 1360 444 1361 462 1362 444 1362 443 1362 443 1363 420 1364 463 1365 421 1366 420 1366 443 1366 443 1367 463 1367 462 1367 444 1368 462 1369 461 1370 445 1371 461 1371 460 1371 460 1372 459 1373 445 1374 459 1375 460 1376 458 1377 457 1378 458 1378 456 1378 453 1379 455 1379 452 1379 452 1380 464 1380 453 1380 449 1381 450 1382 464 1383 446 1384 448 1385 447 1386 457 1387 459 1388 458 1389 457 1390 462 1391 463 1392 463 1393 420 1393 459 1393 463 1394 459 1394 457 1395 461 1396 462 1396 457 1396 457 1397 454 1398 461 1399 461 1400 454 1401 453 1401 460 1402 461 1402 453 1402 453 1403 458 1404 460 1405 458 1406 453 1407 451 1408 458 1409 451 1410 450 1411 456 1412 458 1412 450 1412 450 1413 455 1414 456 1415 450 1416 446 1417 455 1418 452 1419 455 1419 446 1419 452 1420 446 1420 465 1420 464 1421 452 1421 465 1421 466 1422 449 1422 464 1423 466 1424 448 1424 449 1424 465 1425 466 1425 464 1425 448 1426 466 1426 447 1426 447 1427 466 1427 465 1427 469 1428 468 1428 467 1428 469 1429 467 1429 470 1429 468 1430 472 1430 471 1430 471 1431 467 1431 468 1431 470 1432 467 1432 473 1432 467 1433 471 1433 473 1433 474 1434 475 1434 471 1434 471 1435 472 1435 474 1435 471 1436 475 1437 473 1438 475 1439 470 1439 473 1439 474 1440 469 1440 470 1440 470 1441 475 1441 474 1441 478 1442 474 1442 472 1442 478 1443 477 1443 474 1443 479 1444 476 1444 469 1444 468 1445 476 1445 480 1445 468 1446 480 1446 472 1446 469 1447 481 1447 479 1447 477 1448 481 1448 474 1448 469 1449 474 1449 481 1449 468 1450 469 1450 476 1450 482 1451 488 1451 477 1451 483 1452 482 1453 478 1454 484 1455 483 1456 472 1457 472 1458 480 1459 484 1460 478 1461 472 1462 483 1463 477 1464 478 1464 482 1464 485 1465 484 1465 480 1465 486 1466 485 1467 476 1468 487 1469 486 1469 479 1469 488 1470 487 1470 477 1470 481 1471 477 1471 487 1471 479 1472 481 1472 487 1472 476 1473 479 1474 486 1475 480 1476 476 1476 485 1476 482 1477 494 1477 489 1477 489 1478 488 1478 482 1478 494 1479 482 1479 483 1479 492 1480 494 1480 483 1480 483 1481 484 1481 492 1481 484 1482 485 1482 492 1482 491 1483 485 1483 486 1483 488 1484 489 1484 490 1484 491 1485 492 1485 485 1485 486 1486 487 1486 491 1486 487 1487 490 1487 491 1487 487 1488 488 1488 490 1488 493 1489 494 1489 492 1489 494 1490 495 1491 489 1492 491 1493 496 1493 497 1493 492 1494 491 1495 497 1496 496 1497 490 1497 489 1497 495 1498 496 1498 489 1498 491 1499 490 1500 496 1501 498 1502 497 1502 496 1502 496 1503 499 1504 498 1505 497 1506 498 1506 516 1506 496 1507 495 1507 499 1507 501 1508 500 1509 502 1510 502 1511 504 1512 503 1513 509 1514 507 1514 506 1514 509 1515 506 1516 508 1517 512 1518 511 1519 510 1520 513 1521 512 1521 514 1521 515 1522 514 1523 516 1524 516 1525 517 1526 515 1527 498 1528 499 1529 518 1528 519 1530 518 1531 499 1530 519 1532 495 1533 494 1534 493 1535 519 1535 494 1535 493 1536 497 1536 519 1536 498 1537 518 1538 517 1539 516 1540 498 1540 517 1540 515 1541 513 1542 514 1543 513 1544 511 1545 512 1546 509 1547 510 1548 511 1548 507 1549 505 1550 506 1551 505 1552 504 1552 506 1552 501 1553 502 1553 503 1553 505 1554 503 1555 504 1556 493 1557 492 1557 497 1557 499 1558 495 1559 519 1560 508 1561 510 1562 509 1563 520 1564 500 1564 501 1564 519 1565 512 1566 518 1565 519 1567 497 1567 516 1567 519 1568 516 1568 514 1568 514 1569 512 1569 519 1569 518 1570 512 1570 510 1570 517 1571 518 1571 510 1571 517 1572 510 1572 508 1572 508 1573 515 1573 517 1573 515 1574 508 1575 506 1576 513 1577 515 1577 506 1577 513 1578 506 1578 504 1578 504 1579 511 1580 513 1581 502 1582 509 1583 511 1584 509 1585 502 1586 500 1587 507 1588 509 1588 500 1588 505 1589 507 1590 520 1591 520 1592 521 1592 505 1592 521 1593 503 1593 505 1593 501 1594 503 1595 521 1595 501 1596 521 1596 522 1596 522 1597 523 1598 501 1599 500 1600 520 1600 507 1600 504 1601 502 1602 511 1603 526 1604 528 1605 527 1606 528 1607 529 1607 541 1607 529 1608 531 1609 530 1610 534 1611 533 1612 532 1612 523 1613 540 1613 536 1613 522 1614 539 1614 523 1615 521 1616 539 1616 522 1616 538 1617 537 1618 521 1619 538 1620 521 1621 520 1622 501 1623 538 1623 520 1623 521 1624 537 1625 539 1626 536 1627 540 1628 535 1629 533 1630 531 1630 532 1630 530 1631 541 1631 529 1631 526 1632 527 1633 525 1634 524 1635 543 1635 525 1635 541 1636 527 1637 528 1638 533 1639 530 1640 531 1641 535 1642 533 1642 534 1642 539 1643 540 1643 523 1643 545 1644 525 1644 527 1644 528 1645 533 1646 535 1647 540 1648 529 1648 535 1648 539 1649 534 1649 532 1649 534 1650 539 1651 537 1652 523 1653 536 1654 538 1655 536 1656 535 1656 538 1656 537 1657 535 1657 534 1657 539 1658 532 1659 531 1660 529 1661 540 1661 531 1661 535 1662 529 1663 528 1664 528 1665 526 1666 533 1667 530 1668 533 1668 526 1668 526 1669 525 1670 530 1671 530 1672 525 1673 543 1674 543 1675 541 1675 530 1675 544 1676 527 1676 541 1676 564 1677 524 1677 542 1677 545 1678 542 1679 525 1680 544 1681 545 1682 527 1683 543 1684 544 1685 541 1686 538 1687 501 1688 523 1689 537 1690 538 1690 535 1690 540 1691 539 1692 531 1693 524 1694 525 1695 542 1696 550 1697 549 1698 548 1699 553 1700 551 1701 552 1702 553 1703 552 1704 554 1705 553 1706 554 1707 556 1708 557 1709 555 1709 556 1709 559 1710 557 1711 558 1712 564 1713 542 1714 565 1715 566 1716 565 1717 542 1718 524 1719 544 1719 543 1719 560 1720 545 1720 544 1720 545 1721 560 1721 566 1721 566 1722 542 1722 545 1722 564 1723 565 1723 563 1723 562 1724 563 1725 561 1726 561 1727 560 1727 562 1727 561 1728 558 1728 560 1728 558 1729 561 1729 559 1729 555 1730 557 1731 559 1732 555 1733 553 1734 556 1735 551 1736 550 1736 552 1736 549 1737 568 1738 548 1739 547 1740 548 1740 568 1740 547 1741 568 1742 546 1743 551 1744 549 1744 550 1744 567 1745 560 1745 544 1745 524 1746 567 1747 544 1746 562 1748 564 1748 563 1748 553 1749 547 1750 551 1751 550 1752 555 1753 559 1754 554 1755 561 1756 563 1757 564 1758 567 1758 524 1758 562 1759 560 1759 567 1759 558 1760 566 1760 560 1760 566 1761 558 1762 557 1763 557 1764 565 1764 566 1764 565 1765 557 1766 556 1767 556 1768 563 1768 565 1768 559 1769 561 1769 550 1769 561 1770 552 1771 550 1772 550 1773 548 1774 555 1775 553 1776 555 1776 548 1776 553 1777 548 1777 547 1777 547 1778 569 1778 551 1778 569 1779 549 1779 551 1779 549 1780 569 1781 570 1782 568 1783 549 1783 570 1783 570 1784 571 1785 568 1786 571 1787 546 1787 568 1787 546 1788 571 1788 584 1788 554 1789 552 1789 561 1789 556 1790 554 1791 563 1792 564 1793 562 1794 567 1795 574 1796 573 1797 576 1798 576 1799 575 1799 574 1799 589 1800 576 1800 577 1800 589 1801 577 1801 578 1801 580 1802 579 1802 578 1802 580 1803 582 1803 581 1803 586 1804 571 1804 570 1804 587 1805 570 1805 569 1805 569 1806 546 1807 588 1808 547 1809 546 1809 569 1809 569 1810 588 1810 587 1810 570 1811 587 1812 586 1811 571 1813 586 1813 585 1813 585 1814 584 1814 571 1814 584 1815 585 1815 583 1816 582 1817 583 1817 581 1817 581 1818 579 1818 580 1818 579 1819 589 1819 578 1819 575 1820 576 1821 589 1822 573 1823 574 1824 572 1825 582 1826 584 1827 583 1828 582 1829 587 1830 588 1831 588 1832 546 1832 584 1832 588 1833 584 1834 582 1835 586 1836 587 1836 582 1836 582 1837 580 1838 586 1839 586 1840 580 1841 578 1842 585 1843 586 1844 578 1845 578 1846 583 1847 585 1847 583 1848 578 1849 577 1850 577 1851 581 1851 583 1851 581 1852 577 1853 576 1854 576 1855 579 1855 581 1855 576 1856 573 1857 579 1858 579 1859 573 1859 572 1859 589 1860 579 1860 572 1860 589 1861 572 1861 590 1861 590 1862 575 1863 589 1864 590 1865 574 1865 575 1866 574 1867 590 1867 572 1867 593 1868 594 1868 591 1868 591 1869 594 1869 596 1869 596 1870 595 1870 591 1870 595 1871 597 1871 598 1871 598 1872 599 1872 595 1872 596 1873 597 1873 595 1873 592 1874 593 1874 591 1874 602 1875 601 1875 600 1875 603 1876 601 1876 602 1876 603 1877 606 1877 601 1877 601 1878 606 1878 605 1878 607 1879 605 1879 606 1879 605 1880 607 1881 604 1882 612 1883 600 1883 601 1883 611 1884 612 1884 609 1884 614 1885 600 1885 612 1885 612 1886 613 1886 614 1886 612 1887 611 1887 613 1887 609 1888 608 1888 610 1888 1005 1889 1013 1889 608 1889 608 1890 615 1890 1005 1890 617 1891 615 1891 621 1891 615 1892 618 1892 616 1892 1005 1893 615 1893 616 1893 615 1894 617 1895 618 1896 621 1897 615 1897 619 1897 619 1898 620 1898 621 1898 620 1899 623 1899 621 1899 624 1900 617 1900 621 1900 624 1901 621 1901 623 1901 622 1902 624 1902 623 1902 625 1903 626 1903 632 1903 627 1904 628 1904 632 1904 630 1905 619 1905 628 1905 619 1906 631 1906 620 1906 619 1907 630 1907 631 1907 628 1908 629 1908 630 1908 628 1909 627 1909 629 1909 632 1910 626 1910 627 1910 651 1911 633 1911 667 1911 667 1912 634 1912 651 1912 638 1913 625 1913 632 1913 635 1914 632 1914 633 1914 635 1915 636 1915 632 1915 633 1916 637 1916 635 1916 632 1917 636 1917 638 1917 641 1918 643 1918 642 1918 636 1919 640 1919 638 1919 625 1920 638 1920 639 1920 638 1921 640 1921 641 1921 642 1922 647 1922 645 1922 644 1923 642 1923 645 1923 644 1924 641 1924 642 1924 643 1925 641 1925 640 1925 641 1926 639 1926 638 1926 647 1927 642 1927 643 1927 643 1928 646 1928 647 1928 623 1929 649 1929 648 1929 649 1930 623 1930 620 1930 648 1931 646 1931 623 1931 647 1932 646 1932 648 1932 622 1933 623 1934 646 1933 651 1935 637 1935 633 1935 651 1936 652 1937 650 1938 651 1939 650 1939 637 1939 655 1940 656 1940 653 1940 653 1941 656 1941 658 1941 658 1942 657 1942 653 1942 657 1943 659 1943 660 1943 660 1944 634 1944 657 1944 658 1945 659 1945 657 1945 654 1946 655 1946 653 1946 663 1947 664 1947 662 1947 666 1948 667 1948 664 1948 669 1949 634 1949 667 1949 667 1950 668 1950 669 1950 667 1951 666 1951 668 1951 664 1952 665 1952 666 1952 664 1953 663 1953 665 1953 662 1954 661 1954 663 1954 662 1955 679 1955 661 1955 679 1956 662 1956 670 1956 674 1957 672 1957 673 1957 604 1958 673 1958 605 1958 693 1959 671 1959 672 1959 675 1960 672 1960 674 1960 674 1961 673 1961 678 1961 678 1962 690 1962 674 1962 677 1963 678 1963 673 1963 604 1964 677 1964 673 1964 672 1965 676 1965 693 1965 675 1966 676 1966 672 1966 690 1967 675 1967 674 1967 682 1968 681 1968 671 1968 681 1969 680 1969 679 1969 670 1970 681 1970 679 1970 670 1971 671 1971 681 1971 693 1972 682 1973 671 1974 693 1975 683 1975 682 1975 607 1976 684 1977 604 1978 607 1979 685 1979 684 1979 684 1980 685 1980 688 1980 685 1981 687 1981 686 1981 686 1982 688 1982 685 1982 689 1983 694 1983 690 1983 691 1984 692 1985 689 1986 683 1987 693 1987 692 1987 694 1988 689 1988 692 1988 692 1989 691 1989 683 1989 689 1990 687 1991 691 1992 686 1993 687 1993 689 1993 690 1994 686 1995 689 1996 696 1997 695 1997 601 1997 696 1998 601 1998 605 1998 697 1999 708 1999 671 1999 612 2000 601 2000 695 2000 667 2001 633 2001 698 2001 707 2002 700 2002 608 2002 609 2003 612 2003 701 2003 708 2004 672 2004 671 2004 702 2005 697 2005 662 2005 664 2006 667 2006 703 2006 696 2007 605 2007 673 2007 697 2008 670 2008 662 2008 699 2009 633 2009 632 2009 632 2010 705 2010 699 2010 673 2011 704 2011 696 2011 673 2012 672 2012 704 2012 664 2013 703 2013 702 2013 628 2014 619 2014 706 2014 700 2015 706 2015 619 2015 695 2016 701 2016 612 2016 671 2017 670 2017 697 2017 699 2018 698 2018 633 2018 619 2019 615 2019 700 2019 708 2020 704 2020 672 2020 705 2021 632 2021 628 2021 615 2022 608 2022 700 2022 702 2023 662 2023 664 2023 698 2024 703 2024 667 2024 707 2025 608 2025 609 2025 609 2026 701 2026 707 2026 706 2027 705 2027 628 2027 709 2028 704 2028 708 2028 710 2029 708 2029 697 2029 711 2030 697 2030 702 2030 712 2031 702 2031 703 2031 713 2032 703 2032 698 2032 714 2033 698 2033 699 2033 715 2034 699 2034 705 2034 705 2035 716 2035 715 2035 699 2036 715 2036 714 2036 698 2037 714 2037 713 2037 703 2038 713 2038 712 2038 702 2039 712 2039 711 2039 697 2040 711 2040 710 2040 708 2041 710 2041 709 2041 716 2042 705 2042 706 2042 717 2043 706 2043 700 2043 718 2044 700 2044 707 2044 719 2045 707 2045 701 2045 720 2046 701 2046 695 2046 721 2047 695 2047 696 2047 722 2048 696 2048 704 2048 704 2049 709 2049 722 2049 696 2050 722 2050 721 2050 695 2051 721 2051 720 2051 701 2052 720 2052 719 2052 707 2053 719 2053 718 2053 700 2054 718 2054 717 2054 706 2055 717 2055 716 2055 723 2056 724 2056 722 2056 727 2057 725 2057 716 2057 721 2058 722 2058 724 2058 730 2059 718 2059 719 2059 726 2058 717 2058 718 2058 727 2060 716 2060 717 2060 728 2061 709 2061 710 2061 729 2062 730 2062 719 2062 717 2063 726 2063 727 2063 734 2064 732 2064 714 2064 733 2065 722 2065 709 2065 719 2066 720 2066 729 2066 725 2067 731 2067 715 2067 731 2068 734 2068 715 2068 724 2058 720 2058 721 2058 714 2069 715 2069 734 2069 713 2070 714 2070 732 2070 732 2071 735 2071 713 2071 718 2072 730 2072 726 2072 711 2073 736 2073 710 2073 712 2074 713 2074 735 2074 736 2075 711 2075 712 2075 715 2076 716 2076 725 2076 722 2077 733 2077 723 2077 712 2078 735 2078 736 2078 737 2079 727 2079 726 2079 738 2080 726 2080 730 2080 739 2081 730 2081 729 2081 740 2082 729 2082 720 2082 741 2083 720 2083 724 2083 742 2084 724 2084 723 2084 743 2085 742 2085 723 2085 733 2086 744 2086 743 2086 745 2087 756 2087 725 2087 724 2088 742 2088 741 2088 720 2089 741 2089 740 2089 729 2090 740 2090 739 2090 730 2091 739 2091 738 2091 726 2092 738 2092 737 2092 727 2093 737 2093 745 2093 744 2094 733 2094 709 2094 709 2095 746 2095 744 2095 746 2096 709 2096 728 2096 728 2097 747 2097 746 2097 747 2098 728 2098 710 2098 747 2099 710 2099 736 2099 736 2100 748 2100 747 2100 736 2101 749 2101 748 2101 749 2102 736 2102 735 2102 735 2103 750 2103 749 2103 735 2104 732 2104 751 2104 732 2105 734 2105 753 2105 734 2106 731 2106 755 2106 731 2107 725 2107 756 2107 725 2108 727 2108 745 2108 743 2109 723 2109 733 2109 756 2110 755 2110 731 2110 755 2111 754 2111 734 2111 754 2112 753 2112 734 2112 753 2113 752 2113 732 2113 752 2114 751 2114 732 2114 751 2115 750 2115 735 2115 754 2116 752 2116 753 2116 752 2117 757 2117 751 2117 749 2118 750 2118 748 2118 744 2119 746 2119 743 2119 750 2120 751 2120 757 2120 745 2121 737 2121 756 2121 748 2122 767 2122 758 2122 754 2123 755 2123 759 2123 747 2124 761 2124 760 2124 747 2125 758 2125 761 2125 767 2126 748 2126 750 2126 756 2127 737 2127 769 2127 741 2128 764 2128 770 2128 746 2129 760 2129 766 2129 758 2130 747 2130 748 2130 752 2131 754 2131 759 2131 762 2132 759 2132 755 2132 755 2133 756 2133 768 2133 763 2134 769 2134 737 2134 741 2135 770 2135 774 2135 742 2136 765 2136 764 2136 766 2137 743 2137 746 2137 760 2138 746 2138 747 2138 737 2139 738 2139 763 2139 764 2140 741 2140 742 2140 743 2141 766 2141 765 2141 768 2142 762 2142 755 2142 772 2143 763 2143 738 2143 738 2144 739 2144 772 2144 739 2145 740 2145 773 2145 759 2146 771 2146 752 2146 773 2147 772 2147 739 2147 774 2148 740 2148 741 2148 771 2149 757 2149 752 2149 769 2150 768 2150 756 2150 765 2151 742 2151 743 2151 740 2152 774 2152 773 2152 757 2153 767 2153 750 2153 757 2154 771 2154 776 2154 771 2155 759 2155 777 2155 759 2156 762 2156 778 2156 762 2157 768 2157 779 2157 768 2158 769 2158 780 2158 769 2159 763 2159 781 2159 763 2160 772 2160 782 2160 772 2161 773 2161 783 2161 784 2162 783 2162 773 2162 783 2163 782 2163 772 2163 782 2164 781 2164 763 2164 781 2165 780 2165 769 2165 780 2166 779 2166 768 2166 779 2167 778 2167 762 2167 778 2168 777 2168 759 2168 777 2169 776 2169 771 2169 776 2170 775 2170 757 2170 775 2171 793 2171 757 2171 773 2172 774 2172 784 2172 774 2173 770 2173 785 2173 770 2174 764 2174 786 2174 764 2175 765 2175 787 2175 765 2176 766 2176 789 2176 766 2177 760 2177 790 2177 760 2178 761 2178 790 2178 761 2179 758 2179 791 2179 758 2180 767 2180 793 2180 767 2181 757 2181 793 2181 793 2182 792 2182 758 2182 792 2183 791 2183 758 2183 791 2184 790 2184 761 2184 790 2185 789 2185 766 2185 789 2186 788 2186 765 2186 788 2187 787 2187 765 2187 787 2188 786 2188 764 2188 786 2189 785 2189 770 2189 785 2190 784 2190 774 2190 789 2191 791 2191 792 2191 789 2192 790 2192 791 2192 792 2193 787 2193 788 2193 792 2194 786 2194 787 2194 784 2195 785 2195 792 2195 785 2196 786 2196 792 2196 780 2197 781 2197 782 2197 784 2198 777 2198 778 2198 788 2199 789 2199 792 2199 779 2200 783 2200 784 2200 779 2201 782 2201 783 2201 792 2202 793 2202 784 2202 782 2203 779 2203 780 2203 784 2204 778 2204 779 2204 775 2205 776 2205 784 2205 793 2206 775 2206 784 2206 776 2207 777 2207 784 2207 796 2208 797 2209 646 2210 640 2211 795 2211 806 2211 805 2212 852 2213 851 2214 636 2215 801 2215 794 2215 851 2216 796 2216 646 2216 794 2217 795 2218 640 2219 797 2220 622 2220 646 2220 805 2221 851 2221 643 2221 806 2222 805 2222 640 2222 794 2223 640 2223 636 2223 851 2224 646 2224 643 2224 797 2225 869 2225 622 2225 643 2226 640 2226 805 2226 794 2227 798 2228 804 2229 795 2230 794 2231 804 2232 799 2233 801 2233 800 2233 810 2234 802 2235 798 2236 802 2237 804 2238 798 2239 802 2240 803 2240 804 2240 806 2241 795 2241 804 2241 806 2242 807 2243 805 2244 807 2245 806 2246 808 2247 808 2248 806 2248 804 2248 808 2249 804 2249 803 2249 803 2250 809 2250 808 2250 802 2251 809 2251 803 2251 812 2252 813 2252 814 2252 810 2253 809 2253 802 2253 811 2254 813 2254 809 2254 814 2255 813 2255 811 2255 809 2256 810 2256 811 2256 815 2257 818 2257 814 2257 814 2258 811 2259 815 2260 811 2261 816 2261 815 2261 813 2262 812 2262 817 2262 812 2263 814 2263 818 2263 818 2264 817 2264 812 2264 819 2265 818 2265 815 2265 818 2266 819 2266 830 2266 815 2267 816 2268 829 2269 829 2270 819 2270 815 2270 805 2271 807 2271 820 2271 825 2272 820 2272 826 2272 808 2273 826 2273 820 2273 813 2274 817 2274 808 2274 808 2275 832 2275 826 2275 808 2276 809 2276 813 2276 820 2277 807 2277 808 2277 817 2278 832 2278 808 2278 826 2279 822 2279 823 2279 825 2280 823 2281 824 2282 825 2283 826 2283 823 2283 820 2284 825 2284 824 2284 822 2285 826 2285 821 2285 801 2286 829 2286 798 2286 829 2287 801 2287 799 2287 811 2288 810 2288 798 2288 798 2289 794 2289 801 2289 798 2290 829 2290 816 2290 798 2291 816 2291 811 2291 828 2292 829 2292 799 2292 827 2293 828 2294 799 2295 818 2296 830 2296 832 2296 832 2297 817 2297 818 2297 1045 2298 1046 2298 828 2298 828 2299 827 2299 1045 2299 1045 2300 827 2300 799 2300 799 2301 1047 2301 1045 2301 832 2302 830 2303 831 2304 821 2305 826 2306 832 2307 821 2308 832 2309 831 2310 822 2311 821 2311 835 2311 833 2312 835 2312 834 2312 836 2313 833 2313 837 2313 824 2314 836 2314 837 2314 824 2315 837 2315 820 2315 822 2316 836 2317 823 2318 824 2319 823 2320 836 2321 835 2322 833 2323 836 2324 835 2325 836 2325 822 2325 839 2326 831 2326 830 2326 839 2327 835 2327 821 2327 835 2328 839 2328 840 2328 840 2329 834 2329 835 2329 839 2330 821 2331 831 2330 838 2332 839 2332 830 2332 841 2333 849 2333 834 2333 834 2334 840 2334 841 2334 847 2335 845 2335 849 2335 844 2336 845 2336 843 2336 846 2337 848 2338 845 2339 844 2340 843 2340 842 2340 848 2341 854 2341 850 2341 850 2342 849 2342 845 2342 850 2343 845 2343 848 2343 847 2344 843 2344 845 2344 845 2345 844 2345 846 2345 820 2346 850 2346 854 2346 837 2347 849 2347 850 2347 849 2348 837 2348 833 2348 849 2349 833 2350 834 2351 854 2352 852 2352 805 2352 805 2353 820 2353 854 2353 850 2354 820 2354 837 2354 851 2355 852 2355 853 2355 854 2356 856 2357 853 2358 853 2359 852 2359 854 2359 856 2360 848 2360 846 2360 857 2361 846 2361 844 2361 855 2362 857 2362 842 2362 846 2363 857 2363 856 2363 848 2364 856 2364 854 2364 842 2365 857 2365 844 2365 855 2366 842 2367 861 2368 861 2369 858 2369 855 2369 847 2370 849 2370 841 2370 843 2371 847 2371 841 2371 841 2372 860 2372 843 2372 879 2373 880 2374 859 2375 880 2376 860 2377 859 2378 861 2379 842 2379 860 2379 880 2380 861 2381 860 2382 842 2383 843 2383 860 2383 862 2384 851 2385 853 2385 851 2386 862 2387 864 2388 864 2389 796 2389 851 2389 862 2390 867 2390 865 2390 865 2391 864 2391 862 2391 864 2392 797 2393 796 2394 864 2395 863 2395 797 2395 865 2396 866 2397 864 2398 863 2399 864 2399 866 2399 872 2400 866 2400 867 2400 865 2401 867 2401 866 2401 873 2402 872 2402 871 2402 867 2403 871 2403 872 2403 856 2404 857 2404 855 2404 856 2405 858 2405 862 2405 862 2406 853 2406 856 2406 871 2407 867 2407 862 2407 862 2408 858 2408 875 2408 862 2409 875 2409 871 2409 855 2410 858 2410 856 2410 874 2411 873 2412 871 2413 871 2414 875 2415 874 2416 874 2417 877 2417 873 2417 877 2418 876 2418 872 2418 872 2419 873 2419 877 2419 877 2420 879 2420 878 2420 877 2421 874 2421 879 2421 874 2422 875 2422 880 2422 874 2423 880 2424 879 2425 858 2426 880 2426 875 2426 861 2427 880 2428 858 2429 876 2430 877 2430 878 2430 876 2431 878 2432 881 2433 863 2434 881 2434 869 2434 881 2435 868 2435 870 2435 881 2436 870 2436 869 2436 868 2437 881 2437 882 2437 872 2438 876 2438 863 2438 863 2439 866 2439 872 2439 869 2440 797 2440 863 2440 876 2441 881 2441 863 2441 868 2442 882 2442 883 2442 885 2443 886 2443 868 2443 883 2444 882 2444 885 2444 868 2445 883 2445 885 2445 884 2446 885 2446 882 2446 893 2447 887 2447 886 2447 892 2448 890 2449 891 2450 892 2451 893 2452 890 2453 893 2454 892 2455 887 2456 888 2457 889 2457 895 2457 894 2458 888 2459 895 2460 897 2461 898 2461 895 2461 889 2462 899 2462 895 2462 899 2463 889 2463 891 2463 899 2464 891 2465 890 2466 890 2467 900 2467 899 2467 900 2468 890 2468 893 2468 897 2469 895 2469 899 2469 899 2470 901 2470 897 2470 902 2471 901 2471 900 2471 899 2472 900 2472 901 2472 901 2473 898 2473 897 2473 903 2474 901 2474 902 2474 904 2475 907 2475 908 2475 904 2476 908 2476 898 2476 901 2477 903 2477 904 2477 898 2478 901 2478 904 2478 893 2479 886 2479 911 2479 893 2480 911 2480 900 2480 911 2481 886 2481 885 2481 906 2482 903 2482 902 2482 900 2483 911 2483 906 2483 902 2484 900 2484 906 2484 884 2485 911 2485 885 2485 904 2486 906 2486 905 2486 906 2487 904 2488 903 2489 905 2490 906 2490 912 2490 911 2491 912 2491 906 2491 908 2492 907 2493 909 2494 905 2495 909 2495 907 2495 907 2496 904 2496 905 2496 905 2497 912 2497 910 2497 909 2498 910 2498 913 2498 910 2499 909 2499 905 2499 895 2500 914 2500 915 2500 915 2501 894 2501 895 2501 914 2502 895 2502 909 2502 898 2503 908 2503 909 2503 909 2504 895 2504 898 2504 909 2505 913 2505 914 2505 915 2506 896 2507 894 2508 915 2509 914 2509 917 2509 916 2510 917 2510 914 2510 870 2511 868 2511 887 2511 869 2512 870 2512 887 2512 887 2513 892 2513 869 2513 622 2514 892 2514 891 2514 892 2515 622 2515 869 2515 624 2516 891 2517 889 2518 617 2519 624 2519 889 2519 889 2520 888 2520 617 2520 618 2521 617 2521 888 2521 618 2522 919 2523 918 2524 919 2525 618 2525 896 2525 894 2526 896 2526 618 2526 888 2527 894 2527 618 2527 624 2528 622 2528 891 2528 886 2529 887 2529 868 2529 917 2530 919 2530 896 2530 896 2531 915 2531 917 2531 918 2532 919 2533 920 2534 918 2535 920 2535 921 2535 920 2536 929 2536 922 2536 921 2537 920 2538 922 2539 918 2540 921 2540 923 2540 923 2541 925 2541 918 2541 921 2542 922 2542 924 2542 924 2543 923 2543 921 2543 924 2544 926 2544 923 2545 929 2546 928 2546 922 2546 928 2547 924 2548 922 2549 928 2550 929 2550 931 2550 932 2551 931 2551 929 2551 926 2552 935 2552 927 2552 935 2553 926 2554 924 2555 924 2556 928 2557 935 2558 931 2559 935 2559 928 2559 930 2560 931 2560 932 2560 935 2561 931 2561 930 2561 920 2562 919 2562 917 2562 929 2563 920 2563 934 2563 934 2564 920 2564 916 2564 917 2565 916 2565 920 2565 916 2566 939 2566 934 2566 934 2567 932 2567 929 2567 934 2568 933 2568 930 2568 930 2569 932 2570 934 2571 933 2572 934 2572 940 2572 939 2573 940 2573 934 2573 935 2574 930 2574 933 2574 933 2575 936 2575 935 2575 927 2576 935 2576 936 2576 936 2577 943 2577 944 2577 926 2578 927 2578 936 2578 923 2579 944 2579 937 2579 936 2580 923 2580 926 2580 937 2581 925 2581 923 2581 944 2582 923 2582 936 2582 933 2583 940 2583 938 2583 939 2584 941 2585 940 2586 938 2587 940 2587 941 2587 941 2588 942 2588 938 2588 936 2589 938 2589 943 2589 938 2590 936 2590 933 2590 937 2591 944 2591 946 2591 946 2592 947 2592 937 2592 937 2593 947 2593 945 2593 945 2594 925 2594 937 2594 918 2595 925 2595 945 2595 945 2596 618 2596 918 2596 947 2597 953 2598 945 2599 951 2600 950 2601 948 2602 948 2603 949 2603 951 2603 950 2604 947 2605 946 2606 963 2607 953 2607 950 2607 950 2608 953 2608 947 2608 946 2609 948 2609 950 2609 950 2610 957 2610 963 2610 954 2611 945 2611 953 2611 955 2612 945 2613 954 2614 957 2615 950 2616 951 2617 956 2618 957 2618 951 2618 949 2619 960 2619 951 2619 960 2620 949 2620 952 2620 951 2621 960 2621 961 2621 961 2622 956 2622 951 2622 958 2623 961 2623 960 2623 960 2624 959 2624 958 2624 960 2625 952 2625 962 2625 962 2626 959 2626 960 2626 965 2627 963 2627 957 2627 966 2628 964 2628 958 2628 961 2629 958 2629 964 2629 956 2630 964 2630 965 2630 956 2631 961 2631 964 2631 965 2632 957 2632 956 2632 953 2633 963 2634 965 2634 965 2635 954 2635 953 2635 954 2636 965 2637 964 2638 964 2639 967 2639 954 2639 955 2640 967 2641 970 2642 955 2643 954 2644 967 2645 967 2646 964 2646 966 2646 969 2647 967 2648 966 2647 959 2649 968 2649 971 2649 959 2650 962 2650 968 2650 966 2651 958 2651 959 2651 959 2652 969 2652 966 2652 971 2653 969 2653 959 2653 971 2654 970 2655 969 2656 970 2657 967 2657 969 2657 972 2658 971 2659 968 2660 972 2661 968 2661 973 2661 971 2662 972 2662 974 2662 973 2663 974 2663 972 2663 975 2664 970 2664 971 2664 971 2665 974 2665 975 2665 975 2666 974 2666 976 2666 976 2667 977 2668 975 2669 975 2670 977 2671 1009 2672 980 2673 977 2674 976 2675 980 2676 981 2676 977 2676 1009 2677 978 2677 979 2677 1009 2678 977 2678 978 2678 981 2679 978 2679 977 2679 984 2680 999 2680 998 2680 978 2681 983 2682 984 2683 998 2684 978 2684 984 2684 978 2685 981 2686 983 2687 981 2688 980 2689 983 2690 986 2691 987 2691 984 2691 983 2692 985 2692 986 2692 984 2693 983 2693 986 2693 988 2694 985 2695 983 2696 980 2697 982 2697 988 2697 988 2698 983 2698 980 2698 974 2699 973 2699 990 2699 990 2700 976 2700 974 2700 980 2701 976 2701 990 2701 973 2702 995 2702 990 2702 990 2703 982 2703 980 2703 989 2704 985 2704 988 2704 982 2705 990 2705 989 2705 989 2706 988 2706 982 2706 989 2707 993 2707 985 2707 989 2708 990 2709 995 2710 995 2711 991 2712 989 2713 987 2714 986 2714 992 2714 993 2715 986 2715 985 2715 993 2716 992 2716 986 2716 991 2717 993 2717 989 2717 993 2718 991 2718 994 2718 993 2719 994 2719 996 2719 996 2720 992 2720 993 2720 997 2721 999 2721 992 2721 992 2722 996 2722 997 2722 984 2723 987 2723 992 2723 992 2724 999 2724 984 2724 978 2725 998 2726 979 2727 999 2728 997 2728 1001 2728 1001 2729 1000 2729 999 2729 1000 2730 998 2730 999 2730 1000 2731 979 2731 998 2731 1000 2732 1003 2732 979 2732 1003 2733 1002 2734 1004 2735 1006 2736 1007 2736 1008 2736 618 2737 945 2737 955 2737 616 2738 955 2738 1005 2738 1005 2739 1006 2739 1013 2739 955 2740 1007 2740 1006 2740 955 2741 970 2741 1007 2741 970 2742 975 2742 1009 2742 1007 2743 1009 2743 1010 2743 1011 2744 1015 2744 1014 2744 1004 2745 1012 2745 979 2745 1011 2746 1012 2746 1015 2746 979 2747 1012 2747 1011 2747 1017 2748 602 2749 1012 2750 1008 2751 1007 2751 1010 2751 1011 2752 1009 2752 979 2752 1004 2753 979 2753 1003 2753 600 2754 1012 2755 602 2756 1016 2757 1012 2757 600 2757 1015 2758 1012 2758 1016 2758 1012 2759 1004 2759 1017 2759 1010 2760 1009 2760 1011 2760 1009 2761 1007 2761 970 2761 1006 2762 1005 2763 955 2764 955 2765 616 2765 618 2765 1014 2766 1010 2766 1011 2766 1004 2767 1019 2768 1017 2767 1004 2769 1002 2769 1019 2769 1002 2770 1020 2770 1019 2770 1002 2771 1003 2771 1018 2771 1003 2772 1000 2772 1018 2772 1020 2773 1002 2774 1018 2775 1018 2776 1023 2776 1020 2776 1021 2777 1039 2777 1022 2778 1022 2779 1017 2780 1019 2781 1021 2782 1022 2783 1019 2784 1019 2785 1020 2786 1021 2787 1020 2788 1023 2788 1024 2788 1020 2789 1024 2789 1025 2789 1025 2790 1021 2790 1020 2790 1025 2791 1024 2791 1026 2791 1028 2792 1026 2792 1024 2792 1024 2793 1023 2793 1028 2793 1023 2794 1030 2794 1028 2794 1023 2795 1027 2796 1030 2797 1027 2798 1023 2798 1018 2798 1028 2799 1030 2799 1029 2799 1030 2800 1031 2801 1029 2802 1030 2803 1032 2804 1031 2805 1030 2806 1033 2807 1032 2808 1035 2809 1031 2809 1033 2809 1033 2810 1030 2811 1035 2812 1035 2813 1029 2814 1031 2815 1031 2816 1032 2817 1033 2818 1032 2819 1034 2820 1031 2821 1030 2822 1027 2823 1035 2824 1000 2825 1001 2825 1037 2825 1018 2826 1000 2826 1037 2826 1001 2827 1041 2827 1037 2827 1037 2828 1027 2828 1018 2828 1036 2829 1029 2829 1035 2829 1037 2830 1035 2830 1027 2830 1035 2831 1037 2831 1036 2831 1036 2832 1028 2832 1029 2832 1036 2833 1037 2833 1042 2833 1041 2834 1042 2834 1037 2834 1026 2835 1028 2835 1038 2835 1028 2836 1036 2836 1038 2836 1044 2837 1039 2837 1038 2837 1038 2838 1043 2838 1044 2838 1025 2839 1026 2839 1038 2839 1038 2840 1021 2840 1025 2840 1039 2841 1021 2841 1038 2841 1036 2842 1042 2842 1040 2842 1038 2843 1040 2843 1043 2843 1040 2844 1038 2845 1036 2846 1039 2847 1044 2847 1403 2847 1402 2848 1403 2848 1044 2848 1049 2849 1048 2849 1047 2849 1068 2850 1048 2850 1049 2850 1053 2851 1050 2852 1051 2853 1050 2854 1053 2855 1052 2856 1054 2857 1059 2857 1052 2857 1052 2858 1053 2858 1054 2858 1057 2859 1052 2859 1058 2859 1052 2860 1057 2860 1050 2860 1058 2861 1052 2861 1059 2861 1058 2862 1056 2863 1057 2864 1055 2865 1057 2866 1056 2867 1060 2868 1056 2868 1058 2868 1058 2869 1059 2869 1060 2869 1059 2870 1062 2870 1066 2870 1059 2871 1054 2871 1061 2871 1061 2872 1062 2872 1059 2872 1066 2873 1060 2873 1059 2873 1063 2874 1051 2874 1048 2874 1047 2875 1048 2875 1051 2875 1045 2876 1051 2876 1046 2876 1053 2877 1063 2877 1061 2877 1045 2878 1047 2878 1051 2878 1061 2879 1054 2879 1053 2879 1053 2880 1051 2880 1063 2880 1062 2881 1061 2881 1064 2881 1061 2882 1063 2883 1064 2884 1064 2885 1067 2885 1062 2885 1066 2886 1062 2887 1065 2888 1048 2889 1069 2889 1063 2889 1069 2890 1064 2891 1063 2892 1064 2893 1069 2893 1070 2893 1067 2894 1064 2894 1070 2894 1067 2895 1070 2896 1071 2897 1066 2898 1065 2899 1067 2900 1067 2901 1065 2901 1062 2901 1068 2902 1070 2903 1069 2902 1069 2904 1048 2904 1068 2904 1067 2905 1071 2906 1072 2907 1067 2908 1072 2908 1073 2908 1073 2909 1074 2909 1067 2909 1066 2910 1067 2910 1056 2910 1074 2911 1055 2911 1056 2911 1056 2912 1067 2912 1074 2912 1056 2913 1060 2913 1066 2913 1076 2914 1077 2914 1074 2914 1074 2915 1073 2915 1076 2915 801 2916 1068 2916 1049 2916 1049 2917 800 2917 801 2917 1068 2918 801 2918 635 2918 635 2919 1070 2919 1068 2919 1070 2920 635 2920 637 2920 637 2921 1071 2921 1070 2921 1078 2922 1075 2923 1072 2924 1072 2925 652 2926 1078 2927 1072 2928 1071 2928 650 2928 1072 2929 650 2929 652 2929 1071 2930 637 2930 650 2930 801 2931 636 2931 635 2931 800 2932 1049 2932 1047 2932 1047 2933 799 2933 800 2933 1076 2934 1073 2934 1072 2934 1072 2935 1075 2935 1076 2935 1083 2936 1080 2937 1081 2938 1080 2939 1083 2939 1082 2939 1083 2940 1081 2940 1077 2940 1087 2941 1086 2941 1083 2941 1085 2942 1077 2942 1076 2942 1083 2943 1085 2943 1087 2943 1076 2944 1075 2944 1085 2944 1077 2945 1085 2945 1083 2945 1084 2946 1078 2946 1079 2946 1078 2947 1084 2947 1085 2947 1075 2948 1078 2949 1085 2950 1084 2951 1094 2951 1087 2951 1087 2952 1085 2953 1084 2954 1082 2955 1086 2955 1088 2955 1086 2956 1082 2956 1083 2956 1089 2957 1086 2957 1095 2957 1087 2958 1095 2958 1086 2958 1089 2959 1088 2959 1086 2959 1088 2960 1089 2961 1090 2962 1082 2963 1088 2963 1090 2963 1090 2964 1091 2964 1082 2964 1082 2965 1100 2965 1080 2965 1082 2966 1091 2966 1100 2966 1092 2967 1090 2967 1099 2967 1090 2968 1092 2968 1091 2968 1091 2969 1092 2970 1093 2971 1093 2972 1100 2972 1091 2972 1087 2973 1094 2973 1095 2973 1098 2974 1094 2974 1084 2974 1084 2975 1096 2975 1098 2975 1096 2976 1079 2976 1102 2976 1096 2977 1084 2977 1079 2977 1096 2978 1097 2978 1098 2978 1095 2979 1094 2979 1098 2979 1095 2980 1090 2981 1089 2982 1090 2983 1095 2983 1098 2983 1098 2984 1097 2984 1099 2984 1099 2985 1090 2985 1098 2985 1093 2986 1101 2986 1103 2986 1096 2987 1102 2987 1101 2987 1097 2988 1096 2988 1092 2988 1092 2989 1096 2989 1101 2989 1101 2990 1093 2990 1092 2990 1092 2991 1099 2991 1097 2991 1105 2992 1104 2992 1101 2992 1103 2993 1101 2993 1104 2993 1101 2994 1102 2994 1110 2994 1110 2995 1105 2995 1101 2995 1102 2996 1079 2996 652 2996 1102 2997 1112 2998 1110 2999 1079 3000 1078 3000 652 3000 652 3001 1112 3001 1102 3001 1104 3002 1105 3002 1111 3003 1110 3004 1111 3005 1105 3006 1108 3007 1106 3007 1107 3007 1107 3008 1109 3008 1108 3008 1109 3009 1107 3009 1104 3009 1118 3010 1115 3010 1109 3010 1109 3011 1111 3011 1118 3011 1104 3012 1111 3012 1109 3012 1111 3013 1112 3014 1113 3015 1111 3016 1110 3017 1112 3018 1109 3019 1115 3019 1116 3019 1116 3020 1108 3020 1109 3020 1108 3021 1127 3021 1106 3021 1108 3022 1114 3022 1127 3022 1108 3023 1116 3023 1121 3023 1121 3024 1114 3024 1108 3024 1117 3025 1118 3025 1113 3025 1111 3026 1113 3027 1118 3028 1114 3029 1121 3029 1122 3029 1122 3030 1119 3030 1114 3030 1119 3031 1122 3031 1123 3031 1114 3032 1119 3032 1120 3032 1120 3033 1127 3034 1114 3035 1118 3036 1116 3036 1115 3036 1118 3037 1121 3037 1116 3037 1124 3038 1122 3039 1121 3040 1121 3041 1118 3041 1124 3041 1123 3042 1122 3042 1124 3042 1118 3043 1117 3044 1124 3045 1113 3046 1125 3046 1124 3046 1124 3047 1117 3047 1113 3047 1113 3048 1112 3049 1126 3050 1126 3051 1125 3051 1113 3051 1125 3052 1130 3052 1124 3052 1119 3053 1130 3053 1128 3053 1124 3054 1130 3054 1119 3054 1128 3055 1120 3055 1119 3055 1119 3056 1123 3056 1124 3056 1130 3057 1125 3057 1129 3057 1126 3058 1129 3059 1125 3060 1131 3061 1132 3061 1130 3061 1128 3062 1130 3062 1132 3062 1130 3063 1135 3063 1131 3063 1130 3064 1129 3064 1135 3064 1129 3065 1126 3065 1135 3065 1135 3066 1133 3066 1131 3066 1135 3067 1134 3067 1133 3067 1133 3068 1134 3068 1139 3068 1134 3069 1142 3069 1139 3069 1134 3070 1156 3070 1136 3070 1134 3071 1135 3071 1156 3071 1134 3072 1136 3072 1142 3072 1136 3073 1140 3073 1142 3073 1141 3074 1136 3075 1137 3076 1141 3077 1140 3077 1136 3077 1137 3078 1157 3078 1141 3078 1140 3079 1138 3080 1142 3081 1139 3082 1142 3083 1138 3084 1140 3085 1141 3085 1144 3085 1143 3086 1145 3086 1139 3086 1139 3087 1145 3087 1146 3087 1138 3088 1140 3088 1143 3088 1143 3089 1139 3090 1138 3091 1140 3092 1144 3092 1143 3092 1147 3093 1132 3093 1131 3093 1147 3094 1150 3094 1132 3094 1139 3095 1146 3095 1147 3095 1147 3096 1133 3096 1139 3096 1131 3097 1133 3097 1147 3097 1147 3098 1146 3098 1145 3098 1148 3099 1147 3099 1145 3099 1148 3100 1149 3100 1150 3100 1150 3101 1147 3102 1148 3103 1145 3104 1151 3104 1148 3104 1145 3105 1143 3105 1151 3105 1144 3106 1152 3106 1151 3106 1151 3107 1143 3107 1144 3107 1148 3108 1154 3108 1149 3108 1148 3109 1151 3109 1154 3109 1151 3110 1152 3110 1153 3110 1153 3111 1154 3111 1151 3111 1157 3112 1155 3112 1152 3112 1141 3113 1157 3113 1152 3113 1155 3114 1153 3114 1152 3114 1152 3115 1144 3115 1141 3115 1156 3116 1157 3116 1137 3116 1136 3117 1156 3117 1137 3117 1158 3118 1159 3118 1155 3118 1155 3119 1157 3119 1158 3119 1156 3120 1160 3120 1158 3120 1156 3121 1162 3121 1160 3121 1157 3122 1156 3122 1158 3122 1162 3123 1161 3123 1160 3123 1169 3124 1164 3124 680 3124 1135 3125 1126 3126 1165 3127 679 3128 1164 3128 1163 3128 1169 3129 1162 3130 1164 3131 1162 3132 1156 3132 1165 3132 1170 3133 1165 3133 1166 3133 1165 3134 1171 3134 1166 3134 1167 3135 1171 3136 1165 3137 1168 3138 1172 3138 1171 3138 1167 3139 1168 3140 1171 3141 1112 3142 1168 3143 1167 3144 652 3145 651 3146 1168 3147 651 3148 634 3148 1173 3148 1165 3149 1156 3149 1135 3149 1168 3150 1173 3150 1172 3150 1173 3151 1168 3152 651 3153 1167 3154 1126 3154 1112 3154 1165 3155 1164 3155 1162 3155 1170 3156 1163 3156 1164 3156 1164 3157 679 3157 680 3157 1163 3158 661 3158 679 3158 1168 3159 1112 3159 652 3159 1167 3160 1165 3160 1126 3160 1165 3161 1170 3161 1164 3161 1169 3162 1176 3162 1162 3162 1176 3163 1161 3163 1162 3163 1161 3164 1176 3165 1175 3166 1179 3167 1160 3168 1161 3169 1175 3170 1174 3170 1179 3170 1179 3171 1161 3171 1175 3171 1176 3172 1169 3172 1177 3172 1175 3173 1176 3173 1177 3173 1177 3174 1178 3175 1180 3176 1180 3177 1174 3177 1175 3177 1180 3178 1175 3179 1177 3180 1180 3181 1178 3181 1196 3181 1179 3182 1174 3182 1181 3182 1182 3183 1181 3184 1174 3185 1195 3186 1182 3186 1174 3186 1180 3187 1196 3187 1195 3187 1195 3188 1174 3188 1180 3188 1195 3189 1185 3189 1183 3189 1195 3190 1183 3190 1182 3190 1181 3191 1182 3191 1184 3191 1185 3192 1186 3193 1187 3194 1187 3195 1183 3196 1185 3197 1184 3198 1182 3199 1186 3200 1186 3201 1185 3201 1184 3201 1186 3202 1189 3203 1188 3204 1186 3205 1182 3206 1183 3207 1183 3208 1187 3209 1186 3210 1187 3211 1188 3212 1186 3213 1188 3214 1189 3215 1186 3216 1190 3217 1159 3217 1158 3217 1190 3218 1193 3218 1159 3218 1179 3219 1181 3219 1190 3219 1190 3220 1160 3220 1179 3220 1158 3221 1160 3221 1190 3221 1181 3222 1184 3222 1190 3222 1191 3223 1190 3223 1184 3223 1184 3224 1185 3224 1191 3224 1191 3225 1192 3225 1193 3225 1193 3226 1190 3226 1191 3226 1194 3227 1191 3227 1185 3227 1185 3228 1195 3228 1194 3228 1196 3229 1197 3229 1194 3229 1195 3230 1196 3230 1194 3230 1191 3231 1199 3231 1192 3231 1191 3232 1194 3232 1199 3232 1194 3233 1197 3233 1198 3233 1198 3234 1199 3235 1194 3236 1200 3237 1201 3237 1197 3237 1178 3238 1177 3238 1197 3238 1197 3239 1177 3239 1200 3239 1201 3240 1198 3240 1197 3240 1197 3241 1196 3241 1178 3241 1200 3242 1177 3242 1169 3242 1202 3243 1203 3243 1200 3243 1201 3244 1200 3245 1203 3246 1202 3247 1200 3247 1169 3247 1169 3248 1204 3248 1202 3248 1207 3249 1204 3249 1169 3249 1169 3250 680 3250 1207 3250 1207 3251 1206 3251 1205 3251 1205 3252 1204 3252 1207 3252 1205 3253 1212 3253 1213 3253 1207 3254 1208 3255 1206 3256 1208 3257 1209 3258 1206 3259 1206 3260 1211 3260 1212 3260 1212 3261 1205 3261 1206 3261 1209 3262 1210 3262 1211 3262 1206 3263 1209 3263 1211 3263 1215 3264 1213 3264 1212 3264 1212 3265 1211 3265 1215 3265 1215 3266 1211 3266 1210 3266 1215 3267 1210 3267 1217 3267 1218 3268 1217 3268 1210 3268 1213 3269 1216 3269 1214 3269 1213 3270 1215 3270 1216 3270 1217 3271 1216 3271 1215 3271 1216 3272 1217 3272 1218 3272 1219 3273 1214 3273 1216 3273 1220 3274 1224 3274 1203 3274 1213 3275 1214 3275 1220 3275 1205 3276 1203 3276 1202 3276 1220 3277 1205 3277 1213 3277 1202 3278 1204 3278 1205 3278 1203 3279 1205 3279 1220 3279 1221 3280 1220 3280 1214 3280 1214 3281 1219 3281 1221 3281 1222 3282 1221 3282 1219 3282 1219 3283 1216 3283 1222 3283 1220 3284 1223 3284 1224 3284 1223 3285 1220 3285 1221 3285 1225 3286 1222 3286 1216 3286 1216 3287 1218 3287 1225 3287 1221 3288 1228 3288 1223 3288 1221 3289 1222 3289 1228 3289 1226 3290 1224 3291 1223 3292 1222 3293 1225 3293 1227 3293 1227 3294 1228 3294 1222 3294 1223 3295 1228 3295 1229 3295 1229 3296 1226 3296 1223 3296 1227 3297 1229 3297 1228 3297 1209 3298 1208 3298 1230 3298 1210 3299 1209 3299 1225 3299 1225 3300 1209 3300 1230 3300 1230 3301 1227 3301 1225 3301 1225 3302 1218 3302 1210 3302 1208 3303 1231 3303 1230 3303 1231 3304 1208 3304 1232 3304 1232 3305 1233 3305 1231 3305 1233 3306 1234 3306 1231 3306 1230 3307 1231 3307 1234 3307 1232 3308 1235 3309 1233 3310 1235 3311 1236 3312 1237 3313 1236 3314 1238 3314 1237 3314 1241 3315 1240 3315 1239 3315 1240 3316 1241 3317 1242 3318 1243 3319 1275 3319 1242 3319 1242 3320 1241 3320 1243 3320 1241 3321 683 3321 1243 3321 683 3322 1241 3322 1239 3322 682 3323 1239 3323 1238 3323 682 3324 1238 3325 1236 3326 681 3327 1236 3327 1235 3327 681 3328 682 3328 1236 3328 680 3329 681 3329 1232 3329 680 3330 1208 3331 1207 3332 680 3333 1232 3334 1208 3335 1235 3336 1232 3336 681 3336 682 3337 683 3337 1239 3337 1267 3338 1242 3339 1275 3340 1237 3341 1248 3341 1244 3341 1237 3342 1244 3343 1245 3344 1238 3345 1246 3345 1237 3345 1246 3346 1238 3347 1239 3348 1246 3349 1239 3349 1240 3349 1240 3350 1247 3350 1246 3350 1248 3351 1237 3351 1246 3351 1246 3352 1247 3352 1249 3352 1246 3353 1249 3354 1248 3355 1251 3356 1252 3356 1253 3356 1249 3357 1245 3357 1244 3357 1244 3358 1248 3358 1249 3358 1252 3359 1250 3359 1253 3359 1249 3360 1250 3360 1252 3360 1252 3361 1245 3361 1249 3361 1254 3362 1255 3362 1253 3362 1254 3363 1253 3363 1250 3363 1252 3364 1251 3364 1255 3364 1251 3365 1253 3365 1255 3365 1257 3366 1255 3366 1254 3366 1254 3367 1264 3367 1257 3367 1255 3368 1257 3368 1259 3368 1256 3369 1264 3369 1254 3369 1259 3370 1257 3371 1258 3372 1237 3373 1234 3373 1233 3373 1233 3374 1235 3374 1237 3374 1234 3375 1237 3375 1260 3375 1260 3376 1237 3376 1255 3376 1255 3377 1259 3377 1260 3377 1245 3378 1252 3378 1255 3378 1255 3379 1237 3379 1245 3379 1260 3380 1263 3380 1234 3380 1259 3381 1258 3382 1260 3383 1258 3384 1257 3384 1261 3384 1261 3385 1260 3385 1258 3385 1262 3386 1260 3386 1261 3386 1260 3387 1262 3388 1263 3389 1261 3390 1257 3390 1264 3390 1264 3391 1265 3391 1261 3391 1265 3392 1264 3392 1256 3392 1261 3393 1270 3393 1262 3393 1242 3394 1267 3395 1240 3396 1240 3397 1267 3397 1247 3397 1267 3398 1269 3398 1247 3398 1265 3399 1256 3399 1254 3399 1269 3400 1267 3400 1268 3400 1249 3401 1247 3401 1254 3401 1247 3402 1269 3402 1265 3402 1254 3403 1247 3403 1265 3403 1254 3404 1250 3404 1249 3404 1269 3405 1268 3405 1271 3405 1261 3406 1265 3406 1269 3406 1269 3407 1270 3408 1261 3408 1270 3409 1266 3409 1262 3409 1268 3410 1267 3410 1275 3410 1275 3411 1273 3411 1268 3411 1273 3412 1272 3412 1268 3412 1271 3413 1268 3413 1272 3413 828 3414 1046 3414 1051 3414 1271 3415 1272 3415 1274 3415 1230 3416 1234 3416 1263 3416 1201 3417 1203 3417 1224 3417 1274 3418 1269 3418 1271 3418 1263 3419 1227 3419 1230 3419 1224 3420 1198 3420 1201 3420 1155 3421 1159 3421 1193 3421 1128 3422 1132 3422 1150 3422 1074 3423 1077 3423 1081 3423 1051 3424 829 3424 828 3424 1193 3425 1153 3425 1155 3425 1150 3426 1120 3426 1128 3426 1103 3427 1104 3427 1107 3427 1081 3428 1055 3428 1074 3428 1107 3429 1093 3429 1103 3429 1270 3430 1274 3430 1276 3430 1229 3431 1262 3431 1266 3431 1270 3432 1269 3432 1274 3432 1263 3433 1229 3434 1227 3435 1224 3436 1199 3436 1198 3436 819 3437 829 3437 1051 3438 1193 3439 1154 3439 1153 3439 1154 3440 1193 3440 1192 3440 1150 3441 1127 3442 1120 3443 1127 3444 1150 3445 1149 3446 1199 3447 1224 3447 1226 3447 1107 3448 1100 3448 1093 3448 1100 3449 1107 3450 1106 3451 1057 3452 1055 3452 1081 3452 819 3453 1051 3454 1050 3455 1229 3456 1263 3457 1262 3458 1226 3459 838 3460 1199 3461 838 3462 1226 3462 1229 3462 838 3463 1192 3463 1199 3463 1057 3464 1081 3465 1080 3466 1229 3467 1266 3468 838 3469 1306 3470 1270 3470 1276 3470 1266 3471 1270 3471 1306 3471 838 3472 1149 3472 1154 3472 838 3473 1106 3473 1127 3473 1306 3474 1276 3474 1295 3474 1154 3475 1192 3476 838 3477 1127 3478 1149 3479 838 3480 838 3481 1080 3481 1100 3481 1266 3482 1306 3482 838 3482 1100 3483 1106 3483 838 3483 1057 3484 1080 3484 838 3484 1050 3485 1057 3485 838 3485 830 3486 819 3486 838 3486 819 3487 1050 3487 838 3487 1277 3488 1276 3488 1274 3488 1274 3489 1278 3489 1277 3489 1278 3490 1272 3490 1273 3490 1243 3491 1285 3491 1278 3491 1278 3492 1275 3493 1243 3493 1278 3494 1274 3494 1272 3494 1273 3495 1275 3495 1278 3495 1243 3496 1280 3496 1285 3496 1282 3497 1281 3497 1277 3497 1285 3498 1282 3498 1278 3498 1277 3499 1278 3500 1282 3501 1284 3502 1280 3503 1279 3504 1279 3505 1283 3505 1284 3505 1280 3506 1284 3507 1285 3508 1279 3509 1293 3510 1294 3511 1281 3512 1282 3513 1284 3514 1283 3515 1281 3515 1284 3515 1282 3516 1285 3516 1284 3516 1288 3517 1277 3517 1281 3517 1281 3518 1290 3518 1288 3518 1295 3519 1277 3519 1288 3519 1277 3520 1295 3520 1276 3520 1283 3521 1292 3522 1291 3523 1291 3524 1281 3524 1283 3524 1281 3525 1291 3525 1290 3525 1290 3526 1287 3527 1288 3528 1287 3529 1290 3529 1286 3529 1288 3530 1287 3530 1295 3530 1296 3531 1295 3531 1287 3531 1283 3532 1279 3532 1294 3532 1294 3533 1292 3533 1283 3533 1289 3534 1286 3534 1290 3534 1291 3535 1292 3536 1289 3537 1290 3538 1291 3538 1289 3539 1289 3540 1294 3540 1314 3540 1314 3541 1286 3542 1289 3543 1294 3544 1289 3544 1292 3544 1294 3545 1293 3545 1314 3545 1297 3546 1295 3546 1296 3546 1301 3547 1297 3547 1296 3547 1298 3548 1301 3549 1296 3550 1300 3551 1298 3551 1299 3551 1299 3552 1296 3552 1287 3552 1314 3553 1299 3553 1287 3553 1298 3554 1296 3554 1299 3554 1287 3555 1286 3555 1314 3555 1302 3556 1300 3556 1299 3556 1299 3557 1303 3557 1302 3557 1298 3558 1302 3558 1301 3558 1300 3559 1302 3559 1298 3559 1311 3560 1308 3560 1304 3560 1304 3561 1305 3562 1311 3562 1301 3563 1311 3563 1305 3563 1307 3564 1295 3565 1297 3566 1295 3567 1307 3567 1306 3567 1305 3568 1307 3568 1301 3568 1297 3569 1301 3569 1307 3569 1309 3570 1308 3570 1311 3570 1302 3571 1310 3571 1309 3571 1301 3572 1309 3573 1311 3574 1310 3575 1308 3575 1309 3575 1310 3576 1303 3576 1312 3576 1301 3577 1302 3578 1309 3577 1312 3579 1308 3579 1310 3579 1303 3580 1310 3581 1302 3582 1314 3583 1293 3583 1313 3583 1314 3584 1313 3584 1299 3584 1313 3585 1303 3586 1299 3587 1303 3588 1320 3588 1319 3588 1319 3589 1312 3589 1303 3589 1316 3590 1308 3590 1312 3590 1313 3591 1293 3592 1335 3593 1303 3594 1313 3594 1335 3594 1335 3595 1320 3595 1303 3595 1312 3596 1319 3597 1316 3598 1323 3599 1324 3599 1318 3599 1318 3600 1317 3600 1315 3600 1319 3601 1320 3601 1323 3601 1319 3602 1323 3602 1318 3602 1317 3603 1318 3603 1324 3603 1315 3604 1317 3604 1325 3604 1325 3605 1317 3605 1324 3605 1315 3606 1316 3607 1318 3608 1316 3609 1319 3609 1318 3609 1335 3610 1334 3610 1320 3610 1323 3611 1321 3611 1324 3611 1322 3612 1325 3613 1324 3614 1322 3615 1324 3615 1321 3615 1321 3616 1323 3616 1320 3616 1329 3617 1331 3618 1327 3619 1315 3620 1327 3620 1328 3620 1328 3621 1316 3622 1315 3623 1327 3624 1325 3624 1329 3624 1315 3625 1325 3625 1327 3625 1326 3626 1327 3626 1331 3626 1322 3627 1330 3628 1329 3629 1329 3630 1325 3630 1322 3630 1329 3631 1330 3632 1331 3633 1322 3634 1321 3634 1333 3634 1321 3635 1320 3635 1333 3635 1333 3636 1330 3636 1322 3636 1334 3637 1341 3637 1333 3637 1333 3638 1320 3638 1334 3638 1332 3639 1331 3639 1330 3639 1330 3640 1333 3640 1332 3640 1336 3641 1334 3641 1335 3641 685 3642 1337 3642 1336 3642 1293 3643 1279 3643 691 3643 607 3644 1355 3644 1338 3644 1337 3645 685 3645 607 3645 691 3646 1279 3647 1280 3648 1338 3649 1337 3650 607 3651 1280 3652 683 3652 691 3652 691 3653 687 3653 1293 3653 1336 3654 1293 3654 687 3654 687 3655 685 3655 1336 3656 1336 3657 1335 3658 1293 3659 1280 3660 1243 3660 683 3660 1342 3661 1341 3661 1334 3661 1334 3662 1336 3662 1342 3662 1343 3663 1342 3664 1336 3665 1341 3666 1339 3667 1332 3668 1332 3669 1333 3669 1341 3669 1347 3670 1343 3670 1336 3670 1336 3671 1337 3671 1347 3671 1340 3672 1339 3672 1342 3672 1342 3673 1343 3673 1340 3673 1341 3674 1342 3675 1339 3676 1348 3677 1339 3677 1340 3677 1347 3678 1340 3679 1343 3680 1340 3681 1347 3682 1348 3683 1350 3684 1332 3684 1339 3684 1339 3685 1348 3685 1350 3685 1346 3686 1345 3686 1348 3686 1347 3687 1346 3688 1348 3689 1345 3690 1346 3691 1344 3692 1332 3693 1351 3693 1331 3693 1332 3694 1350 3694 1351 3694 1345 3695 1349 3695 1350 3695 1350 3696 1348 3696 1345 3696 1349 3697 1345 3698 1344 3699 1346 3700 1347 3701 1337 3702 1344 3703 1346 3703 1338 3703 1337 3704 1338 3704 1346 3704 1352 3705 1351 3705 1350 3705 1350 3706 1349 3707 1352 3708 1349 3709 1344 3709 1355 3709 1355 3710 1354 3710 1349 3710 1353 3711 1356 3711 1349 3711 1354 3712 1353 3712 1349 3712 1344 3713 1338 3713 1355 3713 1356 3714 1352 3714 1349 3714 1360 3715 1358 3715 1353 3715 1358 3716 1357 3716 1356 3716 1356 3717 1353 3717 1358 3717 1359 3718 1365 3719 1361 3720 1361 3721 1360 3721 1359 3721 1366 3722 1362 3722 1367 3722 603 3723 602 3723 1368 3723 602 3724 1400 3725 1397 3726 1397 3727 1368 3727 602 3727 603 3728 1368 3728 1367 3728 603 3729 1367 3729 1362 3729 1362 3730 606 3730 603 3730 606 3731 1362 3732 1363 3733 606 3734 1363 3735 1364 3736 1364 3737 607 3737 606 3737 1354 3738 1365 3738 1359 3738 1354 3739 1359 3739 1360 3739 1360 3740 1353 3740 1354 3740 1355 3741 1364 3742 1365 3743 1364 3744 1355 3744 607 3744 1365 3745 1354 3745 1355 3745 1369 3746 1367 3747 1368 3748 1370 3749 1371 3750 1366 3751 1372 3752 1361 3752 1365 3752 1365 3753 1364 3754 1372 3755 1373 3756 1372 3756 1364 3756 1364 3757 1363 3757 1373 3757 1373 3758 1363 3758 1362 3758 1362 3759 1366 3759 1373 3759 1371 3760 1374 3760 1373 3760 1373 3761 1366 3761 1371 3761 1374 3762 1375 3763 1373 3764 1375 3765 1372 3765 1373 3765 1376 3766 1379 3766 1370 3766 1380 3767 1377 3767 1378 3767 1380 3768 1378 3768 1375 3768 1374 3769 1370 3769 1379 3769 1370 3770 1374 3770 1371 3770 1375 3771 1374 3771 1380 3771 1379 3772 1380 3772 1374 3772 1379 3773 1376 3773 1381 3773 1383 3774 1380 3774 1379 3774 1379 3775 1381 3775 1383 3775 1377 3776 1380 3776 1383 3776 1383 3777 1382 3778 1377 3779 1382 3780 1378 3780 1377 3780 1391 3781 1386 3782 1383 3783 1384 3784 1391 3784 1383 3784 1382 3785 1383 3785 1387 3785 1383 3786 1386 3786 1387 3786 1383 3787 1381 3787 1384 3787 1385 3788 1387 3788 1386 3788 1372 3789 1357 3789 1360 3789 1358 3790 1360 3790 1357 3790 1360 3791 1361 3791 1372 3791 1357 3792 1372 3792 1388 3792 1388 3793 1372 3793 1382 3793 1382 3794 1387 3794 1388 3794 1375 3795 1378 3795 1382 3795 1382 3796 1372 3796 1375 3796 1388 3797 1393 3797 1357 3797 1389 3798 1388 3798 1385 3798 1387 3799 1385 3800 1388 3801 1388 3802 1390 3803 1393 3804 1390 3805 1388 3805 1389 3805 1385 3806 1386 3806 1389 3806 1391 3807 1392 3807 1389 3807 1392 3808 1391 3809 1384 3810 1389 3811 1386 3811 1391 3811 1366 3812 1367 3812 1369 3812 1369 3813 1396 3813 1366 3813 1392 3814 1384 3814 1381 3814 1396 3815 1395 3815 1392 3815 1370 3816 1366 3816 1381 3816 1392 3817 1366 3817 1396 3817 1381 3818 1366 3818 1392 3818 1381 3819 1376 3819 1370 3819 1389 3820 1394 3820 1390 3820 1395 3821 1394 3821 1392 3821 1389 3822 1392 3822 1394 3822 1398 3823 1399 3823 1369 3823 1396 3824 1369 3824 1399 3824 1398 3825 1369 3825 1368 3825 1368 3826 1397 3826 1398 3826 1403 3827 1401 3827 1022 3827 1022 3828 1039 3828 1403 3828 1401 3829 1400 3829 602 3829 1401 3830 1017 3830 1022 3831 602 3832 1017 3832 1401 3832 1400 3833 1401 3833 1404 3833 1404 3834 1405 3834 1400 3834 1400 3835 1405 3835 1406 3835 1397 3836 1400 3837 1406 3838 1407 3839 1411 3839 1405 3839 1405 3840 1404 3840 1407 3840 1408 3841 1407 3841 1404 3841 1411 3842 1406 3843 1405 3844 1406 3845 1411 3845 1410 3845 1407 3846 1409 3847 1411 3848 1411 3849 1409 3849 1410 3849 973 3850 968 3850 962 3850 1356 3851 1357 3851 1393 3851 946 3852 944 3852 943 3852 1001 3853 997 3853 996 3853 916 3854 914 3854 913 3854 943 3855 948 3855 946 3855 996 3856 1041 3856 1001 3856 962 3857 995 3857 973 3857 1402 3858 1044 3858 1043 3858 1396 3859 1399 3859 1424 3859 1393 3860 1352 3860 1356 3860 913 3861 939 3861 916 3861 1043 3862 1413 3862 1402 3862 884 3863 882 3863 881 3863 1042 3864 1041 3865 996 3866 1424 3867 1395 3867 1396 3867 881 3868 911 3868 884 3868 1042 3869 996 3869 994 3869 1424 3870 1423 3870 1395 3870 943 3871 949 3871 948 3871 1351 3872 1352 3873 1393 3874 1351 3875 1393 3875 1390 3875 912 3876 881 3876 878 3876 913 3877 941 3877 939 3877 962 3878 991 3879 995 3880 962 3881 952 3881 991 3881 1043 3882 1414 3882 1413 3882 1414 3883 1043 3883 1040 3883 912 3884 911 3885 881 3886 938 3887 942 3888 949 3889 1326 3890 994 3890 991 3890 1326 3891 1040 3891 1042 3891 910 3892 912 3893 941 3894 991 3895 952 3895 1326 3895 1042 3896 994 3896 1326 3896 943 3897 938 3897 949 3897 1326 3898 952 3898 949 3898 1390 3899 1394 3899 1326 3899 913 3900 910 3900 941 3900 1326 3901 942 3901 941 3901 949 3902 942 3903 1326 3904 1326 3905 1423 3905 1414 3905 1423 3906 1394 3907 1395 3908 1394 3909 1423 3909 1326 3909 941 3910 912 3911 1326 3912 1414 3913 1040 3913 1326 3913 1351 3914 1390 3914 1326 3914 1331 3915 1351 3915 1326 3915 859 3916 878 3916 879 3916 859 3917 912 3917 878 3917 912 3918 859 3918 1326 3918 1404 3919 1401 3919 1403 3919 1408 3920 1404 3920 1417 3920 1417 3921 1404 3921 1402 3921 1403 3922 1402 3922 1404 3922 1402 3923 1413 3923 1417 3923 1417 3924 1412 3924 1408 3924 1407 3925 1408 3925 1412 3925 1407 3926 1412 3926 1418 3926 1418 3927 1409 3927 1407 3927 1418 3928 1420 3929 1409 3930 1410 3931 1409 3931 1420 3931 1420 3932 1419 3932 1410 3932 1412 3933 1415 3933 1418 3933 1417 3934 1415 3934 1412 3934 1415 3935 1417 3935 1416 3935 1416 3936 1417 3937 1414 3938 1413 3939 1414 3939 1417 3939 1422 3940 1418 3940 1415 3940 1415 3941 1416 3941 1422 3941 1420 3942 1418 3942 1419 3942 1421 3943 1424 3943 1399 3943 1410 3944 1419 3944 1421 3944 1406 3945 1399 3945 1398 3945 1421 3946 1406 3946 1410 3946 1398 3947 1397 3947 1406 3947 1399 3948 1406 3948 1421 3948 1414 3949 1422 3949 1416 3949 1422 3950 1414 3950 1423 3950 1422 3951 1419 3951 1418 3951 1419 3952 1422 3953 1421 3954 1421 3955 1423 3956 1424 3957 1423 3958 1421 3959 1422 3960 1427 3961 1305 3961 1304 3961 1427 3962 1304 3962 1328 3962 840 3963 1426 3963 841 3963 840 3964 839 3964 1426 3965 1328 3966 1425 3966 1427 3966 1326 3967 1425 3968 1327 3969 839 3970 838 3971 1306 3972 1306 3973 1307 3973 839 3973 1328 3974 1327 3975 1425 3976 1428 3977 1326 3977 859 3977 1326 3978 1428 3978 1429 3978 1429 3979 1425 3979 1326 3979 1305 3980 1427 3980 1307 3980 1430 3981 1431 3981 839 3981 839 3982 1307 3982 1430 3982 839 3983 1431 3984 1426 3985 1432 3986 841 3986 1426 3986 860 3987 1432 3987 859 3987 1432 3988 860 3988 841 3988 1304 3989 1433 3989 1436 3989 1328 3990 1436 3990 1435 3990 1433 3991 1304 3991 1308 3991 1436 3992 1328 3992 1304 3992 1435 3993 1437 3993 1316 3993 1435 3994 1316 3994 1328 3994 1308 3995 1434 3996 1433 3997 1308 3998 1316 3998 1434 3998 1437 3999 1434 4000 1316 4001 1443 4002 1438 4002 1435 4002 1435 4003 1436 4003 1443 4003 1438 4004 1439 4004 1435 4004 1437 4005 1440 4005 1441 4005 1437 4006 1435 4006 1439 4006 1439 4007 1440 4007 1437 4007 1439 4008 1445 4008 1449 4008 1449 4009 1440 4009 1439 4009 1433 4010 1442 4010 1436 4010 1442 4011 1443 4012 1436 4013 1446 4014 1443 4014 1442 4014 1443 4015 1446 4015 1447 4015 1443 4016 1447 4016 1444 4016 1444 4017 1438 4017 1443 4017 1438 4018 1444 4018 1445 4018 1439 4019 1438 4019 1445 4019 1449 4020 1448 4020 1441 4020 1441 4021 1440 4021 1449 4021 1434 4022 1437 4022 1441 4022 1441 4023 1450 4023 1434 4023 1441 4024 1448 4024 1452 4024 1452 4025 1450 4025 1441 4025 1434 4026 1450 4026 1433 4026 1433 4027 1450 4027 1451 4027 1450 4028 1452 4028 1451 4028 1442 4029 1433 4029 1451 4029 1451 4030 1446 4030 1442 4030 1446 4031 1451 4031 1453 4031 1453 4032 1444 4032 1447 4032 1453 4033 1452 4033 1448 4033 1448 4034 1449 4034 1453 4034 1447 4035 1446 4035 1453 4035 1453 4036 1449 4036 1445 4036 1445 4037 1444 4037 1453 4037 1452 4038 1453 4038 1451 4038 1430 4039 1455 4039 1454 4039 1454 4040 1456 4040 1430 4040 1457 4041 1455 4041 1430 4041 1458 4042 1464 4042 1430 4042 1457 4043 1430 4043 1475 4043 1464 4044 1458 4044 1459 4044 1456 4045 1458 4045 1430 4045 1460 4046 1464 4046 1459 4046 1459 4047 1461 4047 1460 4047 1461 4048 1480 4048 1460 4048 1432 4049 1426 4049 1462 4049 1463 4050 1462 4050 1426 4050 1464 4051 1463 4051 1431 4051 1464 4052 1431 4052 1430 4052 1460 4053 1480 4053 1432 4053 1426 4054 1431 4054 1463 4054 1462 4055 1460 4055 1432 4055 1427 4056 1475 4056 1466 4056 1427 4057 1466 4057 1465 4057 1467 4058 1475 4058 1430 4058 1465 4059 1307 4059 1427 4059 1468 4060 1430 4060 1307 4060 1430 4061 1468 4061 1467 4061 1467 4062 1466 4062 1475 4062 1307 4063 1465 4063 1468 4063 1469 4064 1471 4064 1429 4064 1471 4065 1425 4065 1429 4065 1470 4066 1469 4066 1428 4066 1427 4067 1425 4067 1471 4067 1429 4068 1428 4068 1469 4068 1475 4069 1472 4069 1470 4069 1470 4070 1428 4070 1475 4070 1471 4071 1472 4071 1427 4071 1428 4072 1473 4072 1474 4072 1474 4073 1475 4073 1428 4073 1428 4074 1476 4074 1473 4074 1428 4075 1481 4075 1477 4075 1481 4076 1482 4076 1477 4076 1477 4077 1476 4077 1428 4077 859 4078 1478 4078 1481 4078 1478 4079 859 4079 1432 4079 1481 4080 1428 4080 859 4080 1432 4081 1480 4081 1483 4081 1480 4082 1482 4082 1481 4082 1432 4083 1483 4083 1479 4083 1432 4084 1479 4084 1478 4084 1480 4085 1481 4085 1483 4085 1472 4086 1475 4086 1427 4086 1464 4087 1486 4088 1484 4089 1484 4090 1463 4090 1464 4090 1484 4091 1485 4091 1462 4091 1462 4092 1463 4092 1484 4092 1485 4093 1460 4093 1462 4093 1486 4094 1464 4094 1460 4094 1485 4095 1486 4095 1460 4095 1487 4096 1486 4096 1485 4096 1487 4097 1485 4097 1484 4097 1487 4098 1484 4099 1486 4100 1465 4101 1490 4102 1488 4103 1488 4104 1468 4105 1465 4106 1488 4107 1489 4107 1467 4107 1467 4108 1468 4108 1488 4108 1489 4109 1466 4109 1467 4109 1490 4110 1465 4110 1466 4110 1489 4111 1490 4111 1466 4111 1491 4112 1490 4113 1489 4114 1491 4115 1489 4115 1488 4115 1491 4116 1488 4116 1490 4116 1471 4117 1494 4118 1492 4119 1492 4120 1472 4121 1471 4122 1492 4123 1493 4123 1470 4123 1470 4124 1472 4124 1492 4124 1493 4125 1469 4125 1470 4125 1494 4126 1471 4126 1469 4126 1493 4127 1494 4127 1469 4127 1495 4128 1494 4129 1493 4130 1495 4131 1493 4132 1492 4133 1495 4134 1492 4135 1494 4136 1481 4137 1498 4138 1496 4139 1496 4140 1483 4140 1481 4140 1496 4141 1497 4141 1479 4141 1479 4142 1483 4142 1496 4142 1497 4143 1478 4143 1479 4143 1498 4144 1481 4144 1478 4144 1497 4145 1498 4145 1478 4145 1499 4146 1498 4146 1497 4146 1499 4147 1497 4147 1496 4147 1499 4148 1496 4148 1498 4149 1474 4150 1473 4150 1475 4150 1459 4151 1458 4151 1461 4151 1455 4152 1456 4152 1454 4152 1482 4153 1480 4153 1477 4153 1475 4154 1473 4154 1476 4154 1456 4155 1476 4155 1480 4155 1476 4156 1456 4156 1455 4156 1480 4157 1461 4157 1456 4157 1480 4158 1476 4158 1477 4158 1455 4159 1475 4159 1476 4159 1458 4160 1456 4160 1461 4160 1475 4161 1455 4161 1457 4161 1501 4162 1502 4162 1507 4162 1502 4163 1501 4163 1503 4163 1502 4164 1503 4164 1504 4164 1507 4165 1505 4165 1506 4165 1507 4166 1506 4166 1508 4166 1508 4167 1500 4167 1507 4167 1500 4168 1501 4168 1507 4168 1509 4169 1511 4169 1510 4169 1509 4170 1512 4170 1511 4170 1509 4171 1513 4171 1512 4171 1509 4172 1514 4172 1513 4172 1509 4173 1515 4173 1514 4173 1509 4174 1516 4174 1515 4174 1509 4175 1517 4175 1516 4175 1509 4176 1518 4176 1517 4176 1509 4177 1519 4177 1518 4177 1509 4178 1520 4178 1519 4178 1509 4179 1521 4179 1520 4179 1509 4180 1522 4180 1521 4180 1509 4181 1523 4181 1522 4181 1509 4182 1524 4182 1523 4182 1509 4183 1525 4183 1524 4183 1509 4184 1526 4184 1525 4184 1509 4185 1527 4185 1526 4185 1509 4186 1528 4186 1527 4186 1509 4187 1529 4187 1528 4187 1509 4188 1530 4188 1529 4188 1509 4189 1510 4189 1531 4189 1582 4190 1527 4190 1528 4190 1551 4191 1528 4191 1529 4191 1549 4192 1529 4192 1530 4192 1547 4193 1530 4193 1509 4193 1545 4194 1509 4194 1531 4194 1543 4195 1531 4195 1510 4195 1541 4196 1510 4196 1511 4196 1539 4197 1511 4197 1512 4197 1538 4198 1512 4198 1513 4198 1536 4199 1513 4199 1514 4199 1535 4200 1514 4200 1515 4200 1533 4201 1515 4201 1516 4201 1516 4202 1532 4202 1533 4202 1515 4203 1533 4203 1534 4203 1515 4204 1534 4204 1535 4204 1514 4205 1535 4205 1536 4205 1513 4206 1536 4206 1537 4206 1513 4207 1537 4207 1538 4207 1512 4208 1538 4208 1539 4208 1511 4209 1539 4209 1540 4209 1511 4210 1540 4210 1541 4210 1510 4211 1541 4211 1542 4211 1510 4212 1542 4212 1543 4212 1531 4213 1543 4213 1544 4213 1531 4214 1544 4214 1545 4214 1509 4215 1545 4215 1546 4215 1509 4216 1546 4216 1547 4216 1530 4217 1547 4217 1548 4217 1530 4218 1548 4218 1549 4218 1529 4219 1549 4219 1550 4219 1529 4220 1550 4220 1551 4220 1528 4221 1551 4221 1582 4221 1553 4222 1552 4222 1551 4222 1551 4223 1550 4223 1553 4223 1554 4224 1553 4224 1550 4224 1550 4225 1549 4225 1554 4225 1555 4226 1554 4226 1549 4226 1549 4227 1548 4227 1555 4227 1556 4228 1555 4228 1548 4228 1548 4229 1547 4229 1556 4229 1557 4230 1556 4230 1547 4230 1547 4231 1546 4231 1557 4231 1558 4232 1557 4232 1546 4232 1546 4233 1545 4233 1558 4233 1559 4234 1558 4234 1545 4234 1545 4235 1544 4235 1559 4235 1560 4236 1559 4236 1544 4236 1544 4237 1543 4237 1560 4237 1561 4238 1560 4238 1543 4238 1543 4239 1542 4239 1561 4239 1562 4240 1561 4240 1542 4240 1542 4241 1541 4241 1562 4241 1563 4242 1562 4242 1541 4242 1541 4243 1540 4243 1563 4243 1564 4244 1563 4244 1540 4244 1540 4245 1539 4245 1564 4245 1565 4246 1564 4246 1539 4246 1539 4247 1538 4247 1565 4247 1566 4248 1565 4248 1538 4248 1538 4249 1537 4249 1566 4249 1567 4250 1566 4250 1537 4250 1537 4251 1536 4251 1567 4251 1568 4252 1567 4252 1536 4252 1536 4253 1535 4253 1568 4253 1535 4254 1569 4254 1568 4254 1569 4255 1535 4255 1534 4255 1569 4256 1534 4256 1533 4256 1533 4257 1570 4257 1569 4257 1570 4258 1533 4258 1532 4258 1532 4259 1581 4259 1570 4259 1552 4260 1571 4260 1582 4260 1582 4261 1551 4261 1552 4261 1569 4262 1572 4262 1573 4262 1567 4263 1573 4263 1574 4263 1565 4264 1574 4264 1575 4264 1562 4265 1575 4265 1576 4265 1559 4266 1576 4266 1577 4266 1554 4267 1578 4267 1579 4267 1552 4268 1579 4268 1580 4268 1557 4269 1577 4269 1578 4269 1568 4270 1569 4270 1573 4270 1580 4271 1571 4271 1552 4271 1579 4272 1552 4272 1553 4272 1579 4273 1553 4273 1554 4273 1578 4274 1554 4274 1555 4274 1578 4275 1555 4275 1556 4275 1578 4276 1556 4276 1557 4276 1577 4277 1557 4277 1558 4277 1577 4278 1558 4278 1559 4278 1576 4279 1559 4279 1560 4279 1576 4280 1560 4280 1561 4280 1576 4281 1561 4281 1562 4281 1575 4282 1562 4282 1563 4282 1575 4283 1563 4283 1564 4283 1575 4284 1564 4284 1565 4284 1574 4285 1565 4285 1566 4285 1574 4286 1566 4286 1567 4286 1573 4287 1567 4287 1568 4287 1572 4288 1569 4288 1570 4288 1572 4289 1570 4289 1581 4289 1532 4290 1584 4290 1581 4290 1584 4291 1532 4291 1583 4291 1583 4292 1585 4292 1584 4292 1585 4293 1583 4293 1586 4293 1586 4294 1587 4294 1585 4294 1587 4295 1586 4295 1588 4295 1588 4296 1590 4296 1589 4296 1589 4297 1587 4297 1588 4297 1590 4298 1591 4298 1592 4298 1592 4299 1589 4299 1590 4299 1591 4300 1594 4300 1593 4300 1593 4301 1592 4301 1591 4301 1594 4302 1596 4302 1595 4302 1595 4303 1593 4303 1594 4303 1596 4304 1597 4304 1595 4304 1598 4305 1595 4305 1597 4305 1597 4306 1599 4306 1600 4306 1600 4307 1598 4307 1597 4307 1599 4308 1602 4308 1601 4308 1601 4309 1600 4309 1599 4309 1603 4310 1604 4310 1601 4310 1601 4311 1602 4311 1603 4311 1603 4312 1606 4312 1605 4312 1605 4313 1604 4313 1603 4313 1606 4314 1607 4314 1608 4314 1608 4315 1605 4315 1606 4315 1607 4316 1610 4316 1609 4316 1609 4317 1608 4317 1607 4317 1610 4318 1611 4318 1609 4318 1612 4319 1609 4319 1611 4319 1611 4320 1613 4320 1614 4320 1614 4321 1612 4321 1611 4321 1613 4322 1616 4322 1615 4322 1615 4323 1614 4323 1613 4323 1616 4324 1617 4324 1618 4324 1618 4325 1615 4325 1616 4325 1627 4326 1580 4326 1619 4326 1615 4327 1619 4327 1620 4327 1609 4328 1620 4328 1621 4328 1608 4329 1621 4329 1622 4329 1601 4330 1622 4330 1623 4330 1587 4331 1625 4331 1626 4331 1584 4332 1626 4332 1572 4332 1620 4333 1609 4333 1612 4333 1593 4334 1624 4334 1625 4334 1624 4335 1595 4335 1598 4335 1598 4336 1623 4336 1624 4336 1585 4337 1587 4337 1626 4337 1584 4338 1585 4339 1626 4339 1581 4340 1584 4340 1572 4340 1625 4341 1587 4341 1589 4341 1625 4342 1589 4342 1592 4342 1625 4343 1592 4343 1593 4343 1624 4344 1593 4344 1595 4344 1623 4345 1598 4345 1600 4345 1623 4346 1600 4346 1601 4346 1601 4347 1604 4347 1622 4347 1622 4348 1604 4348 1605 4348 1622 4349 1605 4349 1608 4349 1621 4350 1608 4350 1609 4350 1620 4351 1612 4351 1614 4351 1620 4352 1614 4352 1615 4352 1619 4353 1615 4353 1618 4353 1619 4354 1618 4354 1627 4354 1580 4355 1627 4355 1571 4355 1532 4356 1516 4356 1517 4356 1586 4357 1517 4357 1518 4357 1590 4358 1518 4358 1519 4358 1594 4359 1519 4359 1520 4359 1596 4360 1520 4360 1521 4360 1599 4361 1521 4361 1522 4361 1603 4362 1522 4362 1523 4362 1607 4363 1523 4363 1524 4363 1610 4364 1524 4364 1525 4364 1613 4365 1525 4365 1526 4365 1617 4366 1526 4366 1527 4366 1527 4367 1582 4367 1628 4367 1527 4368 1628 4368 1617 4368 1526 4369 1617 4369 1616 4369 1526 4370 1616 4370 1613 4370 1525 4371 1613 4371 1611 4371 1525 4372 1611 4372 1610 4372 1524 4373 1610 4373 1607 4373 1523 4374 1607 4374 1606 4374 1523 4375 1606 4375 1603 4375 1522 4376 1603 4376 1602 4376 1522 4377 1602 4377 1599 4377 1521 4378 1599 4378 1597 4378 1521 4379 1597 4379 1596 4379 1520 4380 1596 4380 1594 4380 1519 4381 1594 4381 1591 4381 1519 4382 1591 4382 1590 4382 1518 4383 1590 4383 1588 4383 1518 4384 1588 4384 1586 4384 1517 4385 1586 4385 1583 4385 1517 4386 1583 4386 1532 4386 1617 4387 1628 4387 1627 4387 1627 4388 1618 4388 1617 4388 1628 4389 1582 4389 1571 4389 1571 4390 1627 4390 1628 4390 1572 4391 1629 4391 1637 4391 1574 4392 1636 4392 1632 4392 1622 4393 1633 4393 1630 4393 1635 4394 1579 4394 1578 4394 1578 4395 1631 4395 1635 4395 1576 4396 1634 4396 1638 4396 1632 4397 1575 4397 1574 4397 1631 4398 1578 4398 1577 4398 1577 4399 1638 4399 1631 4399 1634 4400 1576 4400 1575 4400 1573 4401 1637 4401 1636 4401 1638 4402 1577 4402 1576 4402 1575 4403 1632 4403 1634 4403 1633 4404 1622 4404 1621 4404 1620 4405 1640 4405 1633 4405 1640 4406 1620 4406 1619 4406 1619 4407 1642 4407 1640 4407 1637 4408 1573 4408 1572 4408 1639 4409 1626 4409 1625 4409 1625 4410 1643 4410 1639 4410 1624 4411 1641 4411 1643 4411 1623 4412 1630 4412 1641 4412 1633 4413 1621 4413 1620 4413 1636 4414 1574 4414 1573 4414 1641 4415 1624 4415 1623 4415 1630 4416 1623 4416 1622 4416 1642 4417 1619 4417 1580 4417 1580 4418 1635 4418 1642 4418 1635 4419 1580 4419 1579 4419 1643 4420 1625 4420 1624 4420 1572 4421 1639 4421 1629 4421 1639 4422 1572 4422 1626 4422 1643 4423 1641 4423 1644 4423 1647 4424 1646 4424 1649 4424 1647 4425 1651 4425 1646 4425 1647 4426 1649 4426 1648 4426 1650 4427 1651 4427 1647 4427 1647 4428 1648 4429 1645 4430 1650 4431 1652 4431 1657 4431 1652 4432 1647 4432 1645 4433 1645 4434 1653 4434 1652 4434 1653 4435 1645 4435 1648 4435 1648 4436 1654 4437 1653 4438 1650 4439 1647 4439 1652 4439 1651 4440 1650 4440 1657 4440 1649 4441 1655 4441 1654 4441 1646 4442 1656 4443 1655 4444 1657 4445 1656 4445 1651 4445 1646 4446 1651 4446 1656 4446 1649 4447 1646 4447 1655 4448 1648 4449 1649 4449 1654 4449 1659 4450 1694 4450 1696 4450 1660 4451 1661 4451 1662 4451 1661 4452 1658 4452 1662 4452 1662 4453 1659 4453 1660 4453 1664 4454 1665 4454 1663 4454 1663 4455 1660 4455 1659 4455 1664 4456 1666 4456 1665 4456 1660 4457 1665 4457 1666 4457 1663 4458 1659 4458 1664 4458 1666 4459 1661 4459 1660 4459 1652 4460 1666 4460 1664 4460 1666 4461 1652 4461 1653 4461 1664 4462 1657 4462 1652 4462 1666 4463 1670 4463 1669 4463 1668 4464 1661 4464 1666 4464 1666 4465 1669 4465 1668 4465 1658 4466 1661 4466 1671 4466 1674 4467 1672 4467 1673 4467 1674 4468 1698 4468 1672 4468 1666 4469 1678 4469 1677 4469 1673 4470 1675 4470 1674 4470 1675 4471 1673 4471 1676 4471 1667 4472 1677 4472 1680 4472 1698 4473 1674 4473 1678 4473 1676 4474 1667 4474 1680 4474 1677 4475 1667 4475 1666 4475 1679 4476 1675 4476 1676 4476 1676 4477 1680 4477 1679 4477 1678 4478 1666 4478 1698 4478 1682 4479 1683 4479 1681 4479 1685 4480 1681 4480 1683 4480 1666 4481 1688 4481 1686 4481 1667 4482 1684 4482 1689 4482 1687 4483 1667 4483 1682 4483 1683 4484 1686 4484 1685 4484 1666 4485 1689 4485 1688 4485 1667 4486 1687 4486 1684 4486 1686 4487 1683 4487 1666 4487 1689 4488 1666 4488 1667 4488 1682 4489 1681 4489 1687 4489 1666 4490 1683 4490 1690 4490 1666 4491 1690 4491 1691 4491 1691 4492 1670 4492 1666 4492 1670 4493 1693 4493 1692 4493 1692 4494 1669 4494 1670 4494 1693 4495 1670 4495 1694 4495 1694 4496 1658 4496 1695 4496 1694 4497 1695 4497 1693 4497 1655 4498 1656 4498 1697 4498 1696 4499 1697 4499 1656 4499 1655 4500 1697 4500 1698 4500 1698 4501 1666 4501 1654 4501 1666 4502 1653 4502 1654 4502 1654 4503 1655 4503 1698 4503 1656 4504 1657 4504 1696 4504 1657 4505 1664 4505 1696 4505 1671 4506 1695 4506 1658 4506 1696 4507 1664 4507 1659 4507 1694 4508 1659 4508 1658 4508 1667 4509 1676 4509 1682 4509 1700 4510 1665 4510 1660 4510 1665 4511 1700 4511 1701 4511 1699 4512 1700 4512 1660 4512 1663 4513 1665 4513 1701 4513 1702 4514 1660 4514 1663 4514 1660 4515 1702 4515 1699 4515 1701 4516 1702 4517 1663 4518 1700 4519 1699 4519 1702 4519 1701 4520 1700 4520 1702 4520 1662 4521 1658 4521 1703 4521 1662 4522 1704 4522 1705 4522 1703 4523 1704 4524 1662 4525 1706 4526 1703 4526 1658 4526 1659 4527 1662 4527 1705 4527 1659 4528 1705 4529 1706 4530 1706 4531 1658 4531 1659 4531 1703 4532 1705 4532 1704 4532 1703 4533 1706 4533 1705 4533 1707 4534 1661 4534 1668 4534 1661 4535 1707 4535 1708 4535 1708 4536 1671 4537 1661 4538 1671 4539 1708 4539 1709 4539 1695 4540 1671 4540 1710 4540 1709 4541 1710 4541 1671 4541 1712 4542 1684 4542 1687 4542 1713 4543 1689 4544 1684 4545 1688 4546 1689 4546 1714 4546 1713 4547 1714 4548 1689 4549 1712 4550 1713 4551 1684 4552 1711 4553 1712 4553 1687 4553 1714 4554 1686 4554 1688 4554 1685 4555 1716 4556 1717 4557 1717 4558 1681 4558 1685 4558 1681 4559 1717 4559 1711 4559 1711 4560 1687 4560 1681 4560 1715 4561 1716 4561 1685 4561 1715 4562 1685 4563 1686 4564 1714 4565 1715 4565 1686 4565 1716 4566 1711 4566 1717 4566 1712 4567 1711 4567 1716 4567 1716 4568 1714 4568 1713 4568 1714 4569 1716 4569 1715 4569 1713 4570 1712 4570 1716 4570 1719 4571 1675 4571 1679 4571 1720 4572 1674 4573 1675 4574 1674 4575 1720 4575 1721 4575 1678 4576 1674 4576 1721 4576 1678 4577 1721 4577 1722 4577 1719 4578 1720 4579 1675 4580 1718 4581 1719 4581 1679 4581 1722 4582 1677 4582 1678 4582 1677 4583 1722 4584 1723 4585 1677 4586 1724 4587 1725 4588 1725 4589 1680 4589 1677 4589 1680 4590 1725 4590 1718 4590 1718 4591 1679 4592 1680 4591 1723 4593 1724 4593 1677 4593 1724 4594 1722 4594 1721 4594 1724 4595 1718 4595 1725 4595 1724 4596 1720 4596 1719 4596 1724 4597 1719 4597 1718 4597 1724 4598 1723 4598 1722 4598 1721 4599 1720 4599 1724 4599 1710 4600 1693 4600 1695 4600 1692 4601 1727 4602 1728 4602 1728 4603 1669 4603 1692 4603 1669 4604 1728 4604 1707 4604 1707 4605 1668 4605 1669 4605 1726 4606 1727 4606 1692 4606 1726 4607 1692 4608 1693 4609 1710 4610 1726 4610 1693 4610 1708 4611 1727 4611 1726 4611 1728 4612 1727 4612 1708 4612 1708 4613 1707 4614 1728 4615 1709 4616 1708 4616 1710 4616 1726 4617 1710 4617 1708 4617 1736 4618 1730 4618 1731 4618 1694 4619 1734 4619 1733 4619 1736 4620 1729 4620 1730 4620 1732 4621 1731 4621 1694 4621 1694 4622 1733 4622 1732 4622 1732 4623 1735 4623 1731 4623 1731 4624 1735 4624 1736 4624 1734 4625 1729 4625 1736 4625 1736 4626 1733 4626 1734 4626 1741 4627 1739 4627 1738 4627 1737 4628 1740 4628 1741 4628 1731 4629 1738 4629 1739 4629 1738 4630 1737 4630 1741 4630 1739 4631 1742 4631 1731 4631 1743 4632 1741 4632 1740 4632 1694 4633 1731 4633 1742 4633 1743 4634 1740 4634 1694 4634 1742 4635 1743 4635 1694 4635 1740 4636 1697 4636 1696 4636 1698 4637 1697 4637 1740 4637 1698 4638 1740 4638 1746 4638 1750 4639 1748 4639 1747 4639 1746 4640 1749 4640 1673 4640 1696 4641 1694 4641 1740 4641 1745 4642 1744 4642 1746 4642 1744 4643 1745 4643 1748 4643 1749 4644 1676 4644 1673 4644 1748 4645 1750 4645 1744 4645 1749 4646 1682 4646 1676 4646 1746 4647 1740 4647 1745 4647 1672 4648 1698 4648 1746 4648 1673 4649 1672 4649 1746 4649 1749 4650 1750 4650 1747 4650 1749 4651 1747 4651 1682 4651 1670 4652 1691 4652 1734 4652 1752 4653 1734 4653 1690 4653 1694 4654 1670 4654 1734 4654 1751 4655 1752 4655 1683 4655 1747 4656 1754 4656 1753 4656 1734 4657 1691 4657 1690 4657 1682 4658 1747 4658 1751 4658 1755 4659 1753 4659 1754 4659 1752 4660 1690 4660 1683 4660 1747 4661 1753 4661 1751 4661 1755 4662 1756 4662 1734 4662 1752 4663 1755 4663 1734 4663 1683 4664 1682 4664 1751 4664 1757 4665 1756 4665 1755 4665 1754 4666 1757 4666 1755 4666 1740 4667 1737 4667 1745 4667 1748 4668 1758 4668 1759 4668 1759 4669 1747 4670 1748 4671 1758 4672 1748 4673 1745 4672 1745 4674 1737 4674 1761 4674 1761 4675 1758 4675 1745 4675 1738 4676 1760 4676 1761 4676 1761 4677 1737 4677 1738 4677 1760 4678 1766 4678 1762 4678 1766 4679 1767 4679 1762 4679 1759 4680 1836 4680 1764 4680 1764 4681 1763 4681 1759 4681 1766 4682 1760 4682 1738 4682 1738 4683 1731 4683 1766 4683 1766 4684 1765 4684 1767 4684 1768 4685 1765 4685 1770 4685 1770 4686 1769 4686 1768 4686 1729 4687 1765 4688 1766 4689 1766 4690 1731 4690 1730 4690 1766 4691 1730 4691 1729 4691 1756 4692 1729 4693 1734 4694 1769 4695 1770 4695 1763 4695 1770 4696 1765 4696 1729 4696 1729 4697 1756 4697 1770 4697 1757 4698 1763 4698 1770 4698 1770 4699 1756 4700 1757 4701 1763 4702 1757 4702 1754 4702 1759 4703 1763 4703 1754 4703 1754 4704 1747 4704 1759 4704 1735 4705 1775 4705 1771 4706 1736 4707 1735 4707 1771 4707 1736 4708 1771 4708 1772 4708 1733 4709 1736 4709 1773 4710 1772 4711 1773 4711 1736 4711 1774 4712 1732 4712 1733 4712 1732 4713 1774 4713 1775 4713 1735 4714 1732 4715 1775 4716 1773 4717 1774 4717 1733 4717 1776 4718 1741 4718 1743 4718 1741 4719 1777 4719 1778 4719 1739 4720 1741 4721 1778 4722 1776 4723 1777 4723 1741 4723 1739 4724 1778 4724 1779 4724 1742 4725 1739 4725 1779 4725 1742 4726 1779 4726 1780 4726 1743 4727 1742 4727 1776 4728 1780 4729 1776 4729 1742 4729 1781 4730 1751 4731 1753 4732 1782 4733 1783 4733 1752 4733 1752 4734 1751 4734 1782 4734 1781 4735 1782 4735 1751 4735 1755 4736 1752 4737 1783 4738 1755 4739 1783 4739 1784 4739 1753 4740 1755 4741 1785 4742 1785 4743 1781 4743 1753 4743 1784 4744 1785 4744 1755 4744 1746 4745 1790 4745 1786 4745 1749 4746 1746 4746 1786 4746 1749 4747 1786 4747 1787 4747 1750 4748 1749 4749 1788 4750 1787 4751 1788 4751 1749 4751 1789 4752 1744 4752 1750 4752 1744 4753 1789 4753 1790 4753 1746 4754 1744 4754 1790 4754 1788 4755 1789 4755 1750 4755 1794 4756 1772 4756 1771 4756 1772 4757 1794 4757 1792 4757 1773 4758 1792 4758 1791 4758 1793 4759 1771 4759 1775 4759 1773 4760 1772 4760 1792 4760 1795 4761 1775 4761 1774 4761 1793 4762 1794 4762 1771 4762 1775 4763 1795 4763 1793 4763 1774 4764 1773 4764 1796 4764 1796 4765 1795 4765 1774 4765 1791 4766 1796 4766 1773 4766 1791 4767 1802 4767 1797 4767 1796 4768 1791 4768 1797 4768 1797 4769 1798 4769 1796 4769 1795 4770 1798 4770 1799 4770 1793 4771 1795 4771 1799 4771 1799 4772 1800 4773 1793 4773 1795 4774 1796 4774 1798 4774 1800 4775 1794 4775 1793 4775 1794 4776 1800 4776 1801 4776 1801 4777 1792 4777 1794 4777 1792 4778 1801 4778 1802 4778 1802 4779 1791 4779 1792 4779 1800 4780 1799 4780 1767 4780 1804 4781 1780 4781 1779 4781 1806 4782 1804 4782 1779 4782 1780 4783 1804 4783 1805 4783 1776 4784 1805 4784 1803 4784 1806 4785 1779 4785 1778 4785 1776 4786 1780 4786 1805 4786 1806 4787 1778 4787 1777 4787 1807 4788 1806 4788 1777 4788 1777 4789 1776 4789 1808 4789 1808 4790 1807 4790 1777 4790 1803 4791 1808 4791 1776 4791 1804 4792 1806 4792 1809 4792 1804 4793 1809 4793 1810 4793 1810 4794 1805 4794 1804 4794 1805 4795 1810 4795 1811 4795 1811 4796 1803 4796 1805 4796 1803 4797 1811 4797 1812 4797 1808 4798 1803 4798 1812 4798 1812 4799 1813 4799 1808 4799 1807 4800 1813 4800 1814 4800 1814 4801 1815 4801 1807 4801 1815 4802 1809 4802 1806 4802 1806 4803 1807 4803 1815 4803 1807 4804 1808 4805 1813 4806 1819 4807 1784 4807 1783 4807 1784 4808 1819 4808 1817 4808 1785 4809 1817 4809 1816 4809 1818 4810 1783 4810 1782 4810 1781 4811 1785 4811 1816 4811 1785 4812 1784 4812 1817 4812 1818 4813 1819 4813 1783 4813 1782 4814 1820 4814 1818 4814 1821 4815 1782 4815 1781 4815 1821 4816 1820 4816 1782 4816 1816 4817 1821 4817 1781 4817 1822 4818 1819 4818 1818 4818 1819 4819 1822 4819 1823 4819 1819 4820 1823 4820 1824 4820 1824 4821 1817 4821 1819 4822 1817 4823 1824 4824 1825 4825 1825 4826 1816 4826 1817 4826 1816 4827 1825 4827 1826 4827 1821 4828 1816 4829 1826 4830 1826 4831 1827 4831 1821 4831 1820 4832 1827 4832 1828 4832 1828 4833 1829 4833 1820 4833 1818 4834 1820 4834 1829 4834 1829 4835 1822 4835 1818 4835 1820 4836 1821 4836 1827 4836 1830 4837 1787 4837 1786 4837 1788 4838 1832 4838 1831 4838 1833 4839 1786 4839 1790 4839 1790 4840 1834 4840 1833 4840 1833 4841 1830 4841 1786 4841 1788 4842 1787 4842 1832 4842 1834 4843 1790 4843 1789 4843 1787 4844 1830 4844 1832 4844 1835 4845 1834 4845 1789 4845 1789 4846 1788 4846 1831 4846 1831 4847 1835 4847 1789 4847 1831 4848 1842 4848 1836 4848 1836 4849 1837 4850 1831 4851 1835 4852 1837 4852 1838 4852 1838 4853 1839 4853 1835 4853 1834 4854 1835 4854 1839 4854 1835 4855 1831 4856 1837 4857 1839 4858 1833 4858 1834 4858 1840 4859 1830 4859 1833 4859 1841 4860 1832 4860 1830 4860 1841 4861 1842 4862 1832 4863 1831 4864 1832 4864 1842 4864 1840 4865 1841 4865 1830 4865 1839 4866 1840 4866 1833 4866 1844 4867 1798 4867 1849 4867 1849 4868 1846 4868 1844 4868 1847 4869 1798 4869 1848 4869 1798 4870 1847 4870 1849 4870 1844 4871 1846 4871 1850 4871 1761 4872 1845 4872 1852 4872 1853 4873 1852 4873 1854 4873 1850 4874 1855 4874 1857 4874 1853 4875 1854 4875 1856 4875 1857 4876 1845 4876 1850 4876 1850 4877 1856 4877 1855 4877 1856 4878 1850 4878 1853 4878 1852 4879 1858 4879 1854 4879 1859 4880 1852 4880 1845 4880 1857 4881 1859 4881 1845 4881 1859 4882 1858 4882 1852 4882 1850 4883 1848 4883 1860 4883 1862 4884 1853 4884 1860 4884 1860 4885 1863 4885 1864 4885 1863 4886 1866 4886 1864 4886 1860 4887 1865 4887 1862 4887 1863 4888 1868 4888 1866 4888 1860 4889 1864 4889 1865 4889 1853 4890 1862 4890 1867 4890 1853 4891 1867 4891 1868 4891 1868 4892 1863 4892 1853 4892 1861 4893 1879 4893 1764 4893 1853 4894 1863 4894 1869 4894 1863 4895 1871 4895 1869 4895 1853 4896 1869 4896 1764 4896 1768 4897 1870 4897 1851 4897 1768 4898 1871 4898 1870 4898 1871 4899 1860 4899 1872 4899 1873 4900 1848 4900 1851 4900 1874 4901 1860 4901 1848 4901 1873 4902 1874 4902 1848 4902 1874 4903 1872 4903 1860 4903 1875 4904 1876 4904 1852 4904 1876 4905 1861 4905 1852 4905 1852 4906 1877 4906 1875 4906 1878 4907 1877 4907 1853 4907 1853 4908 1879 4908 1878 4908 1877 4909 1852 4909 1853 4909 1881 4910 1880 4910 1811 4910 1811 4911 1843 4911 1881 4911 1845 4912 1811 4912 1880 4912 1845 4913 1880 4913 1882 4913 1850 4914 1845 4914 1882 4914 1882 4915 1844 4915 1850 4915 1762 4916 1811 4916 1810 4916 1813 4917 1845 4917 1761 4917 1811 4918 1845 4918 1812 4918 1761 4919 1814 4919 1813 4919 1814 4920 1761 4920 1760 4920 1760 4921 1815 4921 1814 4921 1813 4922 1812 4922 1845 4922 1760 4923 1762 4923 1809 4923 1809 4924 1815 4924 1760 4924 1810 4925 1809 4925 1762 4925 1801 4926 1800 4926 1765 4926 1768 4927 1802 4927 1801 4927 1797 4928 1768 4928 1798 4928 1799 4929 1798 4929 1762 4929 1762 4930 1767 4930 1799 4930 1801 4931 1765 4931 1768 4931 1767 4932 1765 4932 1800 4932 1797 4933 1802 4933 1768 4933 1828 4934 1827 4934 1871 4934 1871 4935 1768 4935 1829 4935 1824 4936 1769 4936 1763 4936 1829 4937 1828 4937 1871 4937 1822 4938 1829 4938 1768 4938 1769 4939 1824 4939 1823 4939 1869 4940 1871 4940 1827 4940 1768 4941 1769 4941 1822 4941 1869 4942 1826 4942 1825 4942 1825 4943 1763 4943 1869 4943 1769 4944 1823 4944 1822 4944 1827 4945 1826 4945 1869 4945 1763 4946 1825 4946 1824 4946 1759 4947 1758 4947 1837 4947 1838 4948 1837 4948 1852 4948 1840 4949 1861 4949 1764 4949 1837 4950 1836 4950 1759 4950 1839 4951 1838 4951 1852 4951 1839 4952 1852 4952 1861 4952 1861 4953 1840 4953 1839 4953 1764 4954 1841 4954 1840 4954 1758 4955 1852 4955 1837 4955 1842 4956 1841 4956 1764 4956 1842 4957 1764 4957 1836 4957 1763 4958 1764 4958 1869 4958 1853 4959 1764 4959 1879 4959 1871 4960 1863 4960 1860 4960 1860 4961 1853 4961 1850 4961 1852 4962 1758 4962 1761 4962 1768 4963 1851 4963 1798 4963 1851 4964 1848 4964 1798 4964 1798 4965 1844 4965 1762 4965 1844 4966 1843 4966 1762 4966 1843 4967 1811 4967 1762 4967 1886 4968 1871 4968 1872 4968 1872 4969 1884 4969 1886 4969 1885 4970 1886 4970 1884 4970 1884 4971 1883 4971 1885 4971 1883 4972 1874 4972 1873 4972 1883 4973 1884 4974 1874 4975 1884 4976 1872 4977 1874 4978 1883 4979 1873 4979 1851 4979 1851 4980 1885 4980 1883 4980 1886 4981 1870 4982 1871 4983 1886 4984 1885 4984 1870 4984 1851 4985 1870 4985 1885 4985 1887 4986 1856 4986 1854 4986 1888 4987 1889 4987 1857 4987 1889 4988 1890 4989 1859 4990 1890 4991 1858 4992 1859 4993 1858 4994 1890 4994 1891 4994 1854 4995 1858 4995 1891 4995 1859 4996 1857 4996 1889 4996 1891 4997 1892 4997 1887 4997 1892 4998 1855 4998 1856 4998 1892 4999 1888 4999 1855 4999 1888 5000 1857 5000 1855 5000 1856 5001 1887 5001 1892 5001 1887 5002 1854 5002 1891 5002 1892 5003 1889 5003 1888 5003 1892 5004 1891 5004 1890 5004 1892 5005 1890 5005 1889 5005 1893 5006 1862 5006 1865 5006 1894 5007 1867 5007 1862 5008 1862 5009 1893 5010 1894 5010 1894 5011 1895 5011 1868 5011 1894 5012 1868 5013 1867 5014 1895 5015 1866 5015 1868 5015 1896 5016 1864 5016 1866 5016 1865 5017 1896 5018 1893 5019 1865 5020 1864 5021 1896 5022 1895 5023 1896 5024 1866 5025 1897 5026 1893 5027 1896 5028 1896 5029 1895 5030 1897 5031 1897 5032 1895 5033 1894 5034 1894 5035 1893 5036 1897 5037 1898 5038 1875 5038 1877 5038 1899 5039 1876 5039 1875 5040 1875 5041 1898 5042 1899 5043 1899 5044 1900 5044 1861 5044 1879 5045 1861 5045 1900 5045 1899 5046 1861 5047 1876 5048 1900 5049 1901 5049 1879 5049 1901 5050 1878 5050 1879 5050 1878 5051 1901 5052 1902 5053 1877 5054 1902 5055 1898 5056 1877 5057 1878 5058 1902 5059 1903 5060 1898 5061 1902 5062 1903 5063 1902 5064 1901 5065 1903 5066 1901 5067 1900 5068 1903 5069 1900 5070 1899 5071 1899 5072 1898 5073 1903 5074 1847 5075 1848 5076 1904 5077 1905 5078 1849 5078 1847 5079 1849 5080 1905 5081 1906 5082 1904 5083 1905 5084 1847 5085 1906 5086 1846 5086 1849 5086 1907 5087 1850 5088 1846 5089 1846 5090 1906 5091 1907 5091 1907 5092 1904 5092 1848 5092 1907 5093 1848 5094 1850 5095 1908 5096 1904 5097 1907 5098 1907 5099 1906 5100 1908 5101 1908 5102 1906 5103 1905 5104 1905 5105 1904 5106 1908 5107 1909 5108 1881 5108 1843 5108 1910 5109 1880 5110 1881 5111 1881 5112 1909 5113 1910 5114 1910 5115 1911 5115 1882 5115 1910 5116 1882 5117 1880 5118 1844 5119 1882 5119 1911 5119 1912 5120 1843 5120 1844 5121 1843 5122 1912 5123 1909 5124 1911 5125 1912 5126 1844 5127 1913 5128 1909 5129 1912 5130 1912 5131 1911 5132 1913 5133 1913 5134 1911 5135 1910 5136 1910 5137 1909 5138 1913 5139 1914 5140 1916 5140 1917 5140 1916 5141 1919 5141 1920 5141 1920 5142 1917 5142 1916 5142 1919 5143 1918 5143 1920 5143 1916 5144 1914 5144 1915 5144 1919 5145 1922 5145 1923 5145 1921 5146 1922 5146 1919 5146 1915 5147 1921 5147 1916 5147 1923 5148 1918 5148 1919 5148 1919 5149 1916 5149 1921 5149 1923 5150 1924 5150 1920 5150 1920 5151 1918 5151 1923 5151 1923 5152 1922 5152 1924 5152 1917 5153 1920 5153 1924 5153 1924 5154 1925 5154 1917 5154 1921 5155 1915 5155 1925 5155 1917 5156 1925 5156 1915 5156 1915 5157 1914 5157 1917 5157 1921 5158 1925 5158 1924 5158 1924 5159 1922 5159 1921 5159 1926 5160 1927 5161 1928 5162 1928 5163 1927 5164 1926 5165 1929 5166 1930 5167 1931 5167 1931 5168 1930 5169 1929 5170 1933 5171 1934 5172 1932 5173 1934 5174 1933 5175 1932 5176 1936 5177 1937 5178 1935 5179 1937 5180 1936 5181 1935 5182 1636 5183 1950 5183 1949 5183 1637 5184 1951 5184 1950 5184 1632 5185 1947 5185 1946 5185 1629 5186 1952 5186 1951 5186 1631 5187 1941 5187 1940 5187 1634 5188 1946 5188 1945 5188 1638 5189 1942 5189 1941 5189 1635 5190 1938 5190 1965 5190 1641 5191 1958 5191 1957 5191 1639 5192 1952 5192 1629 5192 1644 5193 1956 5193 1955 5193 1633 5194 1961 5195 1960 5196 1644 5197 1957 5197 1956 5197 1630 5198 1959 5198 1958 5198 1640 5199 1962 5199 1633 5199 1644 5200 1954 5200 1643 5200 1636 5201 1948 5201 1632 5201 1639 5202 1954 5202 1953 5202 1639 5203 1953 5203 1952 5203 1636 5204 1637 5204 1950 5204 1632 5205 1948 5205 1947 5205 1638 5206 1944 5206 1943 5206 1636 5207 1949 5207 1948 5207 1638 5208 1943 5208 1942 5208 1642 5209 1965 5209 1964 5209 1640 5210 1963 5210 1962 5210 1637 5211 1629 5211 1951 5211 1634 5212 1945 5212 1944 5212 1635 5213 1631 5214 1939 5215 1634 5216 1632 5216 1946 5216 1638 5217 1634 5217 1944 5217 1631 5218 1638 5218 1941 5218 1631 5219 1940 5220 1939 5221 1642 5222 1635 5223 1965 5224 1641 5225 1630 5226 1958 5227 1635 5228 1939 5229 1938 5230 1630 5231 1633 5231 1959 5231 1640 5232 1964 5232 1963 5232 1633 5233 1962 5233 1961 5233 1633 5234 1960 5234 1959 5234 1640 5235 1642 5235 1964 5235 1644 5236 1641 5236 1957 5236 1644 5237 1955 5237 1954 5237 1639 5238 1643 5238 1954 5238</p>
        </triangles>
      </mesh>
    </geometry>
  </library_geometries>
  <library_visual_scenes>
    <visual_scene id="Scene" name="Scene">
      <node id="power_plug" name="power_plug" type="NODE">
        <matrix sid="transform">1 0 0 0 0 1 0 0 0 0 1 0 0 0 0 1</matrix>
        <instance_geometry url="#shape0_003-mesh" name="power_plug">
          <bind_material>
            <technique_common>
              <instance_material symbol="blank_metal-material" target="#blank_metal-material"/>
            </technique_common>
          </bind_material>
        </instance_geometry>
      </node>
      <node id="sensor_dome" name="sensor_dome" type="NODE">
        <matrix sid="transform">1 0 0 0 0 1 0 0 0 0 1 0 0 0 0 1</matrix>
        <instance_geometry url="#shape0_002-mesh" name="sensor_dome">
          <bind_material>
            <technique_common>
              <instance_material symbol="green_glass-material" target="#green_glass-material"/>
            </technique_common>
          </bind_material>
        </instance_geometry>
      </node>
      <node id="base" name="base" type="NODE">
        <matrix sid="transform">1 0 0 0 0 1 0 0 0 0 1 0 0 0 0 1</matrix>
        <instance_geometry url="#shape0-mesh" name="base">
          <bind_material>
            <technique_common>
              <instance_material symbol="silver_metal-material" target="#silver_metal-material"/>
            </technique_common>
          </bind_material>
        </instance_geometry>
      </node>
    </visual_scene>
  </library_visual_scenes>
  <scene>
    <instance_visual_scene url="#Scene"/>
  </scene>
</COLLADA>